sedalea,sedaleaname,year,fips,stateabb,multi_comp,subcat,subgroup,gap,gradecenter,tot_asmts,cellcount,mn_asmts,flag_estasmt,cs_mn_avg_ol,cs_mn_avg_ol_se,cs_mn_avg_ol_se_adj,cs_mn_avg_eb,cs_mn_avg_eb_se,cs_mn_avg_eb_se_adj,sedaleaname_cov,gslo,gshi,urban,suburb,town,rural,locale_city_large,locale_city_midsize,locale_city_small,locale_suburb_large,locale_suburb_midsize,locale_suburb_small,locale_town_fringe,locale_town_distant,locale_town_remote,locale_rural_fringe,locale_rural_distant,locale_rural_remote,avgrdall,pernam,perasn,perhsp,perblk,perwht,perfl,perrl,perfrl,perecd,perell,perspeced,totenrl,diffexpecd_blkwht,diffexpecd_hspwht,diffexpecd_namwht,diffexpecd_asnwht,hswhtblk,hswhthsp,hsflnfl,hsecdnec,rswhtblk,rswhthsp,rsflnfl,rsecdnec,diffexpmin2_blkwht,diffexpmin2_hspwht,diffexpmin2_namwht,diffexpmin2_asnwht,sesall,sesasn,sesblk,seshsp,sesnam,seswht,lninc50all,lninc50asn,lninc50blk,lninc50hsp,lninc50nam,lninc50wht,baplusall,baplusasn,baplusblk,baplushsp,baplusnam,bapluswht,povertyall,povertyasn,povertyblk,povertyhsp,povertynam,povertywht,unempall,unempasn,unempblk,unemphsp,unempnam,unempwht,snapall,snapasn,snapblk,snaphsp,snapnam,snapwht,single_momall,single_momasn,single_momblk,single_momhsp,single_momnam,single_momwht,seswhtblk,seswhthsp,seswhtasn,seswhtnam,urbanicity
101110,Dallas County,2018,1,AL,0,all,all,0,5.5,2799,12,233.25,0,-0.7370199424357936,0.021427029165092,0.0246334414041129,-0.7237421117274047,0.0191031578056708,0.0225974290430445,Dallas County,Pre-Kindergarten,12,0,0,0,1,0,0,0,0,0,0,0,0,0,0.29757786,0.50487572,0.19754639,232,0,0.0021551724,0.0086206896,0.74784482,0.23563218,0.82772434,0.045865465,0.87358981,0.73142856,0.0034998409,0.14953865,1392,0.15131588,0.055146921,NA,-0.014333069,0.35252613,0.18308394,0.13144907,0.082587965,0.31960791,0.087275587,0.11583671,0.092661291,0.31836501,0.22864805,NA,-0.0044885278,-1.2219731,NA,-2.3641117,NA,NA,0.50676668,10.451492,NA,10.237461,NA,NA,10.887524,0.12911043,NA,0.10274399,NA,NA,0.16449645,0.21522775,NA,0.27739722,NA,NA,0.12071504,0.082177699,NA,0.13592015,NA,NA,0.029974183,0.24105076,NA,0.33748925,NA,NA,0.10625549,0.28507659,NA,0.42224529,NA,NA,0.12008339,2.7911878,NA,NA,NA,Rural
101620,Gadsden City,2018,1,AL,0,all,all,0,5.5,4319,12,359.9166666666667,0,-0.3402652771393973,0.0174161133024724,0.0212369927045407,-0.3455583634946998,0.015935490909306,0.0199913239113283,Gadsden City,Pre-Kindergarten,12,1,0,0,0,0,0,1,0,0,0,0,0,0,0,0,0,367.16666,0.0022696324,0.010440309,0.14480254,0.47208351,0.35315478,0.65674615,0.06519413,0.72194028,0.76492363,0.069038458,0.1551923,2203,0.14350967,0.18617891,-0.10180557,-0.13714722,0.17651582,0.2348433,0.12857099,0.23063545,0.22340752,0.25602716,0.15934266,0.25286919,0.21664327,0.23743054,0.062752016,-0.043205056,-1.4064555,NA,-2.3828597,-1.8323689,NA,-0.72777283,10.31137,NA,10.117667,10.201364,NA,10.380086,0.160722,NA,0.1204393,0.060961399,NA,0.19164248,0.26491627,NA,0.33833739,0.39066193,NA,0.18963046,0.085157625,NA,0.086418755,0.060412336,NA,0.074706689,0.22322692,NA,0.29371813,0.2217848,NA,0.17625351,0.31385872,NA,0.51916814,0.22586982,NA,0.18086566,1.6824226,1.3258808,NA,NA,City
101760,Homewood City,2018,1,AL,0,all,all,0,5.5,3972,12,331,0,0.5911180780994549,0.0233734085102769,0.0263439761986767,0.5946014895777605,0.0203135948171923,0.0236295428564357,Homewood City,Pre-Kindergarten,12,0,1,0,0,0,0,0,1,0,0,0,0,0,0,0,0,335.5,9.9354202e-4,0.019374069,0.13859911,0.16840537,0.63089913,0.19811307,0.033024829,0.2311379,0.25754526,0.056927782,0.068454482,2013,0.053059667,0.028880572,-0.041044384,0.047563586,0.06040277,0.019476429,0.012781198,0.032013711,0.062952876,0.020131318,0.013132126,0.038228586,0.062394783,0.034517702,-0.038031131,0.056413192,1.3641396,NA,-2.2497153,-0.17402288,NA,2.0081763,11.156401,NA,10.11869,10.539014,NA,11.358244,0.66252291,NA,0.2665396,0.42516306,NA,0.72159761,0.099126115,NA,0.36751375,0.2070646,NA,0.054283615,0.033534758,NA,0.10884005,0.005720512,NA,0.024400096,0.039488621,NA,0.18934913,0.11576882,NA,0.012456798,0.17485435,NA,0.475326,0.2200959,NA,0.097203366,3.6146176,1.6473341,NA,NA,Suburb
103150,Talladega City,2018,1,AL,0,all,all,0,5.5,1851,12,154.25,0,-0.6383560876977667,0.024867280519457,0.027677978556996,-0.6497432195170837,0.0211478395654604,0.0243504472134194,Talladega City,Pre-Kindergarten,12,0,0,0.26686507,0.73313493,0,0,0,0,0,0,0,0.26686507,0,0.73313493,0,0,155,0,0.0053763441,0.026881721,0.66021508,0.29247311,0.74901932,0.078471437,0.82749075,0.86717063,0.01140873,0.11359127,930,0.060651254,0.081255473,NA,0.073987566,0.10289776,0.32907653,0.026597727,0.082271405,0.12937985,0.2095027,0.032470554,0.064748526,0.13003415,0.19528607,NA,0.19132212,-2.2491674,NA,-3.4102943,NA,NA,-0.55684847,10.227642,NA,9.9372568,NA,NA,10.447783,0.14005187,NA,0.11666439,NA,NA,0.17593971,0.2685633,NA,0.33003104,NA,NA,0.16570614,0.11635145,NA,0.17275414,NA,NA,0.065402962,0.23234785,NA,0.3401632,NA,NA,0.12033352,0.39599976,NA,0.6279853,NA,NA,0.15448169,2.6213951,NA,NA,NA,Rural
103580,Winston County,2018,1,AL,0,all,all,0,5.5,2074,12,172.8333333333333,0,-0.2055496260470515,0.022003784030692,0.0251367334440555,-0.2207473496317109,0.0194093191761237,0.022856833378395,Winston County,Pre-Kindergarten,12,0,0,0,1,0,0,0,0,0,0,0,0,0,0,0.24832496,0.75167507,173.33333,0.0038461538,0,0.011538462,0.0086538466,0.9721154,0.44888175,0.12058503,0.56946677,0.61234331,0.0012562814,0.13944724,1040,0.050689865,-0.01686818,-0.01539129,NA,0.16932008,0.18557769,0.011924595,0.017589139,0.015231728,0.020899769,0.016166041,0.023483736,0.015864452,0.019081047,0.029982576,NA,-0.15106656,NA,NA,NA,NA,-0.081014343,10.53249,NA,NA,NA,NA,10.545648,0.1475687,NA,NA,NA,NA,0.14980534,0.14889069,NA,NA,NA,NA,0.13987455,0.072825089,NA,NA,NA,NA,0.063875854,0.12542731,NA,NA,NA,NA,0.11850418,0.12300128,NA,NA,NA,NA,0.12019273,NA,NA,NA,NA,Rural
401260,Bonita Elementary District (4224),2018,4,AZ,0,all,all,0,5.5,50,5,10,0,0.0168177655404778,0.1311417914348603,0.1317036235768138,0.0169935638318085,0.054375374153101,0.0556764508000011,Bonita Elementary District (4224),Pre-Kindergarten,8,0,0,0,1,0,0,0,0,0,0,0,0,0,0,0,1,9,0,0,0.42592594,0.018518519,0.55555558,0.33720931,0.19767441,0.53488374,0.50877196,0,0.12790698,54,0,0,NA,NA,-7.6520301e-10,1.5129659e-9,3.2439758e-9,8.8880414e-10,0,0,0,0,0,0,NA,NA,0.31071755,NA,NA,NA,NA,NA,10.750287,NA,NA,NA,NA,NA,0.19613431,NA,NA,NA,NA,NA,0.13179116,NA,NA,NA,NA,NA,0.054018062,NA,NA,NA,NA,NA,0.05906098,NA,NA,NA,NA,NA,0.11758344,NA,NA,NA,NA,NA,NA,NA,NA,NA,Rural
402920,Florence Unified School District (4437),2018,4,AZ,0,all,all,0,5.5,11681,11,1061.909090909091,0,-0.2402610869189253,0.0111425555770069,0.0164873147390758,-0.2339469134877062,0.0105920474107081,0.0159805296453498,Florence Unified School District (4437),Pre-Kindergarten,12,0,0.42585489,0.060800668,0.51334447,0,0,0,0.42585489,0,0,0.060800668,0,0,0.51334447,0,0,1023.8333,0.018557709,0.014976396,0.32606217,0.069510013,0.53328991,0.38959426,0.10273761,0.49233186,0.49449661,0.065069757,0.32290155,6143,0.091227017,0.07817068,0.1165349,-0.0103137,0.074697495,0.050258692,0.13186067,0.17916858,0.049910881,0.064232424,0.14151554,0.20425804,0.053497087,0.062768117,0.075755604,0.0092660831,0.18546814,1.1384834,-0.18229386,-0.055587396,NA,0.38181219,10.883183,11.04637,11.020898,10.860734,NA,10.893997,0.15715426,0.29074737,0.11631773,0.095790915,NA,0.19415781,0.10966031,0.089142501,0.081680149,0.11381558,NA,0.098160163,0.075381666,0.025775276,0.10039514,0.065180548,NA,0.067235634,0.10624329,0.054144476,0.17395684,0.16639502,NA,0.079725288,0.15424456,0.090118222,0.26128569,0.15778233,NA,0.14122847,0.7632041,0.4927071,-0.44917822,NA,Rural
407520,Santa Cruz Valley Unified District (4458),2018,4,AZ,0,all,all,0,5.5,2902,11,263.8181818181818,0,-0.3286971289363336,0.0212014358779698,0.0244371824441019,-0.32493473578357007,0.0190313218824406,0.0224805932303459,Santa Cruz Valley Unified District (4458),Pre-Kindergarten,12,0,0,0.86565351,0.1343465,0,0,0,0,0,0,0,0,0.86565351,0.11854103,0.015805472,0,255.83333,0,0.0039087948,0.96482086,0.0013029316,0.026710099,0.64634132,0.10861281,0.75495416,0.52499998,0.18844984,0.11367781,1535,0.058833897,-0.0049409769,NA,-0.018946972,NA,0.073425047,0.019512298,0.012290865,NA,0.029869286,0.025435483,0.015794864,0.058786422,0.028913707,NA,0.019397533,-0.17044622,NA,NA,-0.58041978,NA,0.98400009,10.735263,NA,NA,10.694405,NA,10.77568,0.24834307,NA,NA,0.17184253,NA,0.44405735,0.15822926,NA,NA,0.17494297,NA,0.10085872,0.069047675,NA,NA,0.076920561,NA,0.038706075,0.16538797,NA,NA,0.2070508,NA,0.077354245,0.1801886,NA,NA,0.214662,NA,0.08302933,NA,1.4771521,NA,NA,Town
407750,Deer Valley Unified District (4246),2018,4,AZ,0,all,all,0,5.5,34901,11,3172.818181818182,0,0.3456141415494947,0.0058255349418305,0.0134763444552722,0.3488294021678012,0.0057369547926663,0.013270211365623,Deer Valley Unified District (4246),Pre-Kindergarten,12,0.47032461,0.49215069,0,0.037524689,0.47032461,0,0,0.49215069,0,0,0,0,0,0.037524689,0,0,3117.8333,0.0093547869,0.043352757,0.18896669,0.035334367,0.68498421,0.21472964,0.056419365,0.27114901,0.26405966,0.06668444,0.30452242,18707,0.14496322,0.14437786,0.20718548,0.0076988465,0.12548038,0.099451818,0.16087395,0.16043347,0.059692457,0.11415815,0.18524744,0.19397169,0.1202189,0.11993736,0.14836873,-0.023384055,1.1131641,1.7751026,0.51480204,0.54449117,-0.28633741,1.1698166,11.188096,11.278529,10.96961,11.029158,11.184525,11.200494,0.37006319,0.65544772,0.43066192,0.25215101,0.18878351,0.36260208,0.073230565,0.06619858,0.1068233,0.10961544,0.18156287,0.065602668,0.046191424,0.044771507,0.071627326,0.048724957,0.097479165,0.043700062,0.052302182,0.016769027,0.070639655,0.10339032,0.16435134,0.046631608,0.12844959,0.067041442,0.26509562,0.15708987,0.22693816,0.12500113,0.6670109,0.6272077,-0.59260386,1.3463446,City
409090,Wellton Elementary District (4504),2018,4,AZ,0,all,all,0,5.5,144,6,24,0,-0.5962153564339733,0.1040517051613366,0.1047589249157339,-0.5090278688970592,0.0489305899419036,0.0503724973716604,Wellton Elementary District (4504),Pre-Kindergarten,12,0,0,0,1,0,0,0,0,0,0,0,0,0,0,1,0,21.833334,0,0,0.80916029,0,0.14503817,0.68837208,0.10697675,0.79534882,0.80158728,0.10676824,0.17738061,131,NA,0,NA,NA,NA,1.0226785e-8,-2.3943661e-8,3.5883236e-9,NA,0,0,0,NA,0,NA,NA,-0.12288701,NA,NA,-0.99430901,NA,1.0181028,10.746101,NA,NA,10.762359,NA,10.793425,0.12932998,NA,NA,0.058284763,NA,0.18813957,0.1783587,NA,NA,0.27427366,NA,0.0924071,0.056568258,NA,NA,0.063643076,NA,0.020182401,0.15235718,NA,NA,0.20395109,NA,0.063426808,0.12009168,NA,NA,0.19735214,NA,0.009043701,NA,1.5308492,NA,NA,Rural
500048,East Poinsett County School District,2018,5,AR,0,all,all,0,5.5,614,12,51.16666666666666,0,-0.2417661101210656,0.0435097304011826,0.0449735706471685,-0.2144648340488466,0.0310131506425428,0.0329937509438018,East Poinsett County School District,Pre-Kindergarten,12,0,0,0,1,0,0,0,0,0,0,0,0,0,0,1,0,50,0,0.0033333334,0.063333333,0.12666667,0.75,0.5602181,0.12916505,0.68938321,0.75895768,0.025367156,0.1682243,300,0.0083571775,0.017244518,NA,0,0.008330211,0.048245285,0.0040899138,0.0051878192,0.0071447175,0.026310401,0.0054224855,0.0062682484,0.014253248,0.031403672,NA,0,-0.88440353,NA,NA,NA,NA,-0.52226996,10.509093,NA,NA,NA,NA,10.555728,0.076570727,NA,NA,NA,NA,0.078832589,0.17860925,NA,NA,NA,NA,0.14317179,0.054477833,NA,NA,NA,NA,0.045880761,0.22634603,NA,NA,NA,NA,0.1821906,0.25609425,NA,NA,NA,NA,0.19657741,NA,NA,NA,NA,Rural
502730,Barton School District,2018,5,AR,0,all,all,0,5.5,662,12,55.16666666666666,0,-0.3462874241503409,0.0434492049598103,0.0449150178538523,-0.3490958293214882,0.0309139929919401,0.0329005630843955,Barton School District,Pre-Kindergarten,12,0,0,0,1,0,0,0,0,0,0,0,0,0,0,1,0,56,0.0029761905,0.0029761905,0.020833334,0.34523809,0.62797618,0.72096455,0.08265923,0.80362374,0.9879154,0,0.12998714,336,0,0,0,0,-1.0402455e-8,-3.8015076e-9,-8.8786427e-9,-4.5260133e-9,0,0,0,0,0,0,0,0,-0.68495589,NA,-2.8659196,NA,NA,0.54460973,10.552223,NA,10.066617,NA,NA,10.889116,0.12769608,NA,0.056913577,NA,NA,0.16544782,0.13966945,NA,0.27234879,NA,NA,0.096957892,0.060218319,NA,0.15152431,NA,NA,0.0058021829,0.18527652,NA,0.32005605,NA,NA,0.089972481000000007,0.22486603,NA,0.43489176,NA,NA,0.13879594,2.8166382,NA,NA,NA,Rural
504050,Cave City School District,2018,5,AR,0,all,all,0,5.5,1114,12,92.83333333333331,0,-0.1223782585336998,0.0351128367123081,0.0369112004567377,-0.1223676061767741,0.0274387040841762,0.0296589711619192,Cave City School District,Pre-Kindergarten,12,0,0,0,1,0,0,0,0,0,0,0,0,0,0,1,0,95.5,0.0034904014,0,0.043630019,0.010471204,0.93193716,0.57252222,0.14001571,0.71253794,0.77917415,0.0088638198,0.15149073,573,0,0,0,NA,-6.7371142e-10,1.0186063e-8,-1.0028813e-8,5.3099427e-9,0,0,0,0,0,0,0,NA,-0.36442479,NA,NA,NA,NA,-0.33939239,10.458439,NA,NA,NA,NA,10.479944,0.098223232,NA,NA,NA,NA,0.10022344,0.18544893,NA,NA,NA,NA,0.17043942,0.046081662,NA,NA,NA,NA,0.044474188,0.15194671,NA,NA,NA,NA,0.14917959,0.16394617,NA,NA,NA,NA,0.15292183,NA,NA,NA,NA,Rural
505170,Dermott School District,2018,5,AR,0,all,all,0,5.5,316,12,26.33333333333333,0,-0.9258129742734572,0.0633430318989189,0.0643573236494474,-0.9016507901722748,0.0362671775576592,0.037974731816872,Dermott School District,Pre-Kindergarten,12,0,0,1,0,0,0,0,0,0,0,0,0,1,0,0,0,24.833334,0,0,0.020134227,0.95973152,0.013422819,0.98405534,0.007146731,0.99120206,1,0.0083333338,0.17222223,149,0,0,NA,NA,-4.8348959e-8,0,2.9355895e-9,NA,0,0,0,NA,0,0,NA,NA,-1.1712724,NA,-2.386317,NA,NA,0.58585781,10.318787,NA,10.051648,NA,NA,10.647163,0.10119192,NA,0.094900958,NA,NA,0.10256019,0.21731393,NA,0.34925562,NA,NA,0.097349472,0.05815943,NA,0.080812655,NA,NA,0.045418948,0.23117754,NA,0.3642047,NA,NA,0.0090109678,0.24019566,NA,0.3869102,NA,NA,0.082779862,2.6301947,NA,NA,NA,Town
505850,England School District,2018,5,AR,0,all,all,0,5.5,658,12,54.83333333333334,0,-0.5067059636493174,0.0444726503968403,0.0459057953911251,-0.4893565803901902,0.0310187742391287,0.0329990370141707,England School District,Pre-Kindergarten,12,0,0,1,0,0,0,0,0,0,0,0,1,0,0,0,0,54.666668,0.0060975607,0,0.079268292,0.36890244,0.51219511,0.71182215,0.083327711,0.79514986,0.99696046,0.036211699,0.14763232,328,0,0,0,NA,-8.9274659e-9,-8.4721954e-9,1.6547911e-8,2.0715603e-8,0,0,0,0,0,0,0,NA,-0.82197535,NA,NA,NA,NA,-0.0238526,10.595846,NA,NA,NA,NA,10.833442,0.15822923,NA,NA,NA,NA,0.21013664,0.18894903,NA,NA,NA,NA,0.13575576,0.06121698,NA,NA,NA,NA,0.047974274,0.20652601,NA,NA,NA,NA,0.14023694,0.25566933,NA,NA,NA,NA,0.16237347,NA,NA,NA,NA,Town
506360,Fouke School District,2018,5,AR,0,all,all,0,5.5,984,12,82,0,-0.2052222471947954,0.0332016811299342,0.0350981060318942,-0.1843180545585588,0.0264390386196617,0.0287366464935722,Fouke School District,Pre-Kindergarten,12,0,0,0,1,0,0,0,0,0,0,0,0,0,0,1,0,80.666664,0.010330578,0.0020661156,0.016528925,0.0041322312,0.95661157,0.44962397,0.1716785,0.62130243,0.61585367,0,0.09589041,484,0,0,0,0,-7.5630835e-9,-4.4758175e-9,-3.858907e-9,-9.8464508e-9,0,0,0,0,0,0,0,0,0.39459345,NA,NA,NA,NA,0.43833438,10.624393,NA,NA,NA,NA,10.62884,0.16125897,NA,NA,NA,NA,0.15505354,0.12076384,NA,NA,NA,NA,0.11301266,0.04799604,NA,NA,NA,NA,0.045748487,0.067131497,NA,NA,NA,NA,0.067382522,0.11538849,NA,NA,NA,NA,0.098779507,NA,NA,NA,NA,Rural
507530,Hazen School District,2018,5,AR,0,all,all,0,5.5,550,12,45.83333333333334,0,-0.3717070977906241,0.047747633587746,0.0490852516587408,-0.368355109299273,0.0323454852533963,0.0342491241470822,Hazen School District,Pre-Kindergarten,12,0,0,0,1,0,0,0,0,0,0,0,0,0,0,1,0,45.5,0,0,0.025641026,0.17948718,0.78021979,0.61180466,0.13922389,0.75102854,0.72000003,0,0.15472312,273,0,0,NA,NA,-2.5039419e-8,-7.5893407e-9,-3.293916e-9,-3.2506897e-9,0,0,0,0,0,0,NA,NA,-0.40232521,NA,NA,NA,NA,0.059973542,10.539542,NA,NA,NA,NA,10.638853,0.1766078,NA,NA,NA,NA,0.19953722,0.17769828,NA,NA,NA,NA,0.13801074,0.061868336,NA,NA,NA,NA,0.049438134,0.1167902,NA,NA,NA,NA,0.088760272,0.21136154,NA,NA,NA,NA,0.15448004,NA,NA,NA,NA,Rural
509540,Mayflower School District,2018,5,AR,0,all,all,0,5.5,932,12,77.66666666666667,0,-0.2049538733562538,0.0338051865375729,0.0356695395822874,-0.221036715680052,0.0266970034256569,0.0289741622911536,Mayflower School District,Pre-Kindergarten,12,0,0.3631579,0,0.63684213,0,0,0,0,0,0.3631579,0,0,0,0.63684213,0,0,78.833336,0.0042283298,0.0021141649,0.048625793,0.099365748,0.79704016,0.51802164,0.10502309,0.62304473,0.61802578,0.0043859649,0.14122806,473,0,0,0,0,-1.2195145e-8,-2.4814759e-10,-2.7078297e-9,-2.020905e-9,0,0,0,0,0,0,0,0,0.30902153,NA,NA,NA,NA,0.55063576,10.896067,NA,NA,NA,NA,10.969077,0.20067437,NA,NA,NA,NA,0.20871297,0.14106224,NA,NA,NA,NA,0.10739812,0.051496666,NA,NA,NA,NA,0.047529306,0.12826404,NA,NA,NA,NA,0.10585047,0.12254484,NA,NA,NA,NA,0.11154877,NA,NA,NA,NA,Rural
600036,Natomas Unified,2018,6,CA,0,all,all,0,5.5,13418,12,1118.166666666667,0,-0.2720333585546604,0.0104868797372994,0.015962615802545,-0.2685941390845918,0.0097676461051842,0.0154363151692118,Natomas Unified,Kindergarten,12,1,0,0,0,1,0,0,0,0,0,0,0,0,0,0,0,1122,0.0072786692,0.20365418,0.31639928,0.16473559,0.18256091,0.44672075,0.065065324,0.51178604,0.54377604,0.15707666,0.15099904,6732,0.16146839,0.11533847,0.14411335,0.019200429,0.14960679,0.074779339,0.10990544,0.13635693,0.19441597,0.092486262,0.14468138,0.17494528,0.12217509,0.094164088,0.091766007,-0.0036453654,0.74409670000000006,1.1510072,-0.19628039,0.46912304,NA,1.1763446,11.143067,11.175877,10.98107,11.036362,NA,11.258371,0.4097597,0.54130667,0.34388369,0.26027489,NA,0.45681262,0.10712371,0.10388389,0.11418128,0.118765,NA,0.088377178,0.055352438,0.058266882,0.10324936,0.046300177,NA,0.035807569,0.090382874,0.054504436,0.13589108,0.10410549,NA,0.075683981,0.18507846,0.11564544,0.33794728,0.1862998,NA,0.13877307,1.3793498,0.71746624,0.0025960435,NA,City
606100,Browns Elementary,2018,6,CA,0,all,all,0,5.5,142,9,15.77777777777778,0,-0.3045016530742381,0.0705377343942695,0.0715569872906314,-0.2220418067132278,0.0321471870879586,0.0342974423716308,Browns Elementary,Kindergarten,8,0,0,0,1,0,0,0,0,0,0,0,0,0,1,0,0,17.833334,0,0.028037382,0.42990655,0.0093457941,0.44859812,0.47651008,0.067114092,0.54362416,0.56862748,0.10738255,0.147651,107,0,0,NA,0,-5.3419217e-8,9.4820587e-9,4.1644128e-8,1.8579399e-9,0,0,0,0,0,0,NA,0,0.98216206,NA,NA,NA,NA,1.0101233,11.215061,NA,NA,NA,NA,11.277697,0.21431156,NA,NA,NA,NA,0.22907741,0.079798877,NA,NA,NA,NA,0.074395999,0.049437176,NA,NA,NA,NA,0.042527273,0.056550622,NA,NA,NA,NA,0.068026371,0.12392415,NA,NA,NA,NA,0.12562563,NA,NA,NA,NA,Rural
606720,Buttonwillow Union Elementary,2018,6,CA,0,all,all,0,5.5,474,12,39.5,0,-0.8514627237392156,0.0481601731932055,0.0496410388553123,-0.7957576063899049,0.0272446437889492,0.0297513618302398,Buttonwillow Union Elementary,Kindergarten,8,0,0,0,1,0,0,0,0,0,0,0,0,0,0,1,0,39.333332,0.0042372881,0.0042372881,0.89406782,0.012711864,0.080508478,0.54069769,0.068266094,0.60896379,0.70886075,0.65697676,0.11627907,236,0,0,0,0,-6.5596768e-9,2.3154292e-9,-1.4165955e-8,1.2026528e-8,0,0,0,0,0,0,0,0,-0.91686255,NA,NA,-1.3976023,NA,0.59942639,10.464865,NA,NA,10.29212,NA,10.883887,0.046157863,NA,NA,0.017937068,NA,0.10969512,0.22423194,NA,NA,0.32150131,NA,0.095484555,0.061073236,NA,NA,0.066339478,NA,0.036277492,0.14299519,NA,NA,0.1916934,NA,0.05264321,0.17833856,NA,NA,0.18348171,NA,0.14480869,NA,1.3701121,NA,NA,Rural
608640,Cienega Union Elementary,2018,6,CA,0,all,all,0,5.5,46,10,4.6,0,-0.3470325117550933,0.1393891482707634,0.1399077021192326,-0.2627166428889993,0.0362346651418413,0.0381552601027498,Cienega Union Elementary,Kindergarten,8,0,0,0,1,0,0,0,0,0,0,0,0,0,0,1,0,3.8333333,0,0,0.43478259,0,0.56521738,0.33333334,0.078591615,0.41192496,0.39130434,0.23333333,0.16666667,23,NA,0,NA,NA,NA,1.7782646e-9,8.3767899e-9,1.4627044e-8,NA,0,0,0,NA,0,NA,NA,NA,NA,NA,NA,NA,NA,NA,NA,NA,NA,NA,NA,NA,NA,NA,NA,NA,NA,NA,NA,NA,NA,NA,NA,NA,NA,NA,NA,NA,NA,NA,NA,NA,NA,NA,NA,NA,NA,NA,NA,NA,NA,NA,NA,NA,NA,Rural
609510,Columbine Elementary,2018,6,CA,0,all,all,0,5.5,240,12,20,0,0.3071691734342165,0.0610590908729295,0.0622337772826279,0.2637689777312251,0.0304562689908617,0.0327178427835767,Columbine Elementary,Kindergarten,8,0,0,0,1,0,0,0,0,0,0,0,0,0,1,0,0,21.5,0,0.054263566,0.82945734,0.007751938,0.069767445,0.55000001,0.07,0.62,0.64999998,0.064999998,0.025,129,0,0,NA,0,0,4.9384186e-9,4.2444035e-9,-1.4639258e-8,0,0,0,0,0,0,NA,0,NA,NA,NA,NA,NA,NA,NA,NA,NA,NA,NA,NA,NA,NA,NA,NA,NA,NA,NA,NA,NA,NA,NA,NA,NA,NA,NA,NA,NA,NA,NA,NA,NA,NA,NA,NA,NA,NA,NA,NA,NA,NA,NA,NA,NA,NA,Rural
610290,Cupertino Union,2018,6,CA,0,all,all,0,5.5,23787,12,1982.25,0,1.170165462057136,0.0122420014490619,0.0171667427345409,1.17262337333774,0.0115463447987306,0.0166189949689593,Cupertino Union,Kindergarten,12,0.95711046,0.042889547,0,0,0.19863908,0.22688845,0.53158295,0.042889547,0,0,0,0,0,0,0,0,2032.1666,9.8417129e-4,0.7481342,0.049044535,0.0067251702,0.15246452,0.056235302,0.0072770165,0.063512318,0.066863157,0.31657258,0.20367625,12193,0.015899241,0.023501171,-0.018341288,-0.020881619,0.19993795,0.065529928,0.045125745,0.065268077,0.078955442,0.072591372,0.022997152,0.038398083,0.014518327,0.02126172,-0.0043116049,-0.027384179,NA,NA,NA,NA,NA,NA,NA,NA,NA,NA,NA,NA,NA,NA,NA,NA,NA,NA,NA,NA,NA,NA,NA,NA,NA,NA,NA,NA,NA,NA,NA,NA,NA,NA,NA,NA,NA,NA,NA,NA,NA,NA,NA,NA,NA,NA,City
611550,Ducor Union Elementary,2018,6,CA,0,all,all,0,5.5,163,9,18.11111111111111,0,-0.975383275852443,0.0981323702954093,0.0988675505736356,-0.829502330050949,0.0339790374326832,0.0360201041144915,Ducor Union Elementary,Kindergarten,8,0,0,0,1,0,0,0,0,0,0,0,0,0,0,1,0,19.5,0,0,0.98290598,0,0.017094018,0.8766135,0.049063481,0.925677,0.97142857,0.56470591,0.023529412,117,NA,0,NA,NA,NA,-4.3142865e-8,-1.0255492e-8,5.5773568e-9,NA,0,0,0,NA,0,NA,NA,-0.99079955,NA,NA,-1.6181695,NA,NA,10.257502,NA,NA,10.016834,NA,NA,0.088827834,NA,NA,0.0028727984,NA,NA,0.19708954,NA,NA,0.30914691,NA,NA,0.058183644,NA,NA,0.058857728,NA,NA,0.15157802,NA,NA,0.20149946,NA,NA,0.16073909,NA,NA,0.19767484,NA,NA,NA,NA,NA,NA,Rural
612330,Elk Grove Unified,2018,6,CA,0,all,all,0,5.5,59187,12,4932.25,0,-0.0106614757854798,0.0048527362963355,0.0129761129078338,-0.0098639730855588,0.0047711516299068,0.0128699962487439,Elk Grove Unified,Kindergarten,12,0.15235764,0.75536394,0,0.092278428,0.1297792,0,0.022578431,0.75536394,0,0,0,0,0,0.092278428,0,0,4960.8335,0.0066185119,0.29252478,0.26541239,0.12907778,0.19835377,0.46503684,0.091869868,0.5569067,0.58299583,0.76119888,0.60732418,29765,0.21514176,0.20266323,0.15863225,0.13581383,0.25607675,0.16841647,0.14867543,0.19278394,0.30198088,0.20490508,0.19337112,0.23631833,0.16742884,0.1332833,0.09806259,0.055578295,0.37835565,0.65992349,-0.89348859,-0.055161644,-0.70819241,0.94880778,11.148529,11.164076,10.979602,11.025498,10.957574,11.270713,0.28876048,0.354747,0.24208437,0.15963489,0.10105032,0.33105981,0.13212162,0.13212012,0.17679176,0.16469288,0.15854092,0.087526284,0.076971017,0.06463629,0.14815471,0.073405281,0.11212952,0.05692298,0.096116275,0.081064887,0.16015722,0.12866691,0.13797201,0.058940079,0.1990193,0.15864804,0.38251632,0.21341527,0.28944933,0.14945567,1.8404924,1.0008874,0.27253473,1.5566032,Suburb
612630,Emery Unified,2018,6,CA,0,all,all,0,5.5,420,8,52.5,0,-0.6211482765589933,0.0535795045993387,0.0549144222381119,-0.5934981161720024,0.0296147276587737,0.0319359516825545,Emery Unified,Kindergarten,12,0,1,0,0,0,0,0,1,0,0,0,0,0,0,0,0,52.166668,0.0063897762,0.13099042,0.2428115,0.45047924,0.095846646,0.67318982,0.093933463,0.76712328,0.78618419,0.2173913,0.09710145,313,0,0,0,0,-3.0864762e-9,1.5788201e-8,-1.0733139e-8,-1.8898929e-8,0,0,0,0,0,0,0,0,1.4312242,1.8373049,-1.0723671,0.41551161,NA,1.8845439,11.413974,11.580714,10.309882,11.249413,NA,11.435849,0.69950259,0.82091355,0.31830949,0.49987933,NA,0.75253439,0.13522467,0.12185531,0.26954022,0.15667403,NA,0.093279295,0.036004297,0.016007757,0.076470003,0.05173121,NA,0.037487037,0.034957651,0.03396681,0.11482413,0.044639993,NA,0.01957576,0.18619663,0.12215383,0.37975171,0.23309499,NA,0.10477322,2.5083809,1.1602246,-0.049923744,NA,Suburb
614010,Forestville Union Elementary,2018,6,CA,0,all,all,0,5.5,458,12,38.16666666666666,0,-0.2884204262709189,0.0478219619507224,0.0493129851200616,-0.2839018959469536,0.0269793496728468,0.0295086127145425,Forestville Union Elementary,Kindergarten,12,0,0.07996051,0,0.92003947,0,0,0,0.07996051,0,0,0,0,0,0.92003947,0,0,38.666668,0.0043103448,0.012931035,0.29310346,0.0086206896,0.5991379,0.42285365,0.055462703,0.47831634,0.58951968,0.13605405,0.30968365,232,0,0,0,0,3.1030902e-9,1.0567654e-8,-1.8635872e-8,5.1280269e-9,0,0,0,0,0,0,0,0,0.77958757,NA,NA,NA,NA,0.92326736,11.032054,NA,NA,NA,NA,11.057038,0.40698317,NA,NA,NA,NA,0.42866483,0.10769276,NA,NA,NA,NA,0.088036925,0.057929721000000003,NA,NA,NA,NA,0.046359569,0.062087115,NA,NA,NA,NA,0.063212596,0.16408302,NA,NA,NA,NA,0.14817333,NA,NA,NA,NA,Rural
614700,Fruitvale Elementary,2018,6,CA,0,all,all,0,5.5,4313,12,359.4166666666667,0,0.0947348062511915,0.0166835673565047,0.0205711418344754,0.0961543327562898,0.0143574930672491,0.018681823324912,Fruitvale Elementary,Kindergarten,12,0.81834531,0.18165468,0,0,0.81834531,0,0,0.18165468,0,0,0,0,0,0,0,0,355.83334,0.017330211,0.062763467,0.39531615,0.042154565,0.46557376,0.39147282,0.080062337,0.47153515,0.50555557,0.16040382,0.28014502,2135,0.0089404285,0.0026424676,-0.013039386,-0.01089703,0.041701149,0.0038086765,0.0026316422,0.0060685901,0.017449068,0.0052066525,0.0035381767,0.0083274022,0.01665158,0.0065455884,0.015015799,-0.0074251294,0.79206061,1.3034463,0.61181015,0.19515643,NA,0.90375286,11.124379,11.261024,10.870146,11.074458,NA,11.139478,0.31047657,0.56987566,0.45671609,0.20165946,NA,0.30621713,0.086912565,0.095461376,0.20668375,0.11249711,NA,0.077106953,0.058490362,0.03566882,0.061797839,0.059573852,NA,0.055252492,0.064178616,0.017406726,0.037066005,0.097516879,NA,0.060938761,0.1575965,0.10687345,0.10040558,0.22559218,NA,0.12369758,0.47217599,0.73343021,-0.33610114,NA,City
614950,Gateway Unified,2018,6,CA,0,all,all,0,5.5,2430,12,202.5,0,-0.3802314165660303,0.0224260904591807,0.0254511294428839,-0.3971050704204585,0.0173190688285362,0.0210433614390547,Gateway Unified,Kindergarten,12,0.40521148,0.570997,0,0.02379154,0,0,0.40521148,0,0.570997,0,0,0,0,0.02379154,0,0,206.33333,0.063812599,0.028271405,0.15670437,0.012924071,0.66155088,0.67235935,0.063922107,0.73628145,0.74814814,0.031285036,0.21879666,1238,0.026954925,0.0086453659,0.047851563,0.050951887,0.18796526,0.030216442,0.047615893,0.076449163,0.036180411,0.02872037,0.06125506,0.088523634,0.05479927,0.027859159,0.025970176,0.030486485,-0.21760918,0.9411701,NA,-1.4943218,-0.97562701,-0.022652706,10.681276,10.872121,NA,10.296185,10.614288,10.70735,0.18655117,0.30578306,NA,0.097052827,0.1249127,0.19556732,0.17326796,0.11657144,NA,0.28026846,0.078191452,0.15333803,0.073411256,0.025531245,NA,0.071672834,0.091150925,0.065046154,0.12379356,0.046974663,NA,0.20995256,0.21515457,0.10464644,0.18989646,0.10851109,NA,0.23115881,0.30365115,0.16634032,NA,1.4492267,-0.41580105,1.1994371,Suburb
615000,General Shafter Elementary,2018,6,CA,0,all,all,0,5.5,173,12,14.41666666666667,0,-0.0142704723520613,0.0745095324644037,0.075475167338,-0.0298147958091257,0.0331693835976829,0.0352573527624715,General Shafter Elementary,Kindergarten,8,0,0,0,1,0,0,0,0,0,0,0,0,0,1,0,0,14.333333,0,0.011627907,0.88372093,0,0.10465116,0.70068026,0.10884354,0.80952382,0.82758623,0.29931971,0.047619049,86,NA,0,NA,0,NA,2.6671055e-8,-3.1486993e-9,1.2407449e-8,NA,0,0,0,NA,0,NA,0,0.38350061,NA,NA,0.033377506,NA,0.84944361,10.756175,NA,NA,10.509655,NA,11.162832,0.088288121,NA,NA,0.032885499,NA,0.20019062,0.12073429,NA,NA,0.11896045,NA,0.10497651,0.057586841,NA,NA,0.060020134,NA,0.041442834,0.030105118,NA,NA,0.037613034,NA,0.029022586,0.082552738,NA,NA,0.095173843,NA,0.077912979,NA,0.96717137,NA,NA,Rural
615870,Graves Elementary,2018,6,CA,0,all,all,0,5.5,46,10,4.6,0,0.1928964076364328,0.1404808706876474,0.1409954094493668,0.3147882025521993,0.0366979300922212,0.0385954788624351,Graves Elementary,Kindergarten,8,0,0,0,1,0,0,0,0,0,0,0,0,0,1,0,0,4,0,0.083333336,0.66666669,0,0.16666667,0.22499999,0.050000001,0.27500001,0.30000001,0.125,0.075000003,24,NA,0,NA,0,NA,-4.9845803e-9,-2.0302739e-8,-1.1604626e-9,NA,0,0,0,NA,0,NA,0,NA,NA,NA,NA,NA,NA,NA,NA,NA,NA,NA,NA,NA,NA,NA,NA,NA,NA,NA,NA,NA,NA,NA,NA,NA,NA,NA,NA,NA,NA,NA,NA,NA,NA,NA,NA,NA,NA,NA,NA,NA,NA,NA,NA,NA,NA,Rural
618210,Imperial Unified,2018,6,CA,0,all,all,0,5.5,3810,12,317.5,0,0.0279519010284585,0.0153446255384532,0.0195009740667083,0.0153534840026543,0.0133448755040276,0.017915317964946,Imperial Unified,Kindergarten,12,0,1,0,0,0,0,0,0,1,0,0,0,0,0,0,0,318.33334,0.0015706806,0.012565445,0.85497379,0.0094240839,0.1104712,0.43655965,0.067637719,0.50419736,0.5225367,0.23355025,0.1176187,1910,0.0085049169,-0.0018486878,0,-0.010581504,0.031874511,9.4319478e-4,0.0051520914,0.0063786693,0.012335484,7.0234318e-4,0.0070832581,0.0086539369,0.0015857121,7.3694187e-4,0,0.0015328029,0.19069046,NA,NA,0.17488179,NA,0.41855004,11.231979,NA,NA,11.221408,NA,11.20597,0.16397077,NA,NA,0.14062278,NA,0.2680563,0.07116884,NA,NA,0.065959297,NA,0.076973647,0.10928195,NA,NA,0.11119437,NA,0.061411813,0.095336273,NA,NA,0.11040806,NA,0.047615439,0.17949083,NA,NA,0.17455824,NA,0.13317101,NA,0.42218614,NA,NA,Suburb
618870,Jefferson Elementary,2018,6,CA,0,all,all,0,5.5,7908,12,659,0,-0.1855393655315088,0.0121491489798131,0.0171006513784935,-0.1818499887601323,0.011117641755297,0.0163240581279976,Jefferson Elementary,Kindergarten,12,0,1,0,0,0,0,0,1,0,0,0,0,0,0,0,0,664.16669,0.0015056462,0.50915933,0.35357592,0.016813049,0.06398996,0.46777669,0.14080992,0.60858661,0.61967212,0.40727195,0.14500187,3985,0.0064695776,0.039485425,-0.15091512,-0.0090458291,0.20861673,0.10275982,0.02346164,0.039138731,0.20288622,0.086561091,0.031610738,0.050971206,0.041893933,0.0716969,-0.13137701,-0.0075931349,0.85921144,1.1941793,-1.550679,0.30564377,NA,0.97169638,11.278264,11.420154,10.584854,11.141783,NA,11.189304,0.35891742,0.42117122,0.11381864,0.19907823,NA,0.4142864,0.091770098,0.078650974,0.1780594,0.10073499,NA,0.096633561,0.064515844,0.049177114,0.20622598,0.069736034,NA,0.067373328,0.052683674,0.042136058,0.1235566,0.097507589,NA,0.030310376,0.19213448,0.1730151,0.37610272,0.22570333,NA,0.12382181,2.258723,0.69973588,-0.21183054,NA,Suburb
620670,Lakeport Unified,2018,6,CA,0,all,all,0,5.5,1083,10,108.3,0,-0.3839931745293477,0.0304528310130715,0.032744547230734,-0.394477940151435,0.0216986840639779,0.0247730863171194,Lakeport Unified,Kindergarten,12,0,0,1,0,0,0,0,0,0,0,0,1,0,0,0,0,113,0.10029498,0.026548672,0.32153392,0.014749262,0.50147492,0.64706492,0.062045231,0.70911014000000006,0.70454544,0.077807851,0.13396482,678,-0.0013591349,-0.0016918281,-0.0016918281,-0.0016918281,0.0012199031,0.0024802058,1.2121534e-4,0.0036445714,3.9724575e-4,0.0021758084,1.4866238e-4,0.0027516251,0.0019673109,0.0024689485,0.0024689485,0.0024689485,-0.035224356,NA,NA,-0.81785899,NA,0.47486919,10.64443,NA,NA,10.298697,NA,10.82026,0.2015965,NA,NA,0.11377275,NA,0.21934745,0.17433384,NA,NA,0.2308384,NA,0.1151716,0.049571428,NA,NA,0.057865314,NA,0.042877901,0.0911377,NA,NA,0.074448794,NA,0.092523463,0.20063989,NA,NA,0.21846475,NA,0.12852268,NA,1.2185729,NA,NA,Town
621450,Richland Union Elementary,2018,6,CA,0,all,all,0,5.5,4442,12,370.1666666666667,0,-0.5925812342775864,0.0176841347019908,0.0213906305842823,-0.582983788924351,0.0152608019204119,0.01938465864598,Richland Union Elementary,Kindergarten,12,0,0,0.8566494,0.1433506,0,0,0,0,0,0,0.8566494,0,0,0.1433506,0,0,374,0,0.012032085,0.9349376,0.0022281639,0.049910873,0.85732865,0.058774047,0.91610265,0.91978371,0.49738568,0.20279345,2244,0,0.020900676,NA,2.1720926e-4,-1.6050642e-8,0.040650792,0.019636353,0.050866973,0,0.016200447,0.018413212,0.025630157,0,0.019137561,NA,-0.0021127563,-1.1165714,NA,NA,-1.352695,NA,0.0050999112,10.569513,NA,NA,10.490969,NA,10.803118,0.086464353,NA,NA,0.046943005,NA,0.23447326,0.24413976,NA,NA,0.26575789,NA,0.12909132,0.10759768,NA,NA,0.11351237,NA,0.056678191,0.20202829,NA,NA,0.23198208,NA,0.093651712,0.18115385,NA,NA,0.19840027,NA,0.11622109,NA,1.0709223,NA,NA,Town
625410,Monte Rio Union Elementary,2018,6,CA,0,all,all,0,5.5,70,8,8.75,0,-0.2021390817862162,0.1239797948170925,0.1245625143432944,-0.0398529052243327,0.0349128295893085,0.0369022842856539,Monte Rio Union Elementary,Kindergarten,8,0,0,1,0,0,0,0,0,0,0,1,0,0,0,0,0,9,0,0.018518519,0.18518518,0,0.64814812,0.52272725,0.022727273,0.5454545,0.53703701,0.03409091,0.11363637,54,NA,0,NA,0,NA,-8.563382e-9,6.6884605e-9,8.1140525e-9,NA,0,0,0,NA,0,NA,0,-0.46683633,NA,NA,NA,NA,-0.14559132,10.86644,NA,NA,NA,NA,10.883035,0.28271902,NA,NA,NA,NA,0.29714841,0.14817248,NA,NA,NA,NA,0.12037332,0.072718494,NA,NA,NA,NA,0.056151368,0.14445059,NA,NA,NA,NA,0.12001433,0.17650633,NA,NA,NA,NA,0.14201127,NA,NA,NA,NA,Town
626640,Napa Valley Unified,2018,6,CA,0,all,all,0,5.5,16144,12,1345.333333333333,0,-0.2644311624424909,0.0091539462578828,0.0151203567658731,-0.2619223374815606,0.0086894289893744,0.0147776551498707,Napa Valley Unified,Kindergarten,12,0.70361763,0.18635911,0.0068038502,0.10321938,0,0,0.70361763,0,0.15328023,0.033078879,0.0068038502,0,0,0.10321938,0,0,1363.3334,0.0020782396,0.089853302,0.55293399,0.022127138,0.29352078,0.45242864,0.079082198,0.53151083,0.56553698,0.22791414,0.12995154,8180,0.016060179,0.16246781,0.015508066,-0.031270724,0.35337335,0.15893246,0.085076712,0.13111533,0.24210756,0.19199568,0.11043745,0.164158,0.019953936,0.17937706,0.015539783,-0.034534901,1.0199068,1.6179993,0.13531253,0.23147237,-0.46431139,1.3602713,11.251974,11.55291,11.049925,10.988778,10.537003,11.346879,0.33522958,0.47918129,0.27919257,0.11066231,0.24182929,0.42007932,0.081988022,0.046314482,0.16778809,0.11689865,0.10983516,0.061349161,0.051667493,0.041367695,0.094758697,0.054372534,0.11292224,0.045561042,0.047740821,0.013397184,0.026066313,0.11141181,0.071591325,0.028996196,0.15190399,0.13356918,0.28600973,0.17708588,0.24593143,0.13503292,1.2071904,1.1182001,-0.26585782,1.5161388,City
627240,Newport-Mesa Unified,2018,6,CA,0,all,all,0,5.5,18861,12,1571.75,0,0.1555517965912173,0.008545897880114,0.0147601770725291,0.1577880411345499,0.0081399225314788,0.014461371110154,Newport-Mesa Unified,Kindergarten,12,1,0,0,0,0,0.52526397,0.47473603,0,0,0,0,0,0,0,0,0,1602,0.0010403662,0.055139408,0.45984188,0.0094673326,0.42623803,0.40348759,0.046248473,0.44973609,0.49930668,0.43484354,0.23475586,9612,0.1531315,0.40225843,0.27328143,0.069521859,0.16407928,0.36739951,0.22497459,0.31098256,0.046384953,0.43258452,0.27834952,0.37639439,0.1706154,0.42079249,0.29837415,0.073865689,1.388896,1.5305434,0.37699997,0.36864296,NA,1.6689423,11.382178,11.452045,11.275094,10.983267,NA,11.467248,0.51886195,0.69809794,0.48065928,0.2050349,NA,0.58705205,0.10181598,0.10479324,0.18255696,0.17459835,NA,0.074253872,0.042123303,0.042548835,0.058084335,0.034253195,NA,0.042702869,0.038688045,0.033333391,0.057260528,0.10587734,NA,0.024818534,0.13192272,0.15524936,0.34312269,0.15261868,NA,0.11673099,1.2263771,1.2885734,0.10460013,NA,City
627300,Nicasio,2018,6,CA,0,all,all,0,5.5,44,10,4.4,0,-0.0622637435261329,0.132946195450742,0.133489779913902,0.1817515422324456,0.0363518861860067,0.0382665982920811,Nicasio,Kindergarten,8,0,0,0,1,0,0,0,0,0,0,0,0,0,1,0,0,4.6666665,0,0,0.2857143,0,0.64285713,0.069767445,0.018667189,0.088434644,0.26666668,0.30232558,0.1627907,28,NA,0,NA,NA,NA,8.4878922e-9,-1.8962959e-8,1.8370741e-8,NA,0,0,0,NA,0,NA,NA,1.6806545,NA,NA,NA,NA,1.7772987,11.36423,NA,NA,NA,NA,11.442457,0.4862147,NA,NA,NA,NA,0.53390843,0.089836754,NA,NA,NA,NA,0.091000058,0.045773499,NA,NA,NA,NA,0.036608193,0.015780227,NA,NA,NA,NA,0.0088489596,0.082513511,NA,NA,NA,NA,0.096376941,NA,NA,NA,NA,Rural
631710,Ramona City Unified,2018,6,CA,0,all,all,0,5.5,4908,12,409,0,-0.1373339919848607,0.0147163206020826,0.0190105378329588,-0.1308345313608495,0.0129981893984098,0.0176585912010005,Ramona City Unified,Kindergarten,12,0,0,0.81261325,0.18738674,0,0,0,0,0,0,0.81261325,0,0,0.18738674,0,0,416.16666,0.0056067281,0.0072086505,0.37484983,0.0052062473,0.55426514,0.39190033,0.06450735,0.45640767,0.47229013,0.13488035,0.15427846,2497,0.088603087,0.13688761,-0.060912795,0.10679372,0.15982258,0.10877155,0.076460555,0.11224549,0.020817118,0.13597742,0.09975443,0.14484192,0.062554374,0.13279898,-0.033081766,0.09889403,1.0572957,NA,NA,0.45066413,NA,1.1869538,11.309066,NA,NA,11.018268,NA,11.383327,0.27639988,NA,NA,0.10026375,NA,0.32052904,0.068391323,NA,NA,0.094952397,NA,0.060990419,0.054346569,NA,NA,0.051618971,NA,0.053675249,0.045871887,NA,NA,0.077082865,NA,0.041376367,0.13449584,NA,NA,0.1652104,NA,0.13194107,NA,0.74250495,NA,NA,Town
632730,Rio Dell Elementary,2018,6,CA,0,all,all,0,5.5,398,11,36.18181818181818,0,-0.665508987130643,0.0462296629530744,0.0477704112750763,-0.6529621703888248,0.0266788071851449,0.029234084018304,Rio Dell Elementary,Kindergarten,8,0,0,1,0,0,0,0,0,0,0,0,0,1,0,0,0,37.166668,0.035874441,0,0.22421524,0.0089686103,0.6591928,0.7600897,0.057631623,0.81772131,0.8465116,0.11711711,0.23123123,223,0,0,0,NA,-1.8796978e-8,-4.0530663e-9,-1.5369769e-8,-4.6990536e-9,0,0,0,0,0,0,0,NA,-0.32511687,NA,NA,NA,NA,0.0087806685,10.447522,NA,NA,NA,NA,10.456947,0.10937525,NA,NA,NA,NA,0.11502027,0.098816037,NA,NA,NA,NA,0.094037183,0.070345856,NA,NA,NA,NA,0.051646799,0.13449924,NA,NA,NA,NA,0.11617517,0.15570372,NA,NA,NA,NA,0.12411882,NA,NA,NA,NA,Town
633210,Roberts Ferry Union Elementary,2018,6,CA,0,all,all,0,5.5,144,8,18,0,-0.1933668253792615,0.0745215036908401,0.0754869854278138,-0.1857373521498976,0.0328768362641247,0.0349822709140671,Roberts Ferry Union Elementary,Kindergarten,8,0,0,0,1,0,0,0,0,0,0,0,0,0,0,1,0,15.833333,0,0,0.35789475,0,0.54736841,0.57872337,0.087767042,0.66649044,0.65625,0.21527778,0.11111111,95,NA,0,NA,NA,NA,-3.448259e-9,6.9987296e-9,-8.8062277e-9,NA,0,0,0,NA,0,NA,NA,NA,NA,NA,NA,NA,NA,NA,NA,NA,NA,NA,NA,NA,NA,NA,NA,NA,NA,NA,NA,NA,NA,NA,NA,NA,NA,NA,NA,NA,NA,NA,NA,NA,NA,NA,NA,NA,NA,NA,NA,NA,NA,NA,NA,NA,NA,Rural
634425,San Gabriel Unified,2018,6,CA,0,all,all,0,5.5,4566,12,380.5,0,0.092885045111655,0.0187811201858453,0.022306073882919,0.1027225661149327,0.0154459217246586,0.0195307299784571,San Gabriel Unified,Kindergarten,12,0,1,0,0,0,0,0,1,0,0,0,0,0,0,0,0,405.33334,0.0024671052,0.48725328,0.37705591,0.017680921,0.053042762,0.51646715,0.098422572,0.61488974,0.64554197,0.35826483,0.17866471,2432,0.0043169558,0.06047298,-0.0029962659,0.049765889,0.10941296,0.13195495,0.031206684,0.05682683,0.099167839,0.10986068,0.042187463,0.069303893,0.0058204085,0.015981773,0.01201422,-0.065743707,0.69537586,0.81297344,NA,0.10133047,NA,1.2839434,10.977848,10.972515,NA,10.916029,NA,11.170917,0.35174221,0.40503332,NA,0.14715758,NA,0.46458641,0.108045,0.130141,NA,0.092712425,NA,0.053679746,0.055256013,0.047655024,NA,0.060600825,NA,0.053082034,0.036477894,0.030943811,NA,0.066618308,NA,0.017377855,0.19882382,0.16108052,NA,0.28186372,NA,0.12836426,NA,1.1809433,0.38551351,NA,Suburb
638430,Sunnyside Union Elementary,2018,6,CA,0,all,all,0,5.5,474,12,39.5,0,-0.9122548628678092,0.0504031929303169,0.0518199991721905,-0.8479468775061731,0.0288518904792201,0.0312298655103097,Sunnyside Union Elementary,Kindergarten,8,0,0,0,1,0,0,0,0,0,0,0,0,0,1,0,0,38.333332,0,0,0.9173913,0,0.082608692,0.84582675,0.050964817,0.89679158,0.9285714,0.45714286,0.057142857,230,NA,0,NA,NA,NA,-1.7192269e-8,3.0729137e-9,-8.9229362e-9,NA,0,0,0,NA,0,NA,NA,-1.196077,NA,NA,-2.0387356,NA,0.48314804,10.42372,NA,NA,10.263977,NA,10.770762,0.11938005,NA,NA,0.021042004,NA,0.22473331,0.2263975,NA,NA,0.34789127,NA,0.10355673,0.069555096,NA,NA,0.075791135,NA,0.046487622,0.1595329,NA,NA,0.22490019,NA,0.048302803,0.16288599,NA,NA,0.19967084,NA,0.11493319,NA,1.7212868,NA,NA,Rural
643470,Yuba City Unified,2018,6,CA,0,all,all,0,5.5,7995,8,999.375,0,-0.2783805095888893,0.0129526807664537,0.0176805654794392,-0.2846545128045466,0.0117090497569247,0.0167324463775402,Yuba City Unified,Kindergarten,12,0.89273751,0.051842265,0,0.05542022,0,0,0.89273751,0,0.051842265,0,0,0,0,0.05542022,0,0,1020.3333,0.0057170861,0.18572362,0.45589676,0.016334532,0.2750735,0.66568172,0.071408711,0.73709041,0.77111489,0.24607962,0.13693687,6122,0.063645653,0.10953787,-0.020629724,0.031986792,0.11953408,0.096414208,0.12646122,0.18192592,0.046920586,0.11944285,0.14478002,0.16854964,0.06763082,0.11948798,0.064151548,-0.032581422,-0.19626316,0.12576814,-0.25390145,-0.97898847,NA,0.2687113,10.824329,10.838586,10.872579,10.577755,NA,10.951114,0.18245184,0.22364028,0.16064386,0.079595067,NA,0.21925385,0.15915518,0.13622481,0.18952706,0.22261538,NA,0.11035045,0.10310268,0.10383846,0.068201564,0.11642569,NA,0.07390561,0.12208565,0.075480677,0.16245292,0.19334449,NA,0.091865405,0.16974074,0.11039352,0.24399838,0.17898057,NA,0.16855842,0.66317189,1.2333398,0.11448257,NA,City
691135,Val Verde Unified,2018,6,CA,0,all,all,0,5.5,18473,12,1539.416666666667,0,-0.382074863366599,0.0083853581524874,0.0146678112880063,-0.3789201468578316,0.0080198974976831,0.0143941540717218,Val Verde Unified,Kindergarten,12,0,0.78434205,0,0.21565798,0,0,0,0.78434205,0,0,0,0,0,0.21565798,0,0,1535.1666,0.0027141462,0.02768429,0.76604062,0.12995331,0.048637498,0.71600986,0.11967705,0.83568692,0.87314802,0.48830777,0.28984782,9211,-0.022075742,0.020375848,0.015604377,-0.031094352,0.070724562,0.025460016,0.025140949,0.049956251,0.085490003,0.012099488,0.02934891,0.037473779,-0.0062973299,0.013726662,0.0076922276,-0.013682117,-0.28894159,0.78596681,-0.86187983,-0.32704556,NA,0.25396329,10.995367,11.024246,10.952312,10.957191,NA,11.198832,0.12488934,0.35889003,0.16154736,0.070964575,NA,0.20354073,0.17056479,0.16976202,0.1534538,0.18451507,NA,0.1163274,0.095885344,0.032943964,0.13441949,0.092483491,NA,0.068871796,0.13318969,0.075135767,0.18367848,0.1306787,NA,0.099776499,0.21962768,0.091707252,0.34337622,0.19699734,NA,0.16501069,1.1540748,0.59574616,-0.41640523,NA,Suburb
800017,Wray RD-2 School District,2018,8,CO,0,all,all,0,5.5,311,6,51.83333333333334,0,-0.2279259689994157,0.1256167763052745,0.1262243490317324,-0.070477656891551,0.0603862821753511,0.0616152498543213,Wray RD-2 School District,Pre-Kindergarten,12,0,0,0,1,0,0,0,0,0,0,0,0,0,0,0,1,56.166668,0.0089020776,0,0.27299702,0,0.71216619,0.43540812,0.13612872,0.57153684,0.57556272,0.10110804,0,337,NA,0,0,NA,NA,1.5053089e-8,7.3863387e-9,-6.9710935e-9,NA,0,0,0,NA,0,0,NA,0.3513484,NA,NA,NA,NA,0.65467423,10.715305,NA,NA,NA,NA,10.773459,0.21173212,NA,NA,NA,NA,0.23709312,0.14264166,NA,NA,NA,NA,0.10465524,0.042660911,NA,NA,NA,NA,0.037722614,0.11063772,NA,NA,NA,NA,0.083802529,0.10846521,NA,NA,NA,NA,0.10369743,NA,NA,NA,NA,Rural
800018,Idalia RJ-3 School District,2018,8,CO,0,all,all,0,5.5,74,4,18.5,0,-0.2675071842826614,0.1306880608000163,0.1312721639755512,0.0360880590739216,0.0594982870773305,0.0607452228968316,Idalia RJ-3 School District,Pre-Kindergarten,12,0,0,0,1,0,0,0,0,0,0,0,0,0,0,0,1,17.833334,0.018691588,0,0.25233644,0,0.72897196,0.40228209,0.17304432,0.57532644,0.6122449,0.14814815,0,107,NA,0,0,NA,NA,6.8844446e-9,-1.9215889e-8,1.353679e-8,NA,0,0,0,NA,0,0,NA,0.79536486,NA,NA,NA,NA,0.84231877,11.016346,NA,NA,NA,NA,11.086963,0.29439375,NA,NA,NA,NA,0.30181265,0.12110226,NA,NA,NA,NA,0.10389408,0.030925242,NA,NA,NA,NA,0.036806956,0.12865722,NA,NA,NA,NA,0.095599517,0.064349301,NA,NA,NA,NA,0.092199475,NA,NA,NA,NA,Rural
806720,School District No. Re-11 in the county of Weld and State of,2018,8,CO,0,all,all,0,5.5,132,8,16.5,0,0.2295186029074895,0.108230131324847,0.1089347195606106,0.2912498549808519,0.0582390946353908,0.0595124195743992,School District No. Re-11 in the county of Weld and State of,Pre-Kindergarten,12,0,0,0,1,0,0,0,0,0,0,0,0,0,0,0,1,16.166666,0,0,0.06185567,0,0.91752577,0.15111558,0.11637903,0.26749462,0.27659574,0.014634146,0,97,NA,0,NA,NA,NA,5.9000738e-9,-1.4750356e-8,-8.043533e-9,NA,0,0,0,NA,0,NA,NA,1.1310825,NA,NA,NA,NA,1.0912998,10.798656,NA,NA,NA,NA,10.803003,0.31362495,NA,NA,NA,NA,0.31909028,0.1034697,NA,NA,NA,NA,0.093168244,0.040494971,NA,NA,NA,NA,0.039511643,0.033108454,NA,NA,NA,NA,0.038895249,0.052223317,NA,NA,NA,NA,0.034968249,NA,NA,NA,NA,Rural
806780,School District No. R-4 in the county of Kit Carson and Stat,2018,8,CO,0,all,all,0,5.5,142,8,17.75,0,-0.2005112893343778,0.1144172581218606,0.115083972625556,-0.1367276387742806,0.0591447617101514,0.0603989964933186,School District No. R-4 in the county of Kit Carson and Stat,Pre-Kindergarten,12,0,0,0,1,0,0,0,0,0,0,0,0,0,0,0,1,16.5,0.04040404,0,0.18181819,0.01010101,0.76767677,0.31762066,0.1821923,0.49981293,0.59183675,0.10964912,0,99,0,0,0,NA,3.4183881e-8,1.3294994e-8,-1.2895359e-8,1.1236885e-8,0,0,0,0,0,0,0,NA,0.67238814,NA,NA,NA,NA,0.7098121,10.77117,NA,NA,NA,NA,10.854064,0.23690912,NA,NA,NA,NA,0.2574859,0.10110019,NA,NA,NA,NA,0.089950994,0.055297244,NA,NA,NA,NA,0.047443707,0.037538845,NA,NA,NA,NA,0.045412157,0.072064087,NA,NA,NA,NA,0.089885361,NA,NA,NA,NA,Rural
807290,School District No. Re-50 Wiggins,2018,8,CO,0,all,all,0,5.5,404,8,50.5,0,0.0592238611112742,0.0632195493226128,0.0644183453350791,0.0286845235011217,0.0461450729210362,0.0477420537318732,School District No. Re-50 Wiggins,Pre-Kindergarten,12,0,0,0,1,0,0,0,0,0,0,0,0,0,0,0,1,47.333332,0.0035211267,0.0070422534,0.26056337,0.0035211267,0.68309861,0.29062667,0.14112364,0.4317503,0.43344709,0.074380167,0,284,0,0,0,0,2.6643021e-9,-3.8959698e-9,2.846273e-9,-1.5934198e-8,0,0,0,0,0,0,0,0,0.36854103,NA,NA,-0.1354384,NA,0.50984001,10.832325,NA,NA,10.766438,NA,10.839806,0.15326698,NA,NA,0.061939709,NA,0.17683801,0.12405827,NA,NA,0.14989096,NA,0.10915635,0.063784137,NA,NA,0.061668977,NA,0.048776612,0.052553486,NA,NA,0.070549689,NA,0.053358495,0.10170663,NA,NA,0.065445662,NA,0.11539399,NA,0.79324061,NA,NA,Rural
900150,Barkhamsted School District,2018,9,CT,0,all,all,0,5.5,140,4,35,0,-0.1233683504222088,0.1636630362260881,0.1640997418820223,0.2423741471616115,0.0310498267543878,0.0332198218581425,Barkhamsted School District,Pre-Kindergarten,6,0,0,0,1,0,0,0,0,0,0,0,0,0,1,0,0,36.75,0,0,0.013605442,0,0.97278911,0.0990991,0.018018018,0.11711712,0.20714286,0,0.22072072,147,NA,0,NA,NA,NA,1.5583876e-8,-3.5702783e-8,8.6127816e-9,NA,0,0,0,NA,0,NA,NA,1.7392093,NA,NA,NA,NA,1.7098494,11.513949,NA,NA,NA,NA,11.51911,0.40850276,NA,NA,NA,NA,0.41192368,0.030707957,NA,NA,NA,NA,0.031058878,0.042570934,NA,NA,NA,NA,0.042024866,0.024348024,NA,NA,NA,NA,0.026495112,0.083100371,NA,NA,NA,NA,0.091023356,NA,NA,NA,NA,Rural
901170,East Granby School District,2018,9,CT,0,all,all,0,5.5,791,12,65.91666666666667,0,0.5499867143975674,0.0360262743237238,0.0379608785548059,0.5464360960720741,0.0248306093956712,0.027495890343279,East Granby School District,Pre-Kindergarten,12,0,0,0,1,0,0,0,0,0,0,0,0,0,1,0,0,66,0,0.080808081,0.06313131,0.085858583,0.74747473,0.13131313,0.032303199,0.16361633,0.13098237,0.013126492,0.13484487,396,0,0,NA,0,1.0693034e-8,1.3357563e-8,1.8376991e-8,-2.9060947e-9,0,0,0,0,0,0,NA,0,1.2919536,NA,NA,NA,NA,1.3531147,11.408841,NA,NA,NA,NA,11.407125,0.53565353,NA,NA,NA,NA,0.5253315,0.044978831,NA,NA,NA,NA,0.047587149,0.063266002,NA,NA,NA,NA,0.045226175,0.060558375,NA,NA,NA,NA,0.066873156,0.15355191,NA,NA,NA,NA,0.13457461,NA,NA,NA,NA,Rural
901380,Eastford School District,2018,9,CT,0,all,all,0,5.5,187,12,15.58333333333333,0,0.1694037912990348,0.0727980934077261,0.0737746451215086,0.2619620322473062,0.0311863265274178,0.0333474404577615,Eastford School District,Pre-Kindergarten,8,0,0,0,1,0,0,0,0,0,0,0,0,0,0,1,0,15.166667,0,0,0.08791209,0,0.85714287,0.22666667,0.035916939,0.26258361,0.34042552,0,0.27333334,91,NA,0,NA,NA,NA,-1.4934553e-8,4.7141691e-9,-3.1954988e-9,NA,0,0,0,NA,0,NA,NA,1.2263691,NA,NA,NA,NA,1.1928353,11.258096,NA,NA,NA,NA,11.258606,0.32339561,NA,NA,NA,NA,0.31611928,0.046723865,NA,NA,NA,NA,0.051017612,0.050460592,NA,NA,NA,NA,0.045672268,0.06573806,NA,NA,NA,NA,0.067929082,0.095899649,NA,NA,NA,NA,0.097563379,NA,NA,NA,NA,Rural
903515,Regional School District 06,2018,9,CT,0,all,all,0,5.5,593,12,49.41666666666666,0,0.5659069087401049,0.0376949220017037,0.0395479835607208,0.5017882634548467,0.0252681120264381,0.0278916171669885,Regional School District 06,Pre-Kindergarten,12,0,0,0,1,0,0,0,0,0,0,0,0,0,0.78758168,0.2124183,0,50.166668,0.0066445181,0.0033222591,0.03322259,0.0099667776,0.92691028,0.069188595,0.027923303,0.097111896,0.13168724,0.0054466231,0.1633987,301,0.012474366,0.014113125,0,0,0.037621919,0.061776638,0.014109136,0.013074952,0.0089285718,0.012058524,0.0069177449,0.01177249,0.011831049,0.013847004,0.014472456,0,1.3929598,NA,NA,NA,NA,1.4330295,11.399558,NA,NA,NA,NA,11.376251,0.40959221,NA,NA,NA,NA,0.4073911,0.061001763,NA,NA,NA,NA,0.047844347,0.065895267,NA,NA,NA,NA,0.056325763,0.031839326,NA,NA,NA,NA,0.027029082,0.062590756,NA,NA,NA,NA,0.067817599,NA,NA,NA,NA,Rural
903520,Regional School District 10,2018,9,CT,0,all,all,0,5.5,2172,12,181,0,0.548996529992919,0.0203398839852461,0.023597600291932,0.5428907015513489,0.0174776967602978,0.0210934754569784,Regional School District 10,Pre-Kindergarten,12,0,0,0,1,0,0,0,0,0,0,0,0,0,1,0,0,181.33333,0.0018382353,0.023897059,0.020220589,0.005514706,0.94025737,0.051826898,0.0086529972,0.060479894,0.1160221,0.017974932,0.16583325,1088,-0.0017982051,-0.001268398,0.0048827231,-0.0037847396,0.026906332,0.041359458,0.0014010955,0.0011148559,0.0013772566,0.0049773869,5.6737493e-4,7.7256223e-4,-0.002100528,0.0045879404,0.003264416,0.0029056047,1.7837479,NA,NA,NA,NA,1.782322,11.592365,NA,NA,NA,NA,11.588499,0.4438079,NA,NA,NA,NA,0.44035107,0.03435187,NA,NA,NA,NA,0.035350353,0.04473605,NA,NA,NA,NA,0.042643391,0.015599543,NA,NA,NA,NA,0.016284676,0.088066824,NA,NA,NA,NA,0.087267309,NA,NA,NA,NA,Rural
904710,Voluntown School District,2018,9,CT,0,all,all,0,5.5,332,12,27.66666666666667,0,0.3913331682060282,0.0500507199050845,0.0514607658514886,0.4140561530763403,0.028309894685267,0.0306743371550247,Voluntown School District,Pre-Kindergarten,8,0,0,0,1,0,0,0,0,0,0,0,0,0,1,0,0,27.833334,0.011976048,0,0.023952097,0.023952097,0.91017962,0.1594203,0.061594203,0.2210145,0.21084337,0,0.25,167,0,0,0,NA,1.1494032e-8,1.312053e-8,5.1759281e-9,-1.0684961e-8,0,0,0,0,0,0,0,NA,0.74280393,NA,NA,NA,NA,0.81972194,11.131092,NA,NA,NA,NA,11.146924,0.19700861,NA,NA,NA,NA,0.18854764,0.083903424,NA,NA,NA,NA,0.073992439,0.050640788,NA,NA,NA,NA,0.045176458,0.090723284,NA,NA,NA,NA,0.080029748,0.12763873,NA,NA,NA,NA,0.12005992,NA,NA,NA,NA,Rural
1000190,Capital School District,2018,10,DE,0,all,all,0,5.5,6741,12,561.75,0,-0.2160700285810134,0.0129611274614115,0.0155277637645739,-0.2131839390052596,0.0124156727083378,0.0150475777692264,Capital School District,Pre-Kindergarten,12,0.95442688,0,0,0.045573097,0,0,0.95442688,0,0,0,0,0,0,0,0.045573097,0,555.66669,0.00989802,0.0239952,0.13887222,0.52489501,0.254949,0.57899892,0.047903668,0.62690258,0.52161044,0.061623037,0.1939159,3334,0.02027747,0.022626156,0.023715174,0.012172948,0.054600127,0.029657437,0.015085827,0.0145587,0.066877872,0.037139274,0.018226122,0.019864989,0.053842854,0.033450145,0.0069389939,0.038790911,-0.42862204,0.8104403,-1.3246102,-0.84573305,NA,0.19601138,10.786691,10.909564,10.584538,10.389196,NA,10.890505,0.23507762,0.57604736,0.22903731,0.18494102,NA,0.23861577,0.17438751,0.17729428,0.22412735,0.23753114,NA,0.11694264,0.068376757,0.05011826,0.073061362,0.052288715,NA,0.060109597,0.18402596,0.026342226,0.28072569000000003,0.16000879,NA,0.12976658,0.2699466,0.098920092,0.40957066,0.23676419,NA,0.17682008,1.5222695,1.0780827,-0.31972262,NA,City
1200270,Citrus,2018,12,FL,0,all,all,0,5.5,11199,10,1119.9,0,0.1565445051403364,0.0095108059005074,0.0138002355582344,0.155906533484685,0.0086854005960174,0.013209805099503,Citrus,Pre-Kindergarten,12,0,0.32966179,0.18225995,0.48807827,0,0,0,0,0,0.32966179,0.18225995,0,0,0.48807827,0,0,1167.8334,0.0027115741,0.01612673,0.081918083,0.043527901,0.81347227,0.68269134,0.031249959,0.71394134,0.74083459,0.010436925,0.12861402,7007,6.6045922e-4,-0.0058058896,0.0060509541,-0.010355334,0.051182404,0.025289625,0.012066483,0.0097876806,0.028770924,0.015377992,0.014335273,0.010807965,0.026585026,0.015053631,-0.0029959541,0.0050450438,-0.26921341,1.4802947,-0.6384666,-0.67241514,NA,-0.23839052,10.538346,11.03589,10.55865,10.403242,NA,10.540807,0.176448,0.52601033,0.18001351,0.21447238,NA,0.16865075,0.16638033,0.10084739,0.11205674,0.21722156,NA,0.16234183,0.084998377,0.016615644,0.087545231,0.085732147,NA,0.081114478,0.12920214,0.019817607,0.17894471,0.17468417,NA,0.12468972,0.15100524,0.085885577,0.31215134,0.15961215,NA,0.14610311,0.61234987,0.60564023,-1.241854,NA,Rural
1200870,Hillsborough,2018,12,FL,0,all,all,0,5.5,162284,10,16228.4,0,0.0256734703169228,0.0029602201271744,0.0104285174299589,0.0235951064518092,0.0029316496280704,0.0103758053564686,Hillsborough,Pre-Kindergarten,12,0.27225071,0.63881183,0,0.088937476,0.27225071,0,0,0.63881183,0,0,0,0,0,0.088937476,0,0,16461.334,0.0016402074,0.04056982,0.37132472,0.20519803,0.33403531,0.56521916,0.044453409,0.60967261,0.64694101,0.86462623,1.0898647,98768,0.27218199,0.21684675,0.089242727,-0.034840047,0.30265677,0.16363998,0.26748198,0.29448935,0.35556528,0.20559505,0.32770568,0.34285697,0.26357356,0.20104308,0.094355755,0.0067888447,0.04334667,1.3088424,-1.6347415,-0.86610824,-0.79468173,0.85140163,10.841248,11.203833,10.495908,10.607766,10.835319,11.021316,0.32654464,0.57993484,0.23025997,0.20897867,0.22269455,0.38624516,0.15310243,0.1054106,0.24202994,0.21330799,0.1403472,0.097023465,0.06205887,0.049307898,0.10077421,0.067070812,0.15641686,0.047070153000000003,0.14884733,0.062784396,0.27716196,0.25981876,0.18751757,0.073225409,0.22115943,0.094020627,0.44817171,0.26677114,0.26319221,0.14697379,2.484679,1.7141148,-0.45223722,1.5966845,Suburb
1300510,Bremen City,2018,13,GA,0,all,all,0,5.5,2063,12,171.9166666666667,0,0.5657353883257101,0.0215873708757151,0.0247437238641562,0.5746094225142843,0.0188392759041558,0.0223110476384099,Bremen City,Pre-Kindergarten,12,0,0,0.60814363,0.3918564,0,0,0,0,0,0,0.60814363,0,0,0.3918564,0,0,176.16667,0.0028382214,0.016083255,0.012298959,0.056764428,0.8836329,0.074565627,0.035050292,0.10961591,0.24418604,0.0013134851,0.089754812,1057,0,0,0,0,9.7391046e-9,7.512452e-9,-8.9350563e-9,-1.4804111e-8,0,0,0,0,0,0,0,0,0.69503736,NA,NA,NA,NA,0.68818617,10.902862,NA,NA,NA,NA,10.927411,0.30414155,NA,NA,NA,NA,0.31322923,0.072231151,NA,NA,NA,NA,0.078392267,0.026577795,NA,NA,NA,NA,0.020720087,0.14847232,NA,NA,NA,NA,0.13530636,0.11588853,NA,NA,NA,NA,0.11808992,NA,NA,NA,NA,Town
1301110,Cherokee County,2018,13,GA,0,all,all,0,5.5,40205,12,3350.416666666667,0,0.2469534880106092,0.0056557864593216,0.0133501014907524,0.2483034602016498,0.0055888577602627,0.0131946906441546,Cherokee County,Pre-Kindergarten,12,0,0.6907962,0,0.30920383,0,0,0,0.6907962,0,0,0,0,0,0.30920383,0,0,3387.6667,0.0011807537,0.017416118,0.18714947,0.074928664,0.67937618,0.26810923,0.042810392,0.31091961,0.31821573,0.11942749,0.23032133,20326,0.054455776,0.12817132,0.031720623,3.811717e-4,0.075599097,0.10745949,0.091830187,0.10241207,0.047356077,0.11927572,0.11117385,0.12702237,0.076868877,0.12069666,0.050240811,0.031266298,1.1479024,1.2643116,0.37079003,0.1336126,-0.76867557,1.3140638,11.190694,11.116928,11.178024,10.862782,10.999473,11.224888,0.36951306,0.45796648,0.34614626,0.18968368,0.14225528,0.38499299,0.081143595,0.048366811,0.093209505,0.22488509,0.21174988,0.061115142,0.042839605,0.043490469,0.088203557,0.032868486,0.1656487,0.039670832,0.049989413,0.039545942,0.092300721,0.10009269,0.19547889,0.043143868,0.11539894,0.10582144,0.26560694,0.1650227,0.18708976,0.100238,0.94586545,1.161562,-0.040463302,1.5947678,Suburb
1302130,Fayette County,2018,13,GA,0,all,all,0,5.5,18546,12,1545.5,0,0.4460462505882689,0.0079660763782334,0.0144808722873932,0.447198472724928,0.0077816780772753,0.0142625048230961,Fayette County,Pre-Kindergarten,12,0,0.55342972,0,0.44657028,0,0,0,0.55342972,0,0,0,0,0,0.44657028,0,0,1549.3334,0.0033347677,0.066049911,0.11628658,0.28248709,0.48268071,0.22402324,0.048839819,0.27286306,0.2923674,0.036755756,0.098778054,9296,0.20978589,0.13652217,0.10263396,0.049591295,0.29494584,0.13818116,0.11364372,0.13435321,0.36104637,0.15252317,0.11959253,0.15575351,0.31886184,0.19951367,0.14455916,0.064610019,1.3386308,1.6994507,0.87997174,0.77753478,NA,1.5461444,11.280402,11.310092,11.242702,10.899666,NA,11.317855,0.4646675,0.51564807,0.48319724,0.3036049,NA,0.46652901,0.056454923,0.040073898,0.062367216,0.091270171,NA,0.043908354,0.051009025,0.044724159,0.070949621,0.034770913,NA,0.044523343,0.04629809,0.029849434,0.082050137,0.056449763,NA,0.035144664,0.12055337000000001,0.053301197,0.21945013,0.15611978,NA,0.08634147,0.67515802,0.74111545,-0.19206843,NA,Suburb
1302550,Gwinnett County,2018,13,GA,0,all,all,0,5.5,167811,12,13984.25,0,0.2367235589657869,0.0028449999902061,0.0124230155068814,0.2377882123701507,0.0028364778898814,0.0122845487076359,Gwinnett County,Pre-Kindergarten,12,0,0.99600989,0,0.0039900942,0,0,0,0.99600989,0,0,0,0,0,0.0039900942,0,0,14106,0.0016777731,0.10204878,0.31503144,0.31893048,0.22356917,0.49325451,0.080847092,0.57410163,0.58873218,1.1639946,1.0531224,84636,0.21333982,0.3160353,0.18337765,0.078745827,0.2008902,0.3055439,0.17526463,0.21525797,0.24709935,0.36069697,0.22313339,0.26250076,0.22144249,0.26548052,0.16768737,0.051631469,0.65891868,0.97176188,0.10819139,-0.30022404,-0.30300099,1.3407713,11.033977,10.953325,10.962344,10.703553,10.558929,11.23285,0.3631219,0.44181404,0.34843847,0.16214652,0.17603889,0.42731705,0.11289839,0.098291874,0.1119637,0.21436357,0.13871126,0.05976193,0.048280139,0.042364541,0.063347012,0.043459978,0.076363787,0.04030766,0.084014356,0.0704991,0.11229621,0.16556396,0.14058697,0.039228518,0.18724298,0.11502718,0.32905665,0.19817384,0.21049206,0.1166851,1.2338724,1.6354222,0.35833311,1.5303441,Suburb
1303210,Lamar County,2018,13,GA,0,all,all,0,5.5,2400,12,200,0,-0.1788000410730584,0.0203072369138343,0.0236351678736271,-0.1972745547348939,0.0177713361000909,0.0214169306137197,Lamar County,Pre-Kindergarten,12,0,0,0.77303118,0.2269688,0,0,0,0,0,0,0,0.77303118,0,0.2269688,0,0,202.33333,8.2372321e-4,0.0016474464,0.033772651,0.32454696,0.59225702,0.64003295,0.10214168,0.74217463,0.86833334,0.0070579494,0.11552749,1214,0,0,0,0,-6.9988859e-9,7.1148909e-9,1.2531238e-8,-3.9892298e-9,0,0,0,0,0,0,0,0,-0.57473451,NA,-2.3213568,NA,NA,0.21895015,10.556697,NA,10.0897,NA,NA,10.71469,0.17216274,NA,0.12729061,NA,NA,0.19185767,0.19368859,NA,0.34408951,NA,NA,0.13052906,0.095701918,NA,0.14230713,NA,NA,0.063959427,0.12388759,NA,0.21739671,NA,NA,0.083636403,0.18744969,NA,0.41925487,NA,NA,0.10506175,2.4760873,NA,NA,NA,Town
1303720,Monroe County,2018,13,GA,0,all,all,0,5.5,3471,12,289.25,0,0.17642102245422361,0.0167955506735899,0.0206960820390979,0.1762979473253339,0.0152170751887296,0.0193500363676646,Monroe County,Pre-Kindergarten,12,0,0,0.1629338,0.83706623,0,0,0,0,0,0,0,0.1629338,0,0.83706623,0,0,294.16666,0.0011331445,0.0073654391,0.030028328,0.23966005,0.69121814,0.48489553,0.061841585,0.54673713,0.53629035,0.0051685944,0.13413733,1765,0.0072069466,0.0039693215,0,-0.0015048385,0.0046526026,0.024894446,0.014585065,0.018694839,0.0052163424,0.0060722209,0.020024875,0.025533855,0.0041611143,-0.0030121978,0,3.0207633e-5,0.15502323,NA,-1.6918133,NA,NA,0.73158902,10.80388,NA,10.303776,NA,NA,10.95448,0.26274574,NA,0.10486398,NA,NA,0.30309945,0.13837722,NA,0.24936646,NA,NA,0.10532409,0.077636629,NA,0.13116741,NA,NA,0.0566127,0.097284198,NA,0.23543155,NA,NA,0.060829472,0.16489202,NA,0.32956383,NA,NA,0.11403202,2.3738403,NA,NA,NA,Rural
1304140,Pierce County,2018,13,GA,0,all,all,0,5.5,3330,12,277.5,0,0.376931113071156,0.0166511574125219,0.0205790751132437,0.3661916215639747,0.0152160354350927,0.019349218704963,Pierce County,Pre-Kindergarten,12,0,0,0,1,0,0,0,0,0,0,0,0,0,0.87014765,0.12985238,0,279.16666,0.0017910447,0.0083582094,0.087164178,0.088955224,0.78507465,0.52674121,0.081044674,0.60778588,0.59939939,0.029250957,0.11536358,1675,0.033168446,-3.4915408e-4,0,-0.0065644146,0.048427988,0.0061052227,0.0089427298,0.016870085,0.022806475,0.0038164186,0.012269702,0.022544812,0.016679985,0.0023302883,0,-0.0012933075,-0.66774899,NA,-3.2218139,NA,NA,-0.21034676,10.61086,NA,9.6634016,NA,NA,10.707105,0.12019242,NA,0.069071643,NA,NA,0.13014799,0.2069096,NA,0.44513747,NA,NA,0.15472457,0.059748236,NA,0.031244572,NA,NA,0.059336603,0.17678149,NA,0.34373951,NA,NA,0.13387278,0.24107033,NA,0.5244599,NA,NA,0.16961792,2.8888371,NA,NA,NA,Rural
1600810,Cottonwood Joint District,2018,16,ID,0,all,all,0,5.5,353,12,29.41666666666667,0,0.3586881723345446,0.046638106169297,0.0478063705601827,0.3270972826495338,0.0275671642286791,0.0294685465486425,Cottonwood Joint District,Pre-Kindergarten,12,0,0,0,1,0,0,0,0,0,0,0,0,0,0,0,1,29.666666,0.0056179776,0,0.033707865,0.011235955,0.92696631,0.2248517,0.15833245,0.38318413,0.40112993,0,0.055276383,178,0,0,0,NA,2.5279448e-8,-7.3391502e-9,-9.0345935e-9,9.02096e-9,0,0,0,0,0,0,0,NA,0.76972067,NA,NA,NA,NA,0.85273874,10.877441,NA,NA,NA,NA,10.889173,0.20341854,NA,NA,NA,NA,0.20912914,0.094946638,NA,NA,NA,NA,0.082057111,0.025244806,NA,NA,NA,NA,0.017595394,0.069654331,NA,NA,NA,NA,0.068267435,0.13960651,NA,NA,NA,NA,0.13018854,NA,NA,NA,NA,Rural
1601800,Lakeland District,2018,16,ID,0,all,all,0,5.5,4461,12,371.75,0,0.2294516168776225,0.0160109466334313,0.0191490608432233,0.2402317735220094,0.0142241844915264,0.0176287865869301,Lakeland District,Pre-Kindergarten,12,0,0,0.42975378,0.57024622,0,0,0,0,0,0,0.42975378,0,0,0.2507759,0.31947032,0,376.5,0.0035413899,0.0048694112,0.040725984,0.0022133687,0.89464366,0.29757738,0.09546008,0.39303747,0.45145413,6.2073249e-4,0.089178562,2259,-0.04701288,0.012041047,0.009301682,-0.058051784,0.1743193,0.044291593,0.067343533,0.039274141,0.0093796467,0.014453827,0.071521662,0.052964147,0.010655855,0.01387562,0.012569037,0.002349982,0.45838389,NA,NA,0.5294686,NA,0.46050233,10.897054,NA,NA,10.762992,NA,10.912661,0.2130409,NA,NA,0.12812011,NA,0.21598056,0.11967041,NA,NA,0.098778613,NA,0.1192534,0.059909426,NA,NA,0.030753372,NA,0.059538271,0.10216686,NA,NA,0.12801002,NA,0.10010906,0.10207315,NA,NA,0.058048729,NA,0.10229068,NA,0.22788928,NA,NA,Rural
1602430,North Gem District,2018,16,ID,0,all,all,0,5.5,146,12,12.16666666666667,0,0.0680449423759146,0.0769419894309998,0.0776556878578702,0.0564397964351465,0.0318720191870875,0.0335301699837716,North Gem District,Pre-Kindergarten,12,0,0,0,1,0,0,0,0,0,0,0,0,0,0,0,1,12.166667,0,0,0,0,0.97260273,0.31749612,0.10057223,0.41806832,0.43835616,0,0.19411765,73,NA,NA,NA,NA,NA,NA,3.6236056e-8,-8.653414e-9,NA,NA,0,0,NA,NA,NA,NA,1.1131495,NA,NA,NA,NA,1.1439254,10.876195,NA,NA,NA,NA,10.885677,0.21103792,NA,NA,NA,NA,0.21905209,0.10497116,NA,NA,NA,NA,0.090154983,0.015056428,NA,NA,NA,NA,0.019967865,0.037303571,NA,NA,NA,NA,0.040339537,0.027154025,NA,NA,NA,NA,0.035665959,NA,NA,NA,NA,Rural
1602460,Notus District,2018,16,ID,0,all,all,0,5.5,412,12,34.33333333333334,0,-0.4066372177690765,0.0472885811924435,0.0484411604967635,-0.3592878238299413,0.0276170378378584,0.0295152074533833,Notus District,Pre-Kindergarten,12,0,0,0,1,0,0,0,0,0,0,0,0,0,1,0,0,34.166668,0.014634146,0.024390243,0.23414634,0.0097560976,0.68780488,0.45168379,0.15374701,0.60543078,0.61352658,0.091346152,0.12740384,205,0,0,0,0,-2.1449388e-8,3.2505256e-9,1.1266716e-8,1.4915654e-8,0,0,0,0,0,0,0,0,0.15080674,NA,NA,NA,NA,0.62554228,10.711597,NA,NA,NA,NA,10.749503,0.13189355,NA,NA,NA,NA,0.15420476,0.13645402,NA,NA,NA,NA,0.096416362,0.043896146,NA,NA,NA,NA,0.031596538,0.088468932,NA,NA,NA,NA,0.053566296,0.18011096,NA,NA,NA,NA,0.13689277,NA,NA,NA,NA,Rural
1700114,South Central CUD 401,2018,17,IL,0,all,all,0,5.5,546,12,45.5,0,-0.1233308823721825,0.0425658107640002,0.044274072793367,-0.1393105637935982,0.0340865790372712,0.0361492916901857,South Central CUD 401,Pre-Kindergarten,12,0,0,0,1,0,0,0,0,0,0,0,0,0,0,0.21846154,0.78153849,47,0,0,0.021276595,0.010638298,0.96099293,0.45407525,0.074829288,0.5289045,0.43589744,0,0.38091451,282,0,0,NA,NA,4.024794e-8,7.2984951e-9,6.6264011e-10,-4.886421e-9,0,0,0,0,0,0,NA,NA,-0.25460839,NA,NA,NA,NA,-0.1954654,10.741022,NA,NA,NA,NA,10.747371,0.12688373,NA,NA,NA,NA,0.12273556,0.13836393,NA,NA,NA,NA,0.12439849,0.070226714,NA,NA,NA,NA,0.058115002,0.171812,NA,NA,NA,NA,0.16046336,0.12514885,NA,NA,NA,NA,0.1202198,NA,NA,NA,NA,Rural
1700321,United CUSD 304,2018,17,IL,0,all,all,0,5.5,790,12,65.83333333333333,0,-0.1688663793749449,0.0337348270194936,0.0358661934103808,-0.1639952597378532,0.0287103553291087,0.0311313495107694,United CUSD 304,Pre-Kindergarten,12,0,0,0,1,0,0,0,0,0,0,0,0,0,0.29590765,0.70409232,0,68.5,0,0.00973236,0.063260339,0.017031631,0.88077861,0.39928049,0.0672777,0.46655816,0.44670051,0.0064585577,0.15285254,411,0.04204908,0.037564058,NA,-0.05710648,0.078565001,0.041670382,0.016513394,0.02278832,0.009750789,0.013358816,0.022254322,0.030915195,0.026750311,0.017371777,NA,-0.0072440775,0.2618151,NA,NA,NA,NA,0.46621686,10.83163,NA,NA,NA,NA,10.90896,0.20067361,NA,NA,NA,NA,0.20003244,0.12178821,NA,NA,NA,NA,0.11620487,0.039269514,NA,NA,NA,NA,0.033871502,0.11705871,NA,NA,NA,NA,0.11282608,0.19431421,NA,NA,NA,NA,0.13990805,NA,NA,NA,NA,Rural
1705910,Bensenville SD 2,2018,17,IL,0,all,all,0,5.5,2800,12,233.3333333333333,0,-0.0940492053150129,0.0219061678847231,0.0250644263271545,-0.0981709572074293,0.0203741613504631,0.0236639571917442,Bensenville SD 2,Pre-Kindergarten,12,0,1,0,0,0,0,0,1,0,0,0,0,0,0,0,0,238.16667,0.0013995802,0.029391183,0.68509448,0.030790763,0.23023093,0.58581322,0.039105751,0.624919,0.68758917,0.26218852,0.14382449,1429,0.011901747,0.0019135376,0,0.0052293935,0.092861108,0.0030487317,0.0012916322,0.0013328972,0.049855351,0.0033927409,0.0017673504,0.0015734803,0.011503577,0.0029880803,0,0.0083558159,0.48652977,1.7627347,NA,-0.21620879,NA,0.86547726,11.072442,11.521454,NA,10.962478,NA,11.097685,0.22233415,0.72096509,NA,0.10418144,NA,0.24372356,0.10604292,0.054315627,NA,0.16559413,NA,0.061320547,0.060604163,0.039697934,NA,0.060403392,NA,0.054018643,0.086952902,0.05329334,NA,0.1687313,NA,0.041674819,0.17549211,0.084704362,NA,0.20304406,NA,0.13953166,NA,1.0569404,-0.65383387,NA,Suburb
1707980,Butler SD 53,2018,17,IL,0,all,all,0,5.5,756,12,63,0,1.260148133504859,0.0396729826320072,0.0415004918842563,1.288233901406124,0.0319371493918455,0.0341300150969064,Butler SD 53,Pre-Kindergarten,8,0,1,0,0,0,0,0,1,0,0,0,0,0,0,0,0,63,0,0.50264549,0.034391534,0.013227513,0.41269842,0.021882553,0.021652739,0.043535288,0.027863776,0.038167939,0.1221374,378,0,0,NA,0,-3.2571286e-9,4.2047024e-9,-2.1707189e-8,9.6482129e-9,0,0,0,0,0,0,NA,0,2.3986394,2.9280763,NA,NA,NA,2.0498736,11.715458,12.224544,NA,NA,NA,11.457452,0.70013058,0.88709819,NA,NA,NA,0.63288766,0.017198641,8.5864012e-4,NA,NA,NA,0.035423808,0.029778991,0.033789411,NA,NA,NA,0.030437289,7.8723452e-4,0.0074119624,NA,NA,NA,0.0015846472,0.087980367,0.036236729,NA,NA,NA,0.12162503,NA,NA,-0.69986695,NA,Suburb
1713170,East Moline SD 37,2018,17,IL,0,all,all,0,5.5,3440,12,286.6666666666667,0,-0.4490188282835891,0.0177470131280349,0.0215244454210167,-0.4502905764317466,0.016834608415215,0.0206949380219325,East Moline SD 37,Pre-Kindergarten,12,0,1,0,0,0,0,0,1,0,0,0,0,0,0,0,0,288.66666,0.0034642033,0.039260969,0.30254042,0.20842956,0.39203233,0.62932795,0.074276879,0.70360482,1,0.17224956,0.17623067,1732,0,0,0,0,0.027226567,0.0093822638,0.0056976103,NA,0.035654936,0.012602163,0.0077051944,NA,0.0096822977,0.0044127307,-5.0613284e-4,0.0070094666,-0.23319456,0.92993873,-0.9536373,-0.19363689,NA,-0.097831279,10.695609,10.980829,10.936627,10.828638,NA,10.636618,0.20760788,0.44975719,0.17018294,0.12139784,NA,0.21973364,0.15387225,0.099416055,0.17658085,0.18672083,NA,0.13460262,0.068776838,0.0051747332,0.12067226,0.059331644,NA,0.061224084,0.14783445,0.059766084,0.22614017,0.11093924,NA,0.13046435,0.21355875,0.088136978,0.32959977,0.20675449,NA,0.17985946,0.97676063,0.2537142,-0.41433403,NA,Suburb
1713710,SD U-46,2018,17,IL,0,all,all,0,5.5,35082,12,2923.5,0,-0.2403506708492918,0.0061745407688252,0.013655410261928,-0.2376977293212352,0.006134226183043,0.0135094466986154,SD U-46,Pre-Kindergarten,12,0.4485386,0.54280216,0,0.0086592473,0,0.42604536,0.022493239,0.54280216,0,0,0,0,0,0.0086592473,0,0,2956.6667,0.012288613,0.083652765,0.5449267,0.062063135,0.25749719,0.56905687,0.045392681,0.61444956,0.63376594,1,0.46933049,17740,0.23305951,0.28879488,0.29280683,0.0047570965,0.21851455,0.29880804,0.16150625,0.19362104,0.22091337,0.35420352,0.20901346,0.24039938,0.28182691,0.35291338,0.35820174,-9.0380512e-5,0.68708831,1.4995592,-2.0766048,-0.048386939,NA,1.1517215,11.140811,11.42001,10.802396,10.957052,NA,11.215013,0.28911412,0.54707253,0.25332421,0.092512764,NA,0.33792308,0.088527314,0.042245381,0.27841568,0.13528048,NA,0.046476752,0.055617601,0.046166308,0.15300585,0.061349817,NA,0.045535926,0.10310938,0.10269999,0.28428081,0.17537242,NA,0.054387141,0.15423238,0.070221178,0.52773255,0.16179593,NA,0.13205765,3.0921955,1.1960824,-0.34621921,NA,Suburb
1714410,Eswood CCSD 269,2018,17,IL,0,all,all,0,5.5,74,8,9.25,0,0.4508017517063772,0.1042855966107478,0.1049944328818214,0.3419574210908661,0.0496651716438093,0.0511028932023133,Eswood CCSD 269,Kindergarten,8,0,0,0,1,0,0,0,0,0,0,0,0,0,0,1,0,8.833333,0,0,0.1509434,0,0.81132078,0.46153843,0.061135177,0.52267361,0.52830189,0.03846154,0.26923078,53,NA,0,NA,NA,NA,-1.3809457e-8,3.1035508e-8,-6.5067662e-9,NA,0,0,0,NA,0,NA,NA,0.34957004,NA,NA,NA,NA,0.48494124,10.991642,NA,NA,NA,NA,11.019941,0.24081235,NA,NA,NA,NA,0.25194865,0.14476585,NA,NA,NA,NA,0.11610362,0.052444126,NA,NA,NA,NA,0.0449971,0.11165436,NA,NA,NA,NA,0.093145989,0.11722834,NA,NA,NA,NA,0.11652742,NA,NA,NA,NA,Rural
1715880,Serena CUSD 2,2018,17,IL,0,all,all,0,5.5,568,12,47.33333333333334,0,-0.1041291034146048,0.0387728642661258,0.0406408695664242,-0.1060788605635596,0.031759170406411,0.0339635293239888,Serena CUSD 2,Kindergarten,12,0,0,0,1,0,0,0,0,0,0,0,0,0,0,1,0,46.666668,0.0035714286,0,0.092857145,0.021428572,0.84642857,0.37305018,0.029736165,0.40278634,0.41549295,0.0077279755,0.16074188,280,0.0014297739,1.7220775e-5,-0.0080740154,NA,0.027883153,0.0015213041,0.0013489433,4.5271532e-5,0.0041463412,8.1655697e-4,0.0017209768,6.1180726e-5,-0.0029376913,9.9845103e-4,0.016589314,NA,0.27348137,NA,NA,NA,NA,0.38716426,10.892325,NA,NA,NA,NA,10.898415,0.12386117,NA,NA,NA,NA,0.15870422,0.11638264,NA,NA,NA,NA,0.10392036,0.058547724,NA,NA,NA,NA,0.053098965,0.073185816,NA,NA,NA,NA,0.058349956,0.16754955,NA,NA,NA,NA,0.14363955,NA,NA,NA,NA,Rural
1716590,Giant City CCSD 130,2018,17,IL,0,all,all,0,5.5,268,12,22.33333333333333,0,0.712263604709638,0.06385429013029,0.0650055047189001,0.7555642076990464,0.0425481499598076,0.0442178864741439,Giant City CCSD 130,Pre-Kindergarten,8,0,0,0,1,0,0,0,0,0,0,0,0,0,1,0,0,22.166666,0,0.022556391,0.022556391,0.067669176,0.81954885,0.33175355,0.014218009,0.34597155,0.34328359,0.014218009,0.18957347,133,0,0,NA,0,-4.8217434e-9,-1.6506025e-8,-1.4974761e-8,-2.2430214e-8,0,0,0,0,0,0,NA,0,0.39824605,NA,NA,NA,NA,0.97016853,10.786585,NA,NA,NA,NA,10.851764,0.48694849,NA,NA,NA,NA,0.48305002,0.16083664,NA,NA,NA,NA,0.11794218,0.06228913,NA,NA,NA,NA,0.039990816,0.11802951,NA,NA,NA,NA,0.081625335,0.081446499,NA,NA,NA,NA,0.03110924,NA,NA,NA,NA,Rural
1717310,Grant CCSD 110,2018,17,IL,0,all,all,0,5.5,798,12,66.5,0,-0.1124002690997101,0.0356889698168395,0.037710049619471,-0.149684596643345,0.0299858506558619,0.032311416849059,Grant CCSD 110,Kindergarten,8,0,1,0,0,0,0,0,1,0,0,0,0,0,0,0,0,65.666664,0.002538071,0.002538071,0.032994922,0.42131978,0.44670051,0.54086798,0.032950692,0.57381862,0.54250002,0.0053667263,0.27012521,394,0,0,0,0,-7.340307e-9,1.3027202e-8,1.2952927e-8,-4.2695181e-9,0,0,0,0,0,0,0,0,0.53506392,NA,-0.88970065,NA,NA,0.92149419,10.857136,NA,10.735106,NA,NA,10.929841,0.33366057,NA,0.29462066,NA,NA,0.32979372,0.10243647,NA,0.11296976,NA,NA,0.1009424,0.056899179,NA,0.10237885,NA,NA,0.043212764,0.090278149,NA,0.22677951,NA,NA,0.043627676,0.15512642,NA,0.3614901,NA,NA,0.10819311,1.7663943,NA,NA,NA,Suburb
1721270,Kirby SD 140,2018,17,IL,0,all,all,0,5.5,4651,12,387.5833333333333,0,0.3695859986640175,0.0142620815188668,0.0187550591832307,0.3711833946395091,0.0138080566941874,0.0183177195334979,Kirby SD 140,Pre-Kindergarten,12,0,1,0,0,0,0,0,1,0,0,0,0,0,0,0,0,396.66666,0,0.051680673,0.088235296,0.031092437,0.78613448,0.12401041,0.011435314,0.13544573,0.13181622,0.04200175,0.2255301,2380,0.0045691901,0.0023073193,NA,-0.0090243323,0.027885467,0.012718533,0.011569971,0.017269474,0.0081642158,0.0084809754,0.008266435,0.013298161,0.0096910335,0.0081224358,NA,0.0021289762,1.1807611,2.6653142,0.65304881,1.0213146,NA,1.1145341,11.252223,11.80286,11.303804,10.929431,NA,11.242937,0.35207012,0.69096565,0.26917121,0.26903114,NA,0.34368345,0.077760346,9.5856265e-4,0.10010424,0.093331195,NA,0.080007657,0.0458504,0.002296109,0.071730018,0.059973195,NA,0.044915516,0.043648276,0.025608746,0.09096998,0.0058810282,NA,0.048458699,0.11860671,0.041830245,0.24202985,0.039049637,NA,0.12945141,0.59737378,0.16633618,-1.3606379,NA,Suburb
1724650,Marissa CUSD 40,2018,17,IL,0,all,all,0,5.5,437,11,39.72727272727273,0,-0.1292925038219123,0.0463852300861856,0.0479576359494926,-0.1853294889007316,0.0354396106338106,0.0374278295004413,Marissa CUSD 40,Pre-Kindergarten,12,0,0,0,1,0,0,0,0,0,0,0,0,0,0,1,0,38.833332,0,0,0.012875536,0.012875536,0.87982833,0.56550467,0.072426476,0.63793117,0.62820512,0,0.19137931,233,0,0,NA,NA,-5.7395693e-9,2.1294764e-9,5.1795817e-9,-5.0580109e-9,0,0,0,0,0,0,NA,NA,0.051814739,NA,NA,NA,NA,0.15593018,10.777102,NA,NA,NA,NA,10.808358,0.12144056,NA,NA,NA,NA,0.12253673,0.125717,NA,NA,NA,NA,0.11166094,0.052919585,NA,NA,NA,NA,0.046639223,0.15410465,NA,NA,NA,NA,0.13583025,0.14119753,NA,NA,NA,NA,0.13247336,NA,NA,NA,NA,Rural
1725500,Medinah SD 11,2018,17,IL,0,all,all,0,5.5,793,12,66.08333333333333,0,0.1802596093353228,0.035557620511187,0.0375857639556957,0.1930646156837836,0.029863253977523,0.0321976762727381,Medinah SD 11,Pre-Kindergarten,12,0,1,0,0,0,0,0,1,0,0,0,0,0,0,0,0,66.833336,0,0.074812971,0.20947631,0.047381546,0.63092268,0.3466334,0.062177442,0.40881085,0.38442212,0.063193589,0.11189889,401,0,0,NA,0,-7.7700841e-9,-1.3865592e-9,-4.254106e-8,-1.3940086e-8,0,0,0,0,0,0,NA,0,1.119254,NA,NA,0.3264581,NA,1.1513287,11.050863,NA,NA,10.805453,NA,11.11169,0.3508085,NA,NA,0.078906432,NA,0.36171928,0.072379291,NA,NA,0.019271649,NA,0.083727226,0.042720668,NA,NA,0.0062275529,NA,0.043816235,0.055690259,NA,NA,0.16650283,NA,0.043072246,0.096380211,NA,NA,0.16197127,NA,0.10191083,NA,0.80234241,NA,NA,Suburb
1725590,CUSD 4,2018,17,IL,0,all,all,0,5.5,602,12,50.16666666666666,0,-0.1318778605014709,0.0408432744593419,0.042620632846977,-0.1796585437507812,0.0329272917582286,0.035058279503842,CUSD 4,Pre-Kindergarten,12,0,0,0,1,0,0,0,0,0,0,0,0,0,0,1,0,49.333332,0,0.0033783785,0.030405406,0.0067567569,0.9527027,0.25556719,0.070792347,0.32635957,0.26910299,0.011904762,0.18154761,296,0,0,NA,0,1.4733285e-8,-1.5022873e-9,-4.6721951e-9,-3.6811327e-9,0,0,0,0,0,0,NA,0,0.75324357,NA,NA,NA,NA,0.7423659,10.89438,NA,NA,NA,NA,10.887634,0.21162169,NA,NA,NA,NA,0.20692052,0.086745858,NA,NA,NA,NA,0.085223459,0.040542543,NA,NA,NA,NA,0.039340083,0.086728327,NA,NA,NA,NA,0.086233869,0.096050426,NA,NA,NA,NA,0.098480716,NA,NA,NA,NA,Rural
1727710,Naperville CUSD 203,2018,17,IL,0,all,all,0,5.5,14480,12,1206.666666666667,0,0.9154561269850118,0.0097268559744297,0.0155870780732946,0.9164066921174144,0.0095755795187477,0.0153807718388207,Naperville CUSD 203,Pre-Kindergarten,12,0.90414274,0.09585727,0,0,0,0.90414274,0,0.09585727,0,0,0,0,0,0,0,0,1219,0.0019141373,0.16967459,0.10596117,0.043068089,0.63412631,0.12938009,0.019098926,0.14847901,0.15763342,0.13416483,0.25714925,7314,0.041560285,0.028567301,9.6527115e-4,-0.014350962,0.0774258,0.053077504,0.042125572,0.04083766,0.033715934,0.045218635,0.033613585,0.035803728,0.046742514,0.042064052,0.015216455,-0.01708734,1.8236487,1.9035733,-0.64295638,-0.088545457,NA,2.0862734,11.546049,11.615073,10.82938,11.133682,NA,11.591307,0.6549229,0.78631264,0.44646856,0.36293492,NA,0.6596185,0.05187558,0.063286819,0.22609158,0.1239871,NA,0.033722907,0.049323201,0.05954957,0.085217223,0.082449391,NA,0.038605042,0.039640713,0.048420876,0.18493558,0.16468412,NA,0.020244513,0.098881438,0.088750578,0.37383026,0.25733739,NA,0.071686544,2.5368834,1.8851484,0.14836307,NA,City
1729760,O Fallon CCSD 90,2018,17,IL,0,all,all,0,5.5,4994,12,416.1666666666667,0,0.4358733457212802,0.0152895653140098,0.0195477897268989,0.4346405413169767,0.014695998824723,0.0189960206541859,O Fallon CCSD 90,Pre-Kindergarten,12,0,1,0,0,0,0,0,1,0,0,0,0,0,0,0,0,414.83334,0.0024106067,0.019686621,0.052631579,0.1820008,0.67577338,0.19730166,0.030442348,0.22774401,0.2384,0.0032813782,0.15291223,2489,0.011217326,0.0062260129,-0.018271551,-0.0021580383,0.020803597,0.010423423,0.010275288,0.011031813,0.022639664,0.0057215663,0.011394366,0.012599379,0.0212887,0.0110136,0.0046374165,0.011154006,1.3356804,NA,-0.43131742,0.31358629,NA,1.6233132,11.345971,NA,10.949676,11.155453,NA,11.423882,0.48542097,NA,0.36619931,0.34513268,NA,0.50392121,0.056917384,NA,0.085306384,0.11116868,NA,0.050998334,0.056965522,NA,0.11123968,0.062244494,NA,0.04567289,0.067807883,NA,0.19683783,0.16325095,NA,0.041149288,0.10927441,NA,0.34888718,0.025984114,NA,0.085262261,1.9411687,0.96162814,NA,NA,Suburb
1730420,Palatine CCSD 15,2018,17,IL,0,all,all,0,5.5,16063,12,1338.583333333333,0,0.1759277556931064,0.0101411774420447,0.0158489354729811,0.178404223110857,0.0099497997876266,0.015616495607269,Palatine CCSD 15,Pre-Kindergarten,12,0.054374509,0.94562548,0,0,0,0,0.054374509,0.94562548,0,0,0,0,0,0,0,0,1367.1666,0.0026819457,0.19041814,0.33597463,0.033646226,0.4089967,0.36057109,0.045664608,0.40623569,0.41051453,0.26516286,0.15800375,8203,0.10580657,0.18982635,0.050300259,-0.093372822,0.1019435,0.17608453,0.1467402,0.1531176,0.056747798,0.21946833,0.17894512,0.19217339,0.12383594,0.21317908,0.084098727,-0.099139772,1.202657,1.9998217,-0.0019464092,-0.30965364,NA,1.4474248,11.18654,11.39815,10.927829,10.805234,NA,11.265918,0.49057525,0.78264713,0.3772563,0.13721693,NA,0.51226026,0.082562588,0.067997321,0.091810778,0.1996206,NA,0.050534375,0.03774238,0.02327173,0.064924121,0.028139306,NA,0.04132659,0.063428916,0.038408458,0.15391612,0.16957277,NA,0.046124376,0.14490432,0.085085459,0.34292603,0.25379258,NA,0.12229279,1.4012039,1.7271198,-0.54271096,NA,Suburb
1730930,Pawnee CUSD 11,2018,17,IL,0,all,all,0,5.5,524,12,43.66666666666666,0,0.0493116199688751,0.041466302363906,0.043218046085525,0.0522928178618236,0.0334211059651214,0.0355224822214027,Pawnee CUSD 11,Pre-Kindergarten,12,0,0,1,0,0,0,0,0,0,0,1,0,0,0,0,0,44.333332,0,0.0075187972,0,0.015037594,0.93609023,0.27589959,0.024562262,0.30046186,0.28244275,0,0.2,266,0,NA,NA,0,-3.429772e-10,NA,-8.6262295e-9,-4.1924464e-9,0,NA,0,0,0,NA,NA,0,0.59548736,NA,NA,NA,NA,0.72932148,10.971863,NA,NA,NA,NA,10.994612,0.22370103,NA,NA,NA,NA,0.22664751,0.1051766,NA,NA,NA,NA,0.092464872,0.04557975,NA,NA,NA,NA,0.042868622,0.082670033,NA,NA,NA,NA,0.06861569,0.15709904,NA,NA,NA,NA,0.13420945,NA,NA,NA,NA,Town
1731890,Pleasant Hill CUSD 3,2018,17,IL,0,all,all,0,5.5,250,12,20.83333333333333,0,-0.773810480129601,0.0629743796010714,0.0641413888363475,-0.7545973942177575,0.0420207932850891,0.0437106793306417,Pleasant Hill CUSD 3,Pre-Kindergarten,12,0,0,0,1,0,0,0,0,0,0,0,0,0,0,1,0,21.333334,0,0,0,0.0078125,0.9921875,0.42978725,0.10638298,0.53617024,0.616,0,0.22115384,128,0,NA,NA,NA,3.2832332e-8,NA,-3.3633512e-9,7.4303332e-9,0,NA,0,0,0,NA,NA,NA,-0.15085471,NA,NA,NA,NA,-0.048745405,10.651407,NA,NA,NA,NA,10.652115,0.11752265,NA,NA,NA,NA,0.11409625,0.1548126,NA,NA,NA,NA,0.1278796,0.05131539,NA,NA,NA,NA,0.045433402,0.17927046,NA,NA,NA,NA,0.16179346,0.12063005,NA,NA,NA,NA,0.11665703,NA,NA,NA,NA,Rural
1732490,Prairie Du Rocher CCSD 134,2018,17,IL,0,all,all,0,5.5,156,12,13,0,-0.1373464705144963,0.0682271939417735,0.0693058097772767,-0.190182105301088,0.0432570517668328,0.0449004337038792,Prairie Du Rocher CCSD 134,Pre-Kindergarten,8,0,0,0,1,0,0,0,0,0,0,0,0,0,0,1,0,13.5,0,0,0,0,0.98765433,0.46153843,0.020979021,0.48251748,0.47435898,0,0.25874126,81,NA,NA,NA,NA,NA,NA,3.1272659e-8,-5.1052194e-9,NA,NA,0,0,NA,NA,NA,NA,0.22869188,NA,NA,NA,NA,0.32130474,10.817153,NA,NA,NA,NA,10.836464,0.078688808,NA,NA,NA,NA,0.08159706,0.10047728,NA,NA,NA,NA,0.092708826,0.055897497,NA,NA,NA,NA,0.04719441,0.10535451,NA,NA,NA,NA,0.10144238,0.13704374,NA,NA,NA,NA,0.12688689,NA,NA,NA,NA,Rural
1734230,Robinson CUSD 2,2018,17,IL,0,all,all,0,5.5,1409,12,117.4166666666667,0,0.0904400720410501,0.0258477126538226,0.0285735808947752,0.0843989959958098,0.0234518928875152,0.0263603433066696,Robinson CUSD 2,Pre-Kindergarten,12,0,0,0.76396734,0.23603265,0,0,0,0,0,0,0,0.76396734,0,0.23603265,0,0,117.33334,0,0.0042613638,0.015625,0.017045455,0.92613637,0.42651096,0.046134591,0.47264558,0.47931525,0.0018963338,0.20417194,704,0,0,NA,0,5.3171467e-10,3.7682493e-9,6.3820425e-9,2.11111e-9,0,0,0,0,0,0,NA,0,0.16674854,NA,NA,NA,NA,0.1867975,10.730087,NA,NA,NA,NA,10.718105,0.16154748,NA,NA,NA,NA,0.18291515,0.11134927,NA,NA,NA,NA,0.11137549,0.047988545,NA,NA,NA,NA,0.047361076,0.15005323,NA,NA,NA,NA,0.14757803,0.13764088,NA,NA,NA,NA,0.12443777,NA,NA,NA,NA,Town
1736300,ESD 159,2018,17,IL,0,all,all,0,5.5,2562,12,213.5,0,-0.2011675945482744,0.019834658050708,0.0232757155787786,-0.1932898515587864,0.0186420927155513,0.0221901789098964,ESD 159,Pre-Kindergarten,12,0,1,0,0,0,0,0,1,0,0,0,0,0,0,0,0,208.66667,0.0015974441,0.0039936104,0.093450479,0.83785945,0.021565495,0.70544398,0.061439622,0.76688361,0.73634946,0.049862444,0.19841339,1252,-0.035178393,0.04131199,0,-0.020142123,0.082995616,0.13324566,0.024583751,0.020747257,0.022997411,0.15945384,0.029693229,0.022355339,0.01251027,-0.0040300786,0,-1.7179549e-4,0.3187483,NA,0.54603928,NA,NA,0.49764943,11.141058,NA,11.32032,NA,NA,10.873231,0.34292448,NA,0.37800574,NA,NA,0.25843027,0.08571811,NA,0.06501554,NA,NA,0.066529289,0.095491685,NA,0.12183222,NA,NA,0.040892687,0.089334436,NA,0.090921849,NA,NA,0.074186035,0.23258521,NA,0.20177914,NA,NA,0.17897746,0.056939464,NA,NA,NA,Suburb
1736450,Skokie SD 68,2018,17,IL,0,all,all,0,5.5,2477,12,206.4166666666667,0,0.0416975250330846,0.0219136149542083,0.0250709352852459,0.0460207928167814,0.0202890566751406,0.0235907236007094,Skokie SD 68,Pre-Kindergarten,12,1,0,0,0,0,0,1,0,0,0,0,0,0,0,0,0,213.33333,0.0023437501,0.29062501,0.18906251,0.095312499,0.37578124,0.4750421,0.046377324,0.52141941,0.50764281,0.20439062,0.19768260000000001,1280,0.0019138405,-0.0023391347,0.0068603009,-0.001287972,0.0046074511,0.0079703452,0.0023696197,0.0012561632,0.0041905632,0.0099461293,0.00324341,0.001737662,0.0011464233,0.0029868484,-0.0075826198,-8.0465031e-4,0.77006143,0.88371241,0.26288548,0.15597193,NA,0.94961804,11.068818,10.996587,10.931624,10.928086,NA,11.139807,0.4495849,0.54664069,0.20264988,0.29848269,NA,0.4531298,0.10909595,0.10209542,0.087713726,0.081412226,NA,0.1152933,0.062159874,0.067363568,0.029903796,0.038449179,NA,0.051235911,0.10654088,0.074967019,0.14630541,0.17355871,NA,0.089014448,0.13421287,0.10440297,0.26878485,0.18352257,NA,0.10797432,0.78443396,0.78751343,0.0051025581,NA,City
1737050,Spring Valley CCSD 99,2018,17,IL,0,all,all,0,5.5,799,12,66.58333333333333,0,-0.0348152820170811,0.0349591333923016,0.0370200794604282,-0.0705573532589565,0.0295423423991718,0.0319002572664846,Spring Valley CCSD 99,Pre-Kindergarten,12,0,0,0.40726933,0.59273064,0,0,0,0,0,0,0,0.40726933,0,0.59273064,0,0,67.5,0,0,0.33580247,0.014814815,0.6123457,0.5471698,0.13050315,0.67767298,0.64588529,0.07828518,0.17054985,405,0,0,NA,NA,9.5179891e-9,6.0568563e-9,-1.939896e-9,1.0692174e-8,0,0,0,0,0,0,NA,NA,-0.093047075,NA,NA,NA,NA,-0.08374837,10.709876,NA,NA,NA,NA,10.654519,0.16455656,NA,NA,NA,NA,0.15432344,0.12968975,NA,NA,NA,NA,0.12042111,0.048967496,NA,NA,NA,NA,0.040015209,0.16771387,NA,NA,NA,NA,0.16199236,0.19196464,NA,NA,NA,NA,0.1757628,NA,NA,NA,NA,Town
1739030,CCSD 146,2018,17,IL,0,all,all,0,5.5,2504,10,250.4,0,0.2237266986301842,0.0230057976777153,0.0260309815893227,0.2269518967030849,0.0210778842252274,0.0242724869481907,CCSD 146,Pre-Kindergarten,12,0,1,0,0,0,0,0,1,0,0,0,0,0,0,0,0,256.16666,0.0013012362,0.023422251,0.16395576,0.057905011,0.70657122000000006,0.30390337,0.047002614,0.35090601,0.37364864,0.13000765,0.30444449,1537,0.012582858,0.0034902692,0.095652074,-0.0057568201,0.023024129,0.0083242506,0.0064225364,0.0146953,0.0087447967,0.0078239674,0.0074558724,0.018771105,0.002881204,0.0059286603,-2.9061735e-4,-0.015008171,0.67369282,1.356179,NA,-0.3979961,NA,0.76647502,10.976508,10.848307,NA,10.895,NA,10.97638,0.30735588,0.57813275,NA,0.19487339,NA,0.30201462,0.092410728,0.058004346,NA,0.20032358,NA,0.083007298,0.062531218,0.044579379,NA,0.077417471,NA,0.055079568,0.052603342,0.033691164,NA,0.1147642,NA,0.049417701,0.16407631,0.069111951,NA,0.20577219,NA,0.14498883,NA,1.0995507,-0.39061844,NA,Suburb
1741040,Washington SD 52,2018,17,IL,0,all,all,0,5.5,1332,12,111,0,0.419250473503067,0.0262285598700668,0.0289185516333955,0.4137123144067113,0.0235675497995175,0.0264632919870286,Washington SD 52,Pre-Kindergarten,12,0,1,0,0,0,0,0,1,0,0,0,0,0,0,0,0,112.66666,0.00147929,0.016272189,0.01923077,0.0147929,0.90532547,0.23214751,0.018858317,0.25100583,0.25525525,0.0034647034,0.11693374,676,0,0,0,0,-4.5433741e-9,-1.8004902e-8,-5.123455e-9,-1.6991672e-8,0,0,0,0,0,0,0,0,1.2414939,NA,NA,NA,NA,1.2613076,11.07577,NA,NA,NA,NA,11.087217,0.38871598,NA,NA,NA,NA,0.38591483,0.038075738,NA,NA,NA,NA,0.025708949,0.037271049,NA,NA,NA,NA,0.037697617,0.037728921,NA,NA,NA,NA,0.035583004,0.14024423,NA,NA,NA,NA,0.13427882,NA,NA,NA,NA,Suburb
1741980,CUSD 201,2018,17,IL,0,all,all,0,5.5,1075,12,89.58333333333333,0,0.4008472790708498,0.034922252710253,0.0369852539544405,0.4030638863096178,0.0294739716806781,0.0318369506371357,CUSD 201,Pre-Kindergarten,12,0,1,0,0,0,0,0,1,0,0,0,0,0,0,0,0,90.333336,0,0.051660515,0.23616236,0.083025828,0.56826568,0.34384406,0.020747954,0.36459202,0.40185186,0.15899825,0.35585323,542,-3.1801066e-4,0.02928037,NA,0.025585869,0.003084786,0.020637173,0.010452759,0.026444072,0.0024574134,0.026637275,0.013558576,0.035393205,-6.198734e-4,0.016992042,NA,0.016172474,0.94960344,1.0857993,NA,-0.63900459,NA,1.3060986,11.06038,10.767323,NA,10.671879,NA,11.176346,0.41881794,0.6803723,NA,0.22679937,NA,0.44417968,0.10055272,0.11465997,NA,0.21745831,NA,0.059598766,0.040173642,0.0084849466,NA,0.059788581,NA,0.03870254,0.071284667,0.083802685,NA,0.18920818,NA,0.05624003,0.15054122,0.08595784,NA,0.18910827,NA,0.1167023,NA,1.5294167,-0.040461458,NA,Suburb
1800120,Alexandria Community School Corporation,2018,18,IN,0,all,all,0,5.5,1310,12,109.1666666666667,0,0.0778484544341279,0.0307763887482768,0.0330478235563105,0.0711713386979023,0.0238962676189499,0.026717707550635,Alexandria Community School Corporation,Pre-Kindergarten,12,0,1,0,0,0,0,0,0,0,1,0,0,0,0,0,0,113.66666,0,0.0014662757,0.067448683,0.004398827,0.89589441,0.4702597,0.062664099,0.53292376,0.52206999,0.012426423,0.17593198,682,0,0,NA,0,1.1136094e-8,-7.6955047000000008e-09,-9.1935339e-9,1.0834981e-8,0,0,0,0,0,0,NA,0,-0.12590052,NA,NA,NA,NA,-0.019432778,10.783073,NA,NA,NA,NA,10.789315,0.12735663,NA,NA,NA,NA,0.12963419,0.1629146,NA,NA,NA,NA,0.13381952,0.059133206,NA,NA,NA,NA,0.054528821,0.11320371,NA,NA,NA,NA,0.10498501,0.1987619,NA,NA,NA,NA,0.17583272,NA,NA,NA,NA,Suburb
1803940,Greater Clark County Schools,2018,18,IN,0,all,all,0,5.5,9472,12,789.3333333333334,0,0.0950379111640769,0.01137124719749,0.0165613344948526,0.0943227045629483,0.0108138926584094,0.0161165928493706,Greater Clark County Schools,Pre-Kindergarten,12,0,0.72399026,0.16243309,0.11357664,0,0,0,0.72399026,0,0,0.16243309,0,0,0.050218977,0.063357666000000007,0,782.33331,0.0031955689,0.012143161,0.14614402,0.14742224,0.60140604,0.51144242,0.081223182,0.59266555,0.58220911,0.062092457,0.17917275,4694,0.067777835,0.084604122,0.065658011,0.058871102,0.13935256,0.15671627,0.048787903,0.043590136,0.12440345,0.17191605,0.064725943,0.056807194,0.13708104,0.17040166,0.14240207,0.13209547,0.24817552,NA,-0.98542476,0.041954327,NA,0.35284552,10.775624,NA,10.527031,10.658461,NA,10.789177,0.20125653,NA,0.18098725,0.13444965,NA,0.19873127,0.1080161,NA,0.18373339,0.13284777,NA,0.097287454,0.057098813,NA,0.09426944,0.062086809,NA,0.052017983,0.090831861,NA,0.14384612,0.10261783,NA,0.085025229,0.18788017,NA,0.39859799,0.15543786,NA,0.17182086,1.3625362,0.42272615,NA,NA,Suburb
1809510,Richmond Community Schools,2018,18,IN,0,all,all,0,5.5,4066,12,338.8333333333333,0,-0.2181968492214437,0.0202519502572397,0.0235608579352638,-0.2111231464507743,0.0171846579174697,0.0209312388163061,Richmond Community Schools,Pre-Kindergarten,12,0,0,1,0,0,0,0,0,0,0,0,1,0,0,0,0,360.66666,0.0046210722,0.013863216,0.11182994,0.085489832,0.65157115,0.62919354,0.085319713,0.71451324,0.75917768,0.038097296,0.24832398,2164,0.0040126345,0.018065384,0.025379434,-0.038864344,0.025910323,0.021639803,0.024160547,0.045924507,0.018570961,0.018679002,0.02808222,0.045053203,0.020685956,0.020356335,0.02207841,-0.022659704,-0.62877047,NA,-1.7251394,-1.0196348,NA,-0.49091578,10.496523,NA,10.227597,10.463079,NA,10.524108,0.1879357,NA,0.10852008,0.060047854,NA,0.19442983,0.18996786,NA,0.28870341,0.25881782,NA,0.17309166,0.06557025,NA,0.078436263,0.052894544,NA,0.061803211,0.16795535,NA,0.23732555,0.16198696,NA,0.15511817,0.26017442,NA,0.39593321,0.2440856,NA,0.23066722,1.4011145,0.97294813,NA,NA,Town
1809810,Salem Community Schools,2018,18,IN,0,all,all,0,5.5,1732,12,144.3333333333333,0,-0.0163380086464946,0.0352829532628249,0.0372808171633973,-0.0171828643038982,0.0250657153012313,0.0277685861038542,Salem Community Schools,Kindergarten,12,0,0,0.54852319,0.45147678,0,0,0,0,0,0,0,0.54852319,0,0.45147678,0,0,150.33333,0.0033259424,0.0055432371,0.019955654,0.0044345898,0.94900221,0.47179684,0.086826779,0.55862361,0.55299538,0.003164557,0.26898733,902,0,0,0,0,-3.459504e-8,-1.1232892e-8,1.3245137e-8,-3.402727e-9,0,0,0,0,0,0,0,0,-0.15957613,NA,NA,NA,NA,-0.15169697,10.590101,NA,NA,NA,NA,10.585834,0.14554107,NA,NA,NA,NA,0.14371112,0.14887351,NA,NA,NA,NA,0.14104459,0.057841569,NA,NA,NA,NA,0.052718069,0.14156856,NA,NA,NA,NA,0.14268425,0.16633229,NA,NA,NA,NA,0.15854794,NA,NA,NA,NA,Town
1810290,South Bend Community School Corporation,2018,18,IN,0,all,all,0,5.5,16216,12,1351.333333333333,0,-0.5433284974041804,0.0140911195581536,0.0185346213294512,-0.5405609478476426,0.0132357710003267,0.0178322719982024,South Bend Community School Corporation,Pre-Kindergarten,12,0.81804901,0.15957224,0,0.022378717,0,0.81804901,0,0.15957224,0,0,0,0,0,0.022378717,0,0,1387,0.0037250661,0.010334054,0.22422494,0.37358809,0.29151645,0.66237134,0.07534194,0.73771328,0.74981558,0.14552887,0.36489162,8322,0.078593969,0.095942706,0.072355725,-0.0089167655,0.096771248,0.18676898,0.084744036,0.086266823,0.12577716,0.23638472,0.10284503,0.096185446,0.11501482,0.16057585,0.10793337,0.023253551,-0.27702239,0.7307952,-2.9065533,-0.88635492,-1.037534,0.50426418,10.643507,10.366953,10.084997,10.505424,10.453184,10.809371,0.28340617,0.64742631,0.1262493,0.14880273,0.083774075,0.33175224,0.1938867,0.23179962,0.3419269,0.28259689,0.19042043,0.12420952,0.064902268,0.012524876,0.14194861,0.063343912,0.0032872132,0.046408433,0.14045922,0.061838806,0.31683242,0.19990705,0.22390978,0.086717494,0.23823525,0.066994414,0.5633074,0.21531214,0.24126862,0.16130555,3.3848932,1.3692347,-0.16329969,1.5269724,City
1810770,Southern Wells Community Schools,2018,18,IN,0,all,all,0,5.5,843,12,70.25,0,0.1164664030719371,0.0339434046723321,0.0360156529605347,0.1109817344767947,0.025260198165118,0.0279442642054826,Southern Wells Community Schools,Kindergarten,12,0,0,0,1,0,0,0,0,0,0,0,0,0,0,1,0,70.833336,0.0023529411,0.0070588235,0.016470589,0.0023529411,0.97176468,0.30185929,0.091060154,0.39291945,0.38388625,0.0068415049,0.12314709,425,0,0,0,0,2.6054069e-8,-1.5575903e-8,-3.7211269e-8,2.3189914e-8,0,0,0,0,0,0,0,0,1.0079089,NA,NA,NA,NA,1.0311192,11.009346,NA,NA,NA,NA,11.042296,0.17519109,NA,NA,NA,NA,0.16993777,0.070532441,NA,NA,NA,NA,0.066346891,0.03151672,NA,NA,NA,NA,0.032624573,0.030397782,NA,NA,NA,NA,0.030999167,0.11973921,NA,NA,NA,NA,0.11604231,NA,NA,NA,NA,Rural
1810870,Southwest Dubois County School Corporation,2018,18,IN,0,all,all,0,5.5,1582,12,131.8333333333333,0,0.1819602886855375,0.0296839076038708,0.0320329035221459,0.2215078903279834,0.0230171365714077,0.0259343954352443,Southwest Dubois County School Corporation,Kindergarten,12,0,0,0,1,0,0,0,0,0,0,0,0,0,0.88920945,0.11079054,0,131.5,0,0.0038022813,0.28517109,0.0012674271,0.69328266,0.41884178,0.099636577,0.51847833,0.49306431,0.15926139,0.14829776,789,0,0.047326881,NA,0.019592389,-2.7598123e-8,0.071942076,0.025791921,0.026139321,0,0.066084854,0.034186605,0.035221994,0,0.065901048,NA,0.055693358,0.33285508,NA,NA,-0.034980629,NA,0.56925309,10.751765,NA,NA,10.453764,NA,10.783868,0.14013921,NA,NA,0.050049186,NA,0.15823458,0.14868915,NA,NA,0.23925561,NA,0.098860919,0.022709262,NA,NA,0.0032742668,NA,0.028128481,0.091417938,NA,NA,0.011625346,NA,0.084826857,0.14976141,NA,NA,0.16715254,NA,0.12593748,NA,0.72551835,NA,NA,Rural
1811190,Sunman-Dearborn Community School Corporation,2018,18,IN,0,all,all,0,5.5,3445,12,287.0833333333333,0,0.3300217671188566,0.0176109344230365,0.0213334842132377,0.3286476593900358,0.0156301713171193,0.0196750234065244,Sunman-Dearborn Community School Corporation,Pre-Kindergarten,12,0,0.14725217,0,0.85274786,0,0,0,0.14725217,0,0,0,0,0,0.17486195,0.67788589,0,290.5,5.7372346e-4,0.0040160641,0.017785428,0.0034423408,0.9558233,0.20513211,0.055017382,0.26014951,0.25246662,0.0054757814,0.21065652,1743,0.016154394,0.042559426,0,0.0015600249,0.032272689,0.046487056,0.011452903,0.019643344,0.0036522062,0.0094152633,0.012141308,0.023579177,0.009373867,0.01125821,0,-0.0058117937,1.1889989,NA,NA,NA,NA,1.236665,11.135902,NA,NA,NA,NA,11.140914,0.26686615,NA,NA,NA,NA,0.2692371,0.061660305,NA,NA,NA,NA,0.061012369,0.03831039,NA,NA,NA,NA,0.034561697,0.044011824,NA,NA,NA,NA,0.03609072,0.076254576,NA,NA,NA,NA,0.079408519,NA,NA,NA,NA,Rural
1811580,Twin Lakes School Corporation,2018,18,IN,0,all,all,0,5.5,2146,12,178.8333333333333,0,0.1305590506846681,0.0232513016966112,0.0261838799266038,0.1367254382809609,0.0195769057742049,0.0229359876686591,Twin Lakes School Corporation,Pre-Kindergarten,12,0,0,0.90329134,0.096708655,0,0,0,0,0,0,0,0.90329134,0,0,0.096708655,0,182.16667,0.0027447392,0.0027447392,0.11619397,0.0054894784,0.82250684,0.49637491,0.082536422,0.57891136,0.56343281,0.046728972,0.12474604,1093,0,0.0089610815,-0.037466723,0.011775692,-1.9512555e-8,0.025101503,0.003479525,0.0030398902,0,0.016415734,0.0048074503,0.0040975194,0,0.015640086,-0.021013916,0.025652746,0.55535752,NA,NA,0.56921345,NA,0.60613769,10.801417,NA,NA,10.614296,NA,10.823998,0.17929293,NA,NA,0.016609009,NA,0.18922418,0.07684043,NA,NA,0.15217632,NA,0.06274163,0.044927962,NA,NA,0.0062712831,NA,0.044475891,0.082554564,NA,NA,0.034470607,NA,0.080131426,0.13344295,NA,NA,0.0082897255,NA,0.13640592000000001,NA,0.25636941,NA,NA,Town
1812150,Wabash City Schools,2018,18,IN,0,all,all,0,5.5,1353,12,112.75,0,0.0712834890227761,0.0327479986430715,0.0348913162914583,0.0450545859893185,0.0248514551589886,0.0275753352502559,Wabash City Schools,Pre-Kindergarten,12,0,0,1,0,0,0,0,0,0,0,0,1,0,0,0,0,115.5,0.0014430014,0.0072150072,0.028860029,0.01010101,0.93506491,0.51336676,0.10390085,0.61726761,0.62130177,0.0045484081,0.19298245,693,0,0,0,0,-1.4176001e-9,2.0316688e-9,8.8635383e-9,-6.7196289e-9,0,0,0,0,0,0,0,0,-0.28085521,NA,NA,NA,NA,-0.20938154,10.550323,NA,NA,NA,NA,10.540608,0.12023192,NA,NA,NA,NA,0.1197201,0.14752667,NA,NA,NA,NA,0.13995287,0.057171423,NA,NA,NA,NA,0.051721275,0.11836128,NA,NA,NA,NA,0.10689854,0.22119889,NA,NA,NA,NA,0.19361794,NA,NA,NA,NA,Town
1905970,CAL Community School District,2018,19,IA,0,all,all,0,5.5,186,12,15.5,0,-0.1698905979109463,0.0700802641077232,0.0710198059874078,-0.2013541503635303,0.0315039771553246,0.0334938128889042,CAL Community School District,Pre-Kindergarten,12,0,0,0,1,0,0,0,0,0,0,0,0,0,0,1,0,16.5,0,0,0.43434343,0,0.56565654,0.40948617,0.1118577,0.52134389,0.58064514,0.13725491,0.19607843,99,NA,0,NA,NA,NA,-2.9139342e-9,2.4118141e-9,-5.9954455e-9,NA,0,0,0,NA,0,NA,NA,0.26819238,NA,NA,NA,NA,0.40804389,10.818376,NA,NA,NA,NA,10.874679,0.16324019,NA,NA,NA,NA,0.18322718,0.14333729,NA,NA,NA,NA,0.11628117,0.037407584,NA,NA,NA,NA,0.034923103,0.114963,NA,NA,NA,NA,0.11343893,0.15355611,NA,NA,NA,NA,0.13463162,NA,NA,NA,NA,Rural
1906240,Cardinal Community School District,2018,19,IA,0,all,all,0,5.5,732,12,61,0,-0.147296143359647,0.0405335942603345,0.0421371770381243,-0.1860461608305812,0.0256775297924048,0.0280832772566442,Cardinal Community School District,Pre-Kindergarten,12,0,0,0,1,0,0,0,0,0,0,0,0,0,0,1,0,61.5,0,0.0027100272,0.027100271,0.021680217,0.92411923,0.4460443,0.13059939,0.57664365,0.55464482,0,0.0738758,369,0,0,NA,0,5.6957443e-9,6.4565651e-9,7.4632567e-9,-1.0156823e-8,0,0,0,0,0,0,NA,0,-0.015938211,NA,NA,NA,NA,0.046557385,10.67265,NA,NA,NA,NA,10.671468,0.15724516,NA,NA,NA,NA,0.14987905,0.14421776,NA,NA,NA,NA,0.12877181,0.059192069,NA,NA,NA,NA,0.051096618,0.15407103,NA,NA,NA,NA,0.14093035,0.10494395,NA,NA,NA,NA,0.10541974,NA,NA,NA,NA,Rural
1908550,Danville Community School District,2018,19,IA,0,all,all,0,5.5,605,12,50.41666666666666,0,0.114008757502499,0.04188578782809,0.0434394825827907,0.1491671318446586,0.0260297782988593,0.0284057086431844,Danville Community School District,Pre-Kindergarten,12,0,0,0,1,0,0,0,0,0,0,0,0,0,0,1,0,50.833332,0.0098360656,0.0065573771,0.022950819,0.0098360656,0.90163934,0.18764554,0.06602297,0.25366852,0.27392739,0.0042313118,0.078984484,305,0,0,0,0,-1.5852066e-8,-1.0800155e-8,1.1078484e-8,-7.1409456e-9,0,0,0,0,0,0,0,0,1.2020769,NA,NA,NA,NA,1.2011189,11.027402,NA,NA,NA,NA,11.038488,0.23530102,NA,NA,NA,NA,0.23627451,0.056495804,NA,NA,NA,NA,0.058202669,0.024851169,NA,NA,NA,NA,0.026977563,0.052013215,NA,NA,NA,NA,0.053098027,0.077046417,NA,NA,NA,NA,0.07884559,NA,NA,NA,NA,Rural
1909120,Dike-New Hartford Community School District,2018,19,IA,0,all,all,0,5.5,801,12,66.75,0,0.2657302458815561,0.0359550607335306,0.037753619924885,0.255410582385124,0.0244137332856824,0.0269326065982881,Dike-New Hartford Community School District,Pre-Kindergarten,12,0,0,0,1,0,0,0,0,0,0,0,0,0,0,1,0,67.166664,0,0.0099255582,0.0099255582,0.012406948,0.93548387,0.1859834,0.026381148,0.21236455,0.26683292,0.0061589782,0.29152498,403,0,0,NA,0,7.3160003e-9,2.1584464e-8,-1.4197821e-10,-3.9105785e-9,0,0,0,0,0,0,NA,0,1.3164992,NA,NA,NA,NA,1.3191694,11.103223,NA,NA,NA,NA,11.134632,0.28886396,NA,NA,NA,NA,0.29359275,0.063934892,NA,NA,NA,NA,0.066528916,0.019242039,NA,NA,NA,NA,0.021490932,0.047482587,NA,NA,NA,NA,0.048626337,0.07985419,NA,NA,NA,NA,0.08457642,NA,NA,NA,NA,Rural
1910350,East Union Community School District,2018,19,IA,0,all,all,0,5.5,465,12,38.75,0,-0.0916934757026059,0.048541922248969,0.0498887526473228,-0.0669649680547717,0.0275993034646234,0.0298505691229847,East Union Community School District,Pre-Kindergarten,12,0,0,0,1,0,0,0,0,0,0,0,0,0,0,1,0,38.333332,0,0,0.043478262,0.0086956518,0.92608696,0.38118279,0.096191123,0.4773739,0.56652361,0,0.12641509,230,0,0,NA,NA,-1.1004544e-8,-1.4771359e-8,2.4391417e-8,1.6967832e-9,0,0,0,0,0,0,NA,NA,0.27926072,NA,NA,NA,NA,0.37436357,10.82509,NA,NA,NA,NA,10.867148,0.16247062,NA,NA,NA,NA,0.1633032,0.11242627,NA,NA,NA,NA,0.10260393,0.061142396,NA,NA,NA,NA,0.050846186,0.12308197,NA,NA,NA,NA,0.12129504,0.090745598,NA,NA,NA,NA,0.091619298,NA,NA,NA,NA,Rural
1914340,Hudson Community School District,2018,19,IA,0,all,all,0,5.5,729,12,60.75,0,0.1070819641464911,0.0396560439225067,0.0412937191914774,0.1320735905771148,0.0256569938385481,0.0280645017426821,Hudson Community School District,Pre-Kindergarten,12,0,1,0,0,0,0,0,0,1,0,0,0,0,0,0,0,60.333332,0,0.0082872929,0.041436464,0.002762431,0.91436464,0.17794694,0.067375913,0.24532285,0.32328767,0.0093085105,0.12632979,362,0,0,NA,0,4.9239681e-8,8.7662961e-9,-1.8207592e-8,-1.4779605e-8,0,0,0,0,0,0,NA,0,1.2387905,NA,NA,NA,NA,1.2194004,11.134786,NA,NA,NA,NA,11.133941,0.35137615,NA,NA,NA,NA,0.35028264,0.060924552,NA,NA,NA,NA,0.062327754,0.049019877,NA,NA,NA,NA,0.045431767,0.057547804,NA,NA,NA,NA,0.059010103,0.062684357,NA,NA,NA,NA,0.068915986,NA,NA,NA,NA,Suburb
1918120,MFL MarMac Community School District,2018,19,IA,0,all,all,0,5.5,724,12,60.33333333333334,0,-0.0614964699472628,0.0374897638148976,0.0392180037224947,-0.0725788418367606,0.0247941972667215,0.0272779607620293,MFL MarMac Community School District,Pre-Kindergarten,12,0,0,0.36101082,0.63898915,0,0,0,0,0,0,0,0,0.36101082,0,0,0.63898915,61.333332,0.0027173914,0,0.016304348,0.0027173914,0.9619565,0.16692548,0.0978771,0.26480258,0.41988951,0,0.1143201,368,0,0,0,NA,2.2615781e-8,-2.0010948e-9,1.6256118e-8,-1.4114261e-8,0,0,0,0,0,0,0,NA,0.35864586,NA,NA,NA,NA,0.4522233,10.698614,NA,NA,NA,NA,10.714617,0.16080655,NA,NA,NA,NA,0.16278642,0.11770471,NA,NA,NA,NA,0.10119533,0.033051457,NA,NA,NA,NA,0.033810291,0.11119679,NA,NA,NA,NA,0.096619211,0.13331765,NA,NA,NA,NA,0.13069604,NA,NA,NA,NA,Rural
1926850,Southeast Warren Community School District,2018,19,IA,0,all,all,0,5.5,460,12,38.33333333333334,0,-0.0609343968935221,0.0443153675011343,0.0457866926283324,-0.0435878996815582,0.0268704937685839,0.0291780458667338,Southeast Warren Community School District,Pre-Kindergarten,12,0,0,0,1,0,0,0,0,0,0,0,0,0,0,1,0,37.666668,0,0,0.026548672,0,0.960177,0.17393316,0.066765599,0.24069878,0.27826086,0,0.16969697,226,NA,0,NA,NA,NA,-2.11081e-8,-2.0228941e-9,2.1974959e-8,NA,0,0,0,NA,0,NA,NA,0.95628625,NA,NA,NA,NA,1.0219603,11.086882,NA,NA,NA,NA,11.127442,0.20249546,NA,NA,NA,NA,0.20913517,0.058031488,NA,NA,NA,NA,0.060907003,0.042641845,NA,NA,NA,NA,0.040912643,0.075253367,NA,NA,NA,NA,0.075705372,0.10387736,NA,NA,NA,NA,0.088291742,NA,NA,NA,NA,Rural
1928680,Urbandale Community School District,2018,19,IA,0,all,all,0,5.5,3669,12,305.75,0,0.3609175302907021,0.0197207131088174,0.0228358479282265,0.3545618581227748,0.0168066086256852,0.0202927824294912,Urbandale Community School District,Pre-Kindergarten,12,0,1,0,0,0,0,0,1,0,0,0,0,0,0,0,0,305.33334,0.0010917030999999999,0.049126636,0.1048035,0.054585151,0.73526204,0.24219748,0.059060927,0.30125841,0.31934604,0.1198972,0.097222343,1832,0.045655821,0.036327239,0.085588604,0.011518707,0.058987774,0.028363625,0.03606993,0.051874775,0.025505394,0.021558514,0.037390504,0.058089849,0.028383175,0.02271405,-7.7426434e-5,-7.1001552e-5,1.1306974,0.75958985,NA,NA,NA,1.220476,11.120482,10.486734,NA,NA,NA,11.123308,0.44358185,0.40841755,NA,NA,NA,0.45322886,0.068232395,0.11192131,NA,NA,NA,0.053551931,0.041128278,0.043959793,NA,NA,NA,0.039186478,0.067236841,0.057157516,NA,NA,NA,0.064410672,0.14074078,0.084792502,NA,NA,NA,0.12608004,NA,NA,-0.031233041,NA,Suburb
1929760,Wapsie Valley Community School District,2018,19,IA,0,all,all,0,5.5,717,12,59.75,0,0.1351760193029657,0.0387672292539125,0.0404409135542981,0.1585703095951155,0.0252423881732939,0.027685972728531,Wapsie Valley Community School District,Pre-Kindergarten,12,0,0,0,1,0,0,0,0,0,0,0,0,0,0,1,0,59.5,0,0,0.025210084,0,0.97478992,0.080242999,0.053036626,0.13327962,0.19795223,0.20328082,0.15449344,357,NA,0.013399848,NA,NA,NA,0.081493817,0.029730435,0.01363686,NA,0.011635794,0.012382011,0.013233621,NA,0.011635794,NA,NA,1.018504,NA,NA,NA,NA,1.0154711,11.034546,NA,NA,NA,NA,11.026366,0.21259934,NA,NA,NA,NA,0.21539904000000001,0.10370647,NA,NA,NA,NA,0.096167177,0.034850519,NA,NA,NA,NA,0.035024367,0.065077506,NA,NA,NA,NA,0.065428257,0.043682493,NA,NA,NA,NA,0.047673497,NA,NA,NA,NA,Rural
1930480,Waterloo Community School District,2018,19,IA,0,all,all,0,5.5,9461,12,788.4166666666666,0,-0.3777642062258628,0.0123701676586773,0.0168994222677756,-0.3737095134812683,0.0114098639662439,0.0161096219993488,Waterloo Community School District,Pre-Kindergarten,12,0.85522813,0.09556596,0,0.04920591,0,0,0.85522813,0,0.09556596,0,0,0,0,0.04920591,0,0,808.16669,0.0018560528,0.027634563,0.11342545,0.27469581,0.47618064,0.57787091,0.070137106,0.64800805,0.64985228,0.10355274,0.1768108,4849,0.095431924,0.079985194,0.13287653,0.039386213,0.20346616,0.13202101,0.079798862,0.052687094,0.25428221,0.14284873,0.10395733,0.066786341,0.24097966,0.18724884,0.21669652,0.099655442,-0.22836778,NA,-2.8114545,-1.0872852,NA,0.31512338,10.681973,NA,10.153593,10.410404,NA,10.767272,0.21752866,NA,0.13813521,0.1326438,NA,0.23298725,0.162918,NA,0.32344091,0.25364429,NA,0.11810105,0.054057226,NA,0.14933254,0.032042585,NA,0.040150616,0.16995993,NA,0.35634357,0.20860392,NA,0.12841484,0.21785018,NA,0.50000542,0.29850236,NA,0.1505747,3.07111,1.3681425,NA,NA,City
1999017,PCM Community School District,2018,19,IA,0,all,all,0,5.5,933,12,77.75,0,0.1155892976987594,0.0322462084286918,0.0342401428604999,0.1066865261247533,0.0226708508293271,0.0253634067616973,PCM Community School District,Pre-Kindergarten,12,0,0,0,1,0,0,0,0,0,0,0,0,0,0,1,0,78.333336,0,0,0.025531914,0.0021276595,0.95957446,0.18787263,0.062535398,0.25040802,0.24411134,0.002757353,0.10845588,470,0,0.010087195,NA,NA,-2.9154595e-8,0.054842096,0.0045161014,0.0050773397,0,0.0088048643,0.0045272349,0.0057940339,0,0.0088048643,NA,NA,0.73625004,NA,NA,NA,NA,0.74691898,11.058181,NA,NA,NA,NA,11.062998,0.23407663,NA,NA,NA,NA,0.22895585,0.082169853,NA,NA,NA,NA,0.080934361,0.048194509,NA,NA,NA,NA,0.044997789,0.10260614,NA,NA,NA,NA,0.10062306,0.11444706,NA,NA,NA,NA,0.11173102,NA,NA,NA,NA,Rural
2003480,Northeast,2018,20,KS,0,all,all,0,5.5,349,12,29.08333333333333,0,-0.089301067050457,0.051677503207711,0.0527461969205175,-0.1098641015379943,0.0349970331761088,0.0365192581884042,Northeast,Pre-Kindergarten,12,0,0,0,1,0,0,0,0,0,0,0,0,0,0,1,0,30.666666,0.0054347827,0.0054347827,0.043478262,0.016304348,0.875,0.60060978,0.14634146,0.74695122,0.72000003,0,0.19875777,184,0,0,0,0,-2.3227718e-8,2.5012703e-10,1.9789002e-8,-8.0646831e-9,0,0,0,0,0,0,0,0,-0.18569717,NA,NA,NA,NA,-0.049766731,10.511393,NA,NA,NA,NA,10.537485,0.2128706,NA,NA,NA,NA,0.22049712,0.17194593,NA,NA,NA,NA,0.14369939,0.045773353,NA,NA,NA,NA,0.041644376,0.17219737,NA,NA,NA,NA,0.16051786,0.14745748,NA,NA,NA,NA,0.13288482,NA,NA,NA,NA,Rural
2003810,Baxter Springs,2018,20,KS,0,all,all,0,5.5,848,12,70.66666666666667,0,0.1106722812136745,0.0346473989701808,0.0362220817622886,0.0961451665673787,0.0264923817674202,0.0284729727849482,Baxter Springs,Pre-Kindergarten,12,0,0,1,0,0,0,0,0,0,0,1,0,0,0,0,0,72,0.071759261,0.0046296297,0.018518519,0.013888889,0.87268519,0.49078107,0.13319515,0.62397623,0.65023476,0.026104419,0.16365463,432,0,0,0,0,9.901524e-9,2.6139119e-8,7.4033429e-10,-3.7475605e-9,0,0,0,0,0,0,0,0,-0.028612455,NA,NA,NA,NA,0.16034369,10.415026,NA,NA,NA,NA,10.426074,0.19592677,NA,NA,NA,NA,0.20331426,0.1302997,NA,NA,NA,NA,0.10561851,0.046740036,NA,NA,NA,NA,0.040782373,0.13195711,NA,NA,NA,NA,0.11753193,0.16054605,NA,NA,NA,NA,0.13746499,NA,NA,NA,NA,Town
2004740,Cherryvale,2018,20,KS,0,all,all,0,5.5,768,12,64,0,-0.2106144476156402,0.0378719335081302,0.0393176843092173,-0.1948988082193316,0.0287212391790796,0.030557707169936,Cherryvale,Pre-Kindergarten,12,0,0,0,1,0,0,0,0,0,0,0,0,0,0,1,0,65,0.012820513,0.0025641026,0.053846154,0.012820513,0.85128206,0.55601168,0.1290414,0.68505311,0.70052081,0,0.20581129,390,0.018445238,-0.018202325,-0.020187378,0.004638195,0.042146012,0.075917877,0.014942112,0.018752843,0.0059548863,0.040172245,0.02044145,0.023000717,-0.01534104,0.030866977,9.0880878e-4,0,-0.029817693,NA,NA,NA,NA,0.13703315,10.676688,NA,NA,NA,NA,10.714585,0.14252983,NA,NA,NA,NA,0.14145193,0.16371711,NA,NA,NA,NA,0.13448951,0.053684093,NA,NA,NA,NA,0.043861806,0.13558166,NA,NA,NA,NA,0.121317,0.12354167,NA,NA,NA,NA,0.12506144,NA,NA,NA,NA,Rural
2005820,Ellinwood Public Schools,2018,20,KS,0,all,all,0,5.5,392,12,32.66666666666666,0,-0.141412070439493,0.0494653342119179,0.0505807892434645,-0.1268786097719848,0.0336590077088528,0.0352390789812429,Ellinwood Public Schools,Pre-Kindergarten,12,0,0,0,1,0,0,0,0,0,0,0,0,0,0,1,0,40.5,0.0041152262,0,0.028806584,0.012345679,0.91769546,0.37315628,0.1496613,0.52281761,0.62436551,0,0.14003944,243,0,0,0,NA,3.0168668e-8,8.7091845e-9,2.1261057e-8,-1.302175e-8,0,0,0,0,0,0,0,NA,0.87972063,NA,NA,NA,NA,0.87567198,10.951331,NA,NA,NA,NA,10.954053,0.2003255,NA,NA,NA,NA,0.20629877,0.095245443,NA,NA,NA,NA,0.094805747,0.035751477,NA,NA,NA,NA,0.036359161,0.03942579,NA,NA,NA,NA,0.041305717,0.12252755,NA,NA,NA,NA,0.11208249,NA,NA,NA,NA,Rural
2006960,Haven Public Schools,2018,20,KS,0,all,all,0,5.5,739,12,61.58333333333334,0,0.0891084093285758,0.0359426213767919,0.0374629014256832,0.0739471057559886,0.0280537411164516,0.0299311923940652,Haven Public Schools,Pre-Kindergarten,12,0,0,0,1,0,0,0,0,0,0,0,0,0,0,1,0,63.5,0.0026246719,0.0026246719,0.052493438,0.0052493438,0.91338581,0.33983806,0.15285707,0.49269512,0.53783786,0.051157124,0.14250913,381,0.0023633689,0.0036372591,0.049855918,0.005967617,0.054941081,0.060000513,3.0412705e-4,0.016694095,0.004969812,0.018963996,3.8832848e-4,0.019038169,0.01396282,0.020193307,0.021612003,0.037433155,0.60605675,NA,NA,NA,NA,0.65356219,10.817888,NA,NA,NA,NA,10.820147,0.16677161,NA,NA,NA,NA,0.16888842,0.10328701,NA,NA,NA,NA,0.10170367,0.043384038,NA,NA,NA,NA,0.042587359,0.067319788,NA,NA,NA,NA,0.063548334,0.11058562,NA,NA,NA,NA,0.092491485,NA,NA,NA,NA,Rural
2007800,Hodgeman County,2018,20,KS,0,all,all,0,5.5,261,12,21.75,0,0.1867922861328754,0.0562753077043305,0.0572582501392779,0.1981913896424291,0.0361472947317127,0.0376230089695518,Hodgeman County,Pre-Kindergarten,12,0,0,0,1,0,0,0,0,0,0,0,0,0,0,0,1,22.166666,0.015037594,0,0.0075187972,0.015037594,0.93984962,0.18090254,0.093450107,0.27435264,0.2651515,0.046052631,0.15789473,133,0,0,0,NA,4.6252342e-8,5.2645827e-8,-8.7409564e-9,-4.4344266e-9,0,0,0,0,0,0,0,NA,0.83587253,NA,NA,NA,NA,0.84678656,10.77802,NA,NA,NA,NA,10.788864,0.2826657,NA,NA,NA,NA,0.28299019,0.12294233,NA,NA,NA,NA,0.10344822,0.042196829,NA,NA,NA,NA,0.04169789,0.040756606,NA,NA,NA,NA,0.04392891,0.079126842,NA,NA,NA,NA,0.084256083,NA,NA,NA,NA,Rural
2009360,McLouth,2018,20,KS,0,all,all,0,5.5,396,12,33,0,-0.2009814477425507,0.0495270556287343,0.0506411511623382,-0.1997675449821948,0.0336119089676181,0.0351940948448616,McLouth,Pre-Kindergarten,12,0,0,0,1,0,0,0,0,0,0,0,0,0,0,1,0,33.833332,0.0049261083,0,0.059113301,0.0049261083,0.84729064,0.25803813,0.15364961,0.41168776,0.41414142,0,0.19103314,203,0,0,0,NA,-2.1339062e-8,5.4336025e-9,2.561575e-8,3.1077136e-9,0,0,0,0,0,0,0,NA,0.70492202,NA,NA,NA,NA,0.76392359,10.930017,NA,NA,NA,NA,10.93428,0.19480398,NA,NA,NA,NA,0.19783375,0.12203215,NA,NA,NA,NA,0.11073292,0.049023408,NA,NA,NA,NA,0.041911568,0.080050506,NA,NA,NA,NA,0.080910742,0.056830239,NA,NA,NA,NA,0.057942465,NA,NA,NA,NA,Rural
2009510,Jefferson West,2018,20,KS,0,all,all,0,5.5,816,12,68,0,0.2779452541006533,0.0347346738682803,0.0363055714805708,0.2657086474704916,0.0268747507715766,0.0288290845594517,Jefferson West,Pre-Kindergarten,12,0,0,0,1,0,0,0,0,0,0,0,0,0,1,0,0,67.333336,0.01980198,0.0024752475,0.024752475,0.0024752475,0.92574257,0.24438842,0.10331468,0.3477031,0.34803921,0,0.18055555,404,0,0,0,0,2.2236234e-8,7.4924573e-9,3.0027254e-9,-2.2660497e-8,0,0,0,0,0,0,0,0,0.8234024,NA,NA,NA,NA,0.84502739,11.092887,NA,NA,NA,NA,11.04705,0.24288572,NA,NA,NA,NA,0.23418759,0.0978617,NA,NA,NA,NA,0.077479281,0.066129655,NA,NA,NA,NA,0.056405906,0.048394717,NA,NA,NA,NA,0.051510543,0.069290683,NA,NA,NA,NA,0.069918931,NA,NA,NA,NA,Rural
2011880,St Francis Comm Schools,2018,20,KS,0,all,all,0,5.5,236,12,19.66666666666667,0,0.194112485469096,0.0521734833455319,0.0532322206581835,0.1808774141907989,0.0346485786546586,0.0361854651799549,St Francis Comm Schools,Pre-Kindergarten,12,0,0,0,1,0,0,0,0,0,0,0,0,0,0,0,1,20,0.016666668,0.016666668,0.18333334,0,0.77499998,0.30893335,0.14448799,0.45342138,0.49152541,0.10752688,0.13978495,120,NA,0,0,0,NA,-7.6230098e-9,1.4985753e-8,-5.4124989e-9,NA,0,0,0,NA,0,0,0,0.86320323,NA,NA,NA,NA,0.9241696,10.651477,NA,NA,NA,NA,10.653753,0.26986006,NA,NA,NA,NA,0.26898697,0.099835381,NA,NA,NA,NA,0.092478365,0.033625409,NA,NA,NA,NA,0.030883549,0.015199368,NA,NA,NA,NA,0.016146811,0.12223125,NA,NA,NA,NA,0.10676298,NA,NA,NA,NA,Rural
2012360,Turner-Kansas City,2018,20,KS,0,all,all,0,5.5,3391,11,308.2727272727273,0,-0.3606229905765221,0.0192271795659009,0.0219381263068302,-0.3565000450862249,0.0157804735022012,0.0189179076923252,Turner-Kansas City,Pre-Kindergarten,12,1,0,0,0,0,1,0,0,0,0,0,0,0,0,0,0,319.5,0.0067814295,0.024517475,0.44444445,0.11580595,0.3599374,0.64927703,0.11804003,0.76731706,0.75421423,0.21895504,0.11907655,1917,3.2359362e-4,0.0036520262,0.031020964,-0.0028680165,0.031212954,0.0058933203,0.0056712506,0.015068844,0.025947735,0.0080892211,0.0074608759,0.017290177,0.017083555,0.0087201698,0.030330932,-5.5084628e-4,-0.20967044,NA,-2.1372695,-0.13949479,NA,0.17992817,10.776079,NA,10.162145,10.73779,NA,10.851671,0.1346994,NA,0.22758603,0.10995336,NA,0.11942113,0.15866825,NA,0.35588357,0.17223194,NA,0.11959531,0.056532919,NA,0.11378305,0.041841157,NA,0.041407507,0.13814941,NA,0.24166404,0.10280734,NA,0.12805025,0.22397657,NA,0.42997858,0.22485544,NA,0.15897535,2.2725179,0.43418241,NA,NA,City
2100390,Bell County,2018,21,KY,0,all,all,0,5.5,2496,12,208,0,-0.0285924302151022,0.0200851348758303,0.0227676707610049,-0.03457565903043,0.0175610474473119,0.0205177194947058,Bell County,Pre-Kindergarten,12,0,0,0.22497308,0.77502692,0,0,0,0,0,0,0,0.22497308,0,0.068891279,0.70613563,0,212,7.8616349e-4,7.8616349e-4,0.0086477986,0.0086477986,0.97720128,0.67697382,0.06944105,0.7464149,0.81570512,0,0.16935773,1272,-0.033330392,0.0065524578,0.025700092,0.075764477,0.22460255,0.27377605,0.035240419,0.035875291,0.025821432,0.045195095,0.042495482,0.03345805,0.033617821,0.043618355,0.0034491932,-0.01760176,-1.7711043,NA,NA,NA,NA,-1.6307636,10.130288,NA,NA,NA,NA,10.151751,0.08387135,NA,NA,NA,NA,0.085764222,0.30858356,NA,NA,NA,NA,0.27749383,0.076281466,NA,NA,NA,NA,0.065210178,0.31783605,NA,NA,NA,NA,0.29639721,0.19638053,NA,NA,NA,NA,0.17939445,NA,NA,NA,NA,Rural
2100750,Bullitt County,2018,21,KY,0,all,all,0,5.5,12094,12,1007.833333333333,0,-0.075300709681466,0.0100760407744768,0.014713286056831,-0.0730928407408035,0.0096860236774828,0.0143668187326717,Bullitt County,Pre-Kindergarten,12,0,0.73810053,0,0.2618995,0,0,0,0.73810053,0,0,0,0,0,0.22935577,0.032543723,0,1014.3333,0.0023003614,0.0070653958,0.0341768,0.013309235,0.91077882,0.43742707,0.050983295,0.48841038,0.4982636,0.0083277067,0.13361843,6086,-0.0062738657,0.062351141,0.040487081,0.018114105,0.078611277,0.067811489,0.049444757,0.065991968,0.010181705,0.022742789,0.065081038,0.08805503,0.013941412,0.024309723,0.032213677,0.016312361,0.39133716,NA,NA,-0.44499639,NA,0.41689891,10.916415,NA,NA,11.000328,NA,10.922978,0.14239518,NA,NA,0.088482536,NA,0.14433627,0.10608913,NA,NA,0.17790604,NA,0.10411068,0.048690088,NA,NA,0.039478235,NA,0.048610639,0.091099642,NA,NA,0.18155549,NA,0.088304438,0.15749027,NA,NA,0.21049605,NA,0.15247558,NA,0.95131981,NA,NA,Suburb
2101980,Frankfort Independent,2018,21,KY,0,all,all,0,5.5,746,12,62.16666666666666,0,-0.0943301575880602,0.0406768384115769,0.042066130937641,-0.1222397793440753,0.0289966734642415,0.0308770707452721,Frankfort Independent,Pre-Kindergarten,12,0,0,1,0,0,0,0,0,0,0,0,1,0,0,0,0,63.833332,0,0,0.046997391,0.15665796,0.68668407,0.63369656,0.037242476,0.67093903,0.64343166,0.0071005919,0.14674556,383,0,0,NA,NA,8.4439833e-10,4.2198391e-9,-3.8751549e-9,-1.189039e-9,0,0,0,0,0,0,NA,NA,-0.85483503,NA,NA,NA,NA,-0.68947625,10.564384,NA,NA,NA,NA,10.597268,0.39600125,NA,NA,NA,NA,0.37711382,0.21177813,NA,NA,NA,NA,0.17336784,0.069322348,NA,NA,NA,NA,0.056377079,0.17961305,NA,NA,NA,NA,0.16832967,0.25152588,NA,NA,NA,NA,0.18346728,NA,NA,NA,NA,Town
2103120,Knott County,2018,21,KY,0,all,all,0,5.5,2132,12,177.6666666666667,0,0.0084499616460532,0.0237662040750042,0.026072718405183,1.206702416529e-4,0.0204638090391222,0.0230511150751184,Knott County,Pre-Kindergarten,12,0,0,0,1,0,0,0,0,0,0,0,0,0,0,0.18309858,0.81690139,178.66667,0,0,0.013059702,0.0093283579,0.97667909,0.62720758,0.068992943,0.69620049,0.80581611,0.0012804097,0.24498506,1072,-0.005362615,-0.039260626,NA,NA,0.22782575,0.23161471,0.0072473618,0.093130141,0.03725196,0.040108494,0.0093958788,0.072656959,0.032122038,0.035773095,NA,NA,-1.7622955,NA,NA,NA,NA,-1.5942175,10.222048,NA,NA,NA,NA,10.252662,0.13037385,NA,NA,NA,NA,0.12992701,0.29759473,NA,NA,NA,NA,0.26172748,0.095085099,NA,NA,NA,NA,0.078293823,0.32962635,NA,NA,NA,NA,0.30937159,0.17321791,NA,NA,NA,NA,0.16745149,NA,NA,NA,NA,Rural
2103750,Magoffin County,2018,21,KY,0,all,all,0,5.5,1914,12,159.5,0,-0.035579885962454,0.0259398882534773,0.0280683450082849,-0.0387120435037616,0.0213410335200146,0.0238332989222868,Magoffin County,Pre-Kindergarten,12,0,0,0,1,0,0,0,0,0,0,0,0,0,0,0,1,160,0,0.0010416667,0.0062500001,0,0.98750001,0.78353673,0.039001897,0.82253861,0.78265411,0.0028129395,0.22034693,960,NA,0.029224206,NA,0,NA,0.11575878,4.2021729e-4,0.011709815,NA,0.0097520677,4.2592525e-4,0.012262233,NA,0.0097519057,NA,1.3759919e-4,-1.5485569,NA,NA,NA,NA,-1.4292053,10.231432,NA,NA,NA,NA,10.238177,0.098311104,NA,NA,NA,NA,0.098634481,0.24971727,NA,NA,NA,NA,0.22509956,0.087812483,NA,NA,NA,NA,0.072946429,0.31526002,NA,NA,NA,NA,0.29064915,0.15730296,NA,NA,NA,NA,0.14756311,NA,NA,NA,NA,Rural
2105640,Union County,2018,21,KY,0,all,all,0,5.5,1874,12,156.1666666666667,0,-0.1324800978089818,0.0231591287418562,0.0255205688216993,-0.1366337140334356,0.019539241675507,0.0222343965753641,Union County,Pre-Kindergarten,12,0,0,0.16429555,0.83570445,0,0,0,0,0,0,0,0.16429555,0,0,0.83570445,0,157,0.0010615712,0.0021231424,0.013800425,0.052016985,0.87367302,0.47057253,0.077706076,0.54827857,0.67235857,0,0.13262965,942,0.012201279,0.012526165,-0.19315898,0.048466027,0.077297255,0.10353851,0.014189768,0.016886046,0.018335896,0.015061497,0.019417185,0.020944536,0.026626399,0.035701167,-0.029725138,-0.014275696,-0.42417347,NA,NA,NA,NA,-0.13268769,10.576481,NA,NA,NA,NA,10.624606,0.11160219,NA,NA,NA,NA,0.11914907,0.20888419,NA,NA,NA,NA,0.1539719,0.075860426,NA,NA,NA,NA,0.061176166,0.13056849,NA,NA,NA,NA,0.11662062,0.14084597,NA,NA,NA,NA,0.13451003,NA,NA,NA,NA,Rural
2200750,Iberville Parish,2018,22,LA,0,all,all,0,5.5,3797,10,379.7,0,-0.3814980440961011,0.0183442354346828,0.0229088566296055,-0.3761992059331987,0.0169785941439321,0.021734998770659,Iberville Parish,Pre-Kindergarten,12,0,0.55617762,0,0.44382238,0,0,0,0.55617762,0,0,0,0,0,0.29169884,0.15212356,0,383.83334,8.6843246e-4,0.0047763786,0.022579245,0.67216676,0.28918803,0.73864651,0.051977903,0.79062438,0.76963812,0.0063706562,0.09169884,2303,0.042242646,0.023232013,-0.019522667,-0.0016534626,0.1559131,0.099487826,0.027744718,0.039303586,0.19808258,0.048906546,0.030530959,0.036259297,0.19185105,0.12935102,-0.034122229,0.20762163,-0.7400468,NA,-2.109448,NA,NA,0.37526959,10.687388,NA,10.444672,NA,NA,10.887008,0.14544724,NA,0.10344508,NA,NA,0.18463889,0.17693721,NA,0.25704065,NA,NA,0.10857707,0.066145293,NA,0.092409432,NA,NA,0.040007342,0.21178566,NA,0.34251836,NA,NA,0.11413408,0.27890402,NA,0.47064736,NA,NA,0.15302633,2.4301293,NA,NA,NA,Rural
2200900,Lafourche Parish,2018,22,LA,0,all,all,0,5.5,12926,12,1077.166666666667,0,-0.0163267708686187,0.0094145536864917,0.0166414710740542,-0.0160828953296598,0.0091425675167933,0.0163622753080159,Lafourche Parish,Pre-Kindergarten,12,0.26912519,0.28080794,0.25870928,0.1913576,0,0,0.26912519,0,0.28080794,0,0,0.25870928,0,0.17094798,0.020409599,0,1089,0.033516988,0.0071931435,0.0785124,0.2037037,0.61707991,0.57726377,0.076651528,0.65391529,0.70575494,0.025821704,0.078724414,6534,0.14030716,0.052101035,0.051284153,0.040135574,0.32539538,0.076943211,0.066083558,0.094626538,0.34621525,0.047589604,0.087157056,0.11506712,0.26686916,0.036829729,0.0034168239,0.06940233,-0.14453062,NA,-2.9057083,0.20128708,-1.1624365,0.33852679,10.785756,NA,10.102844,10.837607,10.720997,10.892179,0.16572662,NA,0.084687985,0.15006883,0.12238552,0.17869931,0.15628247,NA,0.3519688,0.19371879,0.22111118,0.11594901,0.071062595,NA,0.13663766,0.066433527,0.091193095,0.057797983,0.12639795,NA,0.31366363,0.07827206,0.24707045,0.092628382,0.2073141,NA,0.54382116,0.075211301,0.28474236000000003,0.15266399,3.1974452,0.25116926,NA,1.5372734,City
2201950,West Carroll Parish,2018,22,LA,0,all,all,0,5.5,1304,8,163,0,-0.4612103237914907,0.0278515884453196,0.0310486025018874,-0.4499967090531258,0.0235707116944789,0.0271977197985498,West Carroll Parish,Pre-Kindergarten,12,0,0,0,1,0,0,0,0,0,0,0,0,0,0,0.12996566,0.87003434,165.83333,0.0050251256,0.0060301507,0.034170855,0.17487437,0.76884425,0.65469837,0.059203491,0.71390188,0.73899692,0.015693968,0.13879353,995,0.025957366,0.032706399,-0.066253692,-0.013022795,0.055307955,0.083698623,0.016423328,0.033364654,0.056326829,0.029474016,0.020815888,0.037143879,0.054424476,0.033549078,0.0082160458,0.021356191,-0.72232795,NA,-2.6042745,NA,NA,-0.25119308,10.442175,NA,9.8727388,NA,NA,10.569522,0.12690519,NA,0.069066919,NA,NA,0.14197625,0.20845436,NA,0.45785338,NA,NA,0.15535998,0.084348023,NA,0.11147552,NA,NA,0.063333504,0.1148185,NA,0.25240922,NA,NA,0.086582609,0.19406159,NA,0.35031837,NA,NA,0.16251758,2.323853,NA,NA,NA,Rural
2304860,Dayton Public Schools,2018,23,ME,0,all,all,0,5.5,140,6,23.33333333333333,0,0.7592606696718985,0.1746223190035669,0.1749151859636061,0.28024760086008,0.030048237304903,0.0316781964140044,Dayton Public Schools,Pre-Kindergarten,12,0,0,0,1,0,0,0,0,0,0,0,0,0,0,1,0,23.333334,0,0,0,0,1,0.21875,0.0546875,0.2734375,0.15714286,0,0.4921875,70,NA,NA,NA,NA,NA,NA,2.6130008e-8,2.7452138e-8,NA,NA,0,0,NA,NA,NA,NA,1.1784713,NA,NA,NA,NA,1.1920515,11.241245,NA,NA,NA,NA,11.236556,0.25485975,NA,NA,NA,NA,0.26061201,0.037296951,NA,NA,NA,NA,0.03889915,0.037957568,NA,NA,NA,NA,0.036105253,0.050530139,NA,NA,NA,NA,0.047671884,0.14705862,NA,NA,NA,NA,0.13983995,NA,NA,NA,NA,Rural
2305310,Easton Public Schools,2018,23,ME,0,all,all,0,5.5,190,10,19,0,0.2961974638626364,0.0750050462503491,0.0756843771825892,0.3074470901444807,0.0312551697999434,0.032825252506809,Easton Public Schools,Pre-Kindergarten,12,0,0,0,1,0,0,0,0,0,0,0,0,0,0,1,0,18.833334,0.026548672,0,0,0.017699115,0.95575219,0.23689151,0.14966913,0.38656065,0.44036698,0,0.14457831,113,0,NA,0,NA,-1.028555e-9,NA,2.7183045e-8,5.9396905e-9,0,NA,0,0,0,NA,0,NA,0.20369232,NA,NA,NA,NA,0.29117501,10.700171,NA,NA,NA,NA,10.740745,0.23536424,NA,NA,NA,NA,0.24291584,0.11197451,NA,NA,NA,NA,0.098160557,0.052547343,NA,NA,NA,NA,0.045892682,0.11505879,NA,NA,NA,NA,0.11117017,0.18066344,NA,NA,NA,NA,0.15118417,NA,NA,NA,NA,Rural
2305360,Eastport Public Schools,2018,23,ME,0,all,all,0,5.5,58,8,7.25,0,-0.1903543799806411,0.1347957656407202,0.135174947461308,-0.2466470874066532,0.0343589504331344,0.0357931423289304,Eastport Public Schools,Pre-Kindergarten,12,0,0,0,1,0,0,0,0,0,0,0,0,0,0,0,1,8.833333,0.11320755,0,0.018867925,0,0.83018869,0.56818181,0.079545453,0.64772725,0.65957445,0.088888891,0.11111111,53,NA,0,0,NA,NA,-7.6520301e-10,-2.1416884e-8,-6.6628818e-9,NA,0,0,0,NA,0,0,NA,-0.47752932,NA,NA,NA,NA,-0.10489443,10.401591,NA,NA,NA,NA,10.40109,0.21530464,NA,NA,NA,NA,0.22360563,0.14692399,NA,NA,NA,NA,0.11461052,0.059248701,NA,NA,NA,NA,0.047206119,0.20289558,NA,NA,NA,NA,0.17429729,0.14327262,NA,NA,NA,NA,0.1236176,NA,NA,NA,NA,Rural
2306510,Hermon Public Schools,2018,23,ME,0,all,all,0,5.5,888,12,74,0,0.1986758032450048,0.0345846179054152,0.0360342029489066,0.1518165693508177,0.0237290611166749,0.025761985645353,Hermon Public Schools,Pre-Kindergarten,12,0,0,0,1,0,0,0,0,0,0,0,0,0,1,0,0,73.5,0.0045351475,0.0090702949,0.015873017,0.0090702949,0.94104308,0.16619556,0.069549285,0.23574483,0.26801801,0.0047770701,0.12181529,441,0,0,0,0,-5.0493014e-9,1.4299964e-8,6.9675941e-9,-1.6231312e-10,0,0,0,0,0,0,0,0,1.1355667,NA,NA,NA,NA,1.1264421,11.019527,NA,NA,NA,NA,11.014538,0.32753202,NA,NA,NA,NA,0.33191767,0.038911082,NA,NA,NA,NA,0.04232638,0.043152209,NA,NA,NA,NA,0.042448521,0.073255636,NA,NA,NA,NA,0.073942266,0.083482258,NA,NA,NA,NA,0.08157032,NA,NA,NA,NA,Rural
2311100,MSAD 27,2018,23,ME,0,all,all,0,5.5,792,12,66,0,0.0199921850191979,0.0368564667141861,0.0382199833222535,0.0380199637035706,0.0244592819522979,0.0264361123566701,MSAD 27,Pre-Kindergarten,12,0,0,0,1,0,0,0,0,0,0,0,0,0,0,0,1,65.833336,0,0.0075949365,0.017721519,0.015189873,0.9594937,0.34268188,0.086247496,0.42892936,0.4368687,0.0057870368,0.13541667,395,0,0,NA,0,-2.5302078e-9,5.7459344e-9,-1.4014471e-8,-9.2484713e-9,0,0,0,0,0,0,NA,0,-0.07107985,NA,NA,NA,NA,0.038863502,10.547963,NA,NA,NA,NA,10.574098,0.22806065,NA,NA,NA,NA,0.22796227,0.15319888,NA,NA,NA,NA,0.12959248,0.052064743,NA,NA,NA,NA,0.047726046,0.16787142,NA,NA,NA,NA,0.16165259,0.13334039,NA,NA,NA,NA,0.12126975,NA,NA,NA,NA,Rural
2314470,RSU 63/MSAD 63,2018,23,ME,0,all,all,0,5.5,710,12,59.16666666666666,0,0.2113759835960436,0.0404167253520481,0.0416638893369584,0.2115998901505063,0.0258166184710433,0.0276967390172904,RSU 63/MSAD 63,Pre-Kindergarten,12,0,0,0,1,0,0,0,0,0,0,0,0,0,0.52345216,0.47654784,0,60,0,0.0027777778,0.019444445,0.0055555557,0.96388888,0.34358972,0.05676638,0.40035611,0.39154929,0.0056285178,0.2682927,360,0,0,NA,0,-2.2465183e-8,-7.3440338e-9,2.2750717e-9,1.2580569e-8,0,0,0,0,0,0,NA,0,0.13342428,NA,NA,NA,NA,0.1850452,10.871823,NA,NA,NA,NA,10.86988,0.2610139,NA,NA,NA,NA,0.25344488,0.098654725,NA,NA,NA,NA,0.089794278,0.065926358,NA,NA,NA,NA,0.058107682,0.13535649,NA,NA,NA,NA,0.12959826,0.19204371,NA,NA,NA,NA,0.15802434,NA,NA,NA,NA,Rural
2501860,Amesbury,2018,25,MA,0,all,all,0,5.5,1991,12,165.9166666666667,0,0.1917648856135186,0.0243566063702579,0.0269601470322946,0.2374340362466577,0.018497688249279,0.0217637064582515,Amesbury,Pre-Kindergarten,12,0,1,0,0,0,0,0,1,0,0,0,0,0,0,0,0,169.16667,0.0019704434,0.010837439,0.073891625,0.012807881,0.86206895,0.25580463,0.051868103,0.30767274,0.27510041,0.013041453,0.21006055,1015,0.0011607409,0.0017579546,0.008160919,0.0053205369,0.0012889334,0.0048035295,1.2829821e-5,7.644482e-4,2.578001e-4,0.0025596949,1.5103088e-5,9.2703779e-4,0.0015802482,0.0025966491,-0.0021010786,0.0065018609,1.0478759,NA,NA,NA,NA,1.0836085,11.200804,NA,NA,NA,NA,11.206756,0.41070983,NA,NA,NA,NA,0.40946692,0.065085664,NA,NA,NA,NA,0.061585363,0.036288083,NA,NA,NA,NA,0.034096029,0.078553602,NA,NA,NA,NA,0.077511929,0.18154167,NA,NA,NA,NA,0.16771147,NA,NA,NA,NA,Suburb
2502790,Boston,2018,25,MA,0,all,all,0,5.5,54797,12,4566.416666666667,0,-0.0942036678378529,0.0051522137891866,0.0126550606895715,-0.0957978911360193,0.0050709035952336,0.0125382818402515,Boston,Pre-Kindergarten,12,1,0,0,0,1,0,0,0,0,0,0,0,0,0,0,0,4689.8335,0.0021678098,0.070009597,0.42602792,0.35104305,0.1205089,0.70408058,0.060321409,0.76440197,0.61922109,0.68394536,0.52593553,28139,0.16479462,0.16290504,0.15486853,0.07024195,0.39354467,0.28892058,0.067951746,0.08577013,0.41966715,0.3054688,0.08427342,0.1104874,0.27813599,0.25907826,0.24093679,-0.037777469,-0.20726514,-0.34532049,-1.9614052,-2.2903676,-1.7016459,1.4112933,11.001202,10.597003,10.555127,10.366622,10.324108,11.401143,0.48526052,0.51499087,0.21482183,0.22024673,0.20164049,0.695104,0.20155185,0.29505849,0.23631641,0.31224611,0.26474318,0.11680522,0.073118635,0.073290892,0.11190021,0.094591916,0.05733484,0.047560439,0.18455644,0.1997973,0.31574914,0.36832893,0.27237979,0.070229158,0.32618633,0.14247639,0.52889276,0.49434903,0.32366067,0.14501382,3.3676324,3.6617517,1.6685175,2.6660275,City
2502880,Boxford,2018,25,MA,0,all,all,0,5.5,2079,12,173.25,0,0.7581440561971506,0.0244776290276041,0.0270695322630492,0.757399957571766,0.0182339649360313,0.0215400075562161,Boxford,Pre-Kindergarten,12,0,0.71434247,0,0.28565753,0,0,0,0.71434247,0,0,0,0,0,0.28565753,0,0,173.83333,0,0.03451582,0.020134227,0.0057526366,0.91562802,0.041848339,0.0070856861,0.048934024,0.066282421,0.0039729839,0.1938816,1043,0,0,NA,0,8.9548891e-10,3.217649e-9,2.7745553e-9,1.2773376e-8,0,0,0,0,0,0,NA,0,2.3198984,NA,NA,NA,NA,2.2907054,11.898164,NA,NA,NA,NA,11.907475,0.62467545,NA,NA,NA,NA,0.62203467,0.023772011,NA,NA,NA,NA,0.027229562,0.049597092,NA,NA,NA,NA,0.047857538,6.9627585e-4,NA,NA,NA,NA,9.1238768e-4,0.060401451,NA,NA,NA,NA,0.070266895,NA,NA,NA,NA,Suburb
2504770,Everett,2018,25,MA,0,all,all,0,5.5,6392,12,532.6666666666666,0,0.011430772779342801,0.0134235215534679,0.0177142932408739,0.0126077604341906,0.0121607553889599,0.0167146169523428,Everett,Pre-Kindergarten,12,0,1,0,0,0,0,0,1,0,0,0,0,0,0,0,0,549.5,0.0057628145,0.047619049,0.52471942,0.15711252,0.24658781,0.68630046,0.088845052,0.77514553,0.5653125,0.20346433,0.16028956,3297,0.012653182,0.024185082,0.0044147721,0.0074659288,0.041573614,0.055015169,0.023902303,0.021376723,0.051113505,0.066308223,0.030147713,0.026681045,0.029890696,0.052457076,0.044968229,0.010971407,-0.20643078,0.57323474,-0.35941029,-0.15800186,NA,-0.23484966,10.914542,10.883454,11.207954,10.935852,NA,10.821633,0.20336929,0.33506799,0.16708329,0.10691797,NA,0.24070413,0.13252032,0.098749898,0.11192751,0.15597238,NA,0.12517823,0.056508448,0.039856352,0.076655343,0.05511919,NA,0.048380803,0.17300302,0.087852299,0.24584714,0.13824683,NA,0.15941907,0.27843133,0.10384513,0.28644988,0.22858669,NA,0.2626259,0.29049197,0.040228602,-0.51976454,NA,Suburb
2505580,Hadley,2018,25,MA,0,all,all,0,5.5,1061,12,88.41666666666667,0,0.6190591080415367,0.0329292928835232,0.0348990484674884,0.5937613869471385,0.0217018879734378,0.024545190768154,Hadley,Pre-Kindergarten,12,0,1,0,0,0,0,0,1,0,0,0,0,0,0,0,0,89.666664,0.001858736,0.10408922,0.066914499,0.040892195,0.6710037,0.17909195,0.022313511,0.20140547,0.18233083,0.03036239,0.11459354,538,0.006616842,0.0025210567,0.017832883,0.0034465119,0.12962136,0.0078810956,0.0069519356,0.0061379224,0.045199197000000003,0.0041081761,0.0067846384,0.0052514975,0.024880506,0.001230965,0.037230305,0.0066557094,0.95301497,NA,NA,NA,NA,1.0091405,10.964384,NA,NA,NA,NA,11.050665,0.46596378,NA,NA,NA,NA,0.48566377,0.066187389,NA,NA,NA,NA,0.068944812,0.027929123,NA,NA,NA,NA,0.031753097,0.087226182,NA,NA,NA,NA,0.077165179,0.17947336,NA,NA,NA,NA,0.15226345,NA,NA,NA,NA,Suburb
2506660,Lawrence,2018,25,MA,0,all,all,0,5.5,9072,8,1134,0,-0.1596152059632101,0.0126227354492006,0.0171154522098529,-0.1544287998612641,0.0115531157569817,0.0162778663198727,Lawrence,Pre-Kindergarten,12,0,1,0,0,0,0,0,1,0,0,0,0,0,0,0,0,1172.1666,1.4218684e-4,0.010806199,0.93345654,0.011943694,0.040381059,0.82636255,0.053716838,0.88007939,0.70243686,0.33002308,0.166123,7033,0.011936049,0.014012545,-0.03404367,-0.018293848,0.22241914,0.077673085,0.028333858,0.028953128,0.19859521,0.026222732,0.029200181,0.035388157,0.014523695,0.030893495,0.013626397,-0.0099207759,-1.9945394,0.44419366,-1.1092274,-2.4672594,NA,-0.50905138,10.544628,10.726127,10.768746,10.459671,NA,10.734976,0.10484181,0.32015291,0.15242521,0.067147382,NA,0.2171679,0.23358151,0.11913755,0.18655372,0.25727668,NA,0.14531076,0.090516321,0.054409374,0.044143762,0.092467822,NA,0.06944032,0.39546949,0.072235636,0.23611873,0.47554731,NA,0.17034461,0.40645939,0.10721297,0.44429672,0.44276538,NA,0.2103698,0.77367097,1.7787658,-0.45975822,NA,Suburb
2507350,Marshfield,2018,25,MA,0,all,all,0,5.5,3743,12,311.9166666666667,0,0.7256938239208849,0.0166546921771667,0.0202727409504347,0.7295821033914918,0.0143840724437082,0.0183955426204087,Marshfield,Pre-Kindergarten,12,0,0.94182426,0,0.058175724,0,0,0,0.94182426,0,0,0,0,0,0.058175724,0,0,313.83334,0.0015932024,0.011152416,0.028677642,0.0026553373,0.93467873,0.15199509,0.021399993,0.17339508,0.13347571,0.011012688,0.17093608,1883,0.021818414,0.016283223,-0.028292999,0.0019142492,0.085245855,0.041100275,0.010230386,0.015196735,0.0093737673,0.0066976831,0.0088011138,0.01257306,0.0077360403,0.0092257941,0.033688329,0.0060278941,1.2859983,NA,NA,NA,NA,1.3497207,11.363581,NA,NA,NA,NA,11.382668,0.44777203,NA,NA,NA,NA,0.45166421,0.074698821,NA,NA,NA,NA,0.060831238,0.050777487,NA,NA,NA,NA,0.049708091,0.04796569,NA,NA,NA,NA,0.048933811,0.13985832,NA,NA,NA,NA,0.12956683,NA,NA,NA,NA,Suburb
2508160,Mount Greylock,2018,25,MA,0,all,all,0,5.5,1077,12,89.75,0,0.8296948161224635,0.034787939734473,0.0366579596417556,0.8155910752236183,0.0222049193690335,0.0249910562485603,Mount Greylock,Pre-Kindergarten,12,0,0,0.37988362,0.62011635,0,0,0,0,0,0,0.37988362,0,0,0.62011635,0,0,89.833336,0,0.024118738,0.038961038,0.016697587,0.87198514,0.22074647,0.025868606,0.24661507,0.21481481,0.0049875313,0.14796342,539,-0.0084673641,-0.025936976,NA,-0.021434795,0.02055032,0.07979314,9.0252346e-4,0.014583952,0.0027230026,0.025304304,9.8204659e-4,0.016400829,0.006726285,0.02507765,NA,0.012926793,1.0043423,NA,NA,NA,NA,1.3022079,11.175843,NA,NA,NA,NA,11.203978,0.55173725,NA,NA,NA,NA,0.56354249,0.11210192,NA,NA,NA,NA,0.085036643,0.055152867,NA,NA,NA,NA,0.043820988,0.077920623,NA,NA,NA,NA,0.053746235,0.15174778,NA,NA,NA,NA,0.12538479,NA,NA,NA,NA,Rural
2509360,Peabody,2018,25,MA,0,all,all,0,5.5,5599,12,466.5833333333333,0,0.1750975758467061,0.0138802331609605,0.0180628382800124,0.167120602505537,0.0125014019339257,0.0169640649181435,Peabody,Pre-Kindergarten,12,0,1,0,0,0,0,0,1,0,0,0,0,0,0,0,0,465.83334,0,0.015742397,0.14132379,0.041860465,0.78139538,0.35815942,0.036590803,0.39475024,0.34511063,0.067670442,0.19945864,2795,0.019491345,0.027922198,NA,-0.0039268136,0.042353649,0.039477337,0.022516619,0.017991101,0.013333454,0.033922534,0.028323302,0.023574296,0.017793899,0.032913845,NA,-0.0016653016,0.55132312000000006,1.4635247,NA,-1.6187483,NA,0.87883455,11.037632,11.101718,NA,10.691792,NA,11.07595,0.3327888,0.50452155,NA,0.14894325,NA,0.34957486,0.10036673,0.10114267,NA,0.21752167,NA,0.077091463,0.049507275,0.0099294335,NA,0.087578669,NA,0.037634164,0.11942901,0.041451257,NA,0.27459669,NA,0.093800761,0.18463075,0.089298956,NA,0.30557844,NA,0.14795446,NA,2.168874,-0.43238667,NA,Suburb
2512840,Weymouth,2018,25,MA,0,all,all,0,5.5,5291,12,440.9166666666667,0,0.2236079662420344,0.0142088849398554,0.0183165953539762,0.2142239094447887,0.012705351139156,0.0171149173472348,Weymouth,Pre-Kindergarten,12,0,1,0,0,0,0,0,1,0,0,0,0,0,0,0,0,448.83334,0.0029706648,0.056071296,0.09357594,0.066839956,0.7408095,0.31806684,0.040320177,0.35838702,0.32766441,0.035352696,0.19219917,2693,0.040735364,0.027262965,0.0069268616,1.1408826e-4,0.051433243,0.027505096,0.0088835387,0.027453993,0.038032621,0.023148004,0.011260996,0.035588235,0.042846356,0.02711528,0.038338639,0.007513856,0.75375122,1.4630371,0.072252177,NA,NA,0.74548209,11.178533,11.271297,10.976295,NA,NA,11.182899,0.36473677,0.60496151,0.46157908,NA,NA,0.34025237,0.062513247,0.087048687,0.10073273,NA,NA,0.057688795,0.067553066,0.040741075,0.067591757,NA,NA,0.067175999,0.085086167,0.063398644,0.087382488,NA,NA,0.08469075,0.19587968,0.083939098,0.41098887,NA,NA,0.18121287,0.74940395,NA,-0.58313626,NA,Suburb
2604740,Bendle Public Schools,2018,26,MI,0,all,all,0,5.5,1099,12,91.58333333333331,0,-0.6860682914334472,0.0344878339961464,0.0368669775243862,-0.6688291330124305,0.0276990443810139,0.0305421103966646,Bendle Public Schools,Pre-Kindergarten,12,0,1,0,0,0,0,0,1,0,0,0,0,0,0,0,0,93.166664,0.0035778175,0,0.053667262,0.075134166,0.7584973,0.82838953,0.061127007,0.88951653,0.95999998,0.0042158514,0.13490725,559,0,0,0,NA,-1.8271891e-8,-3.8201571e-9,-1.0126351e-8,-7.0209074e-9,0,0,0,0,0,0,0,NA,-1.353762,NA,NA,NA,NA,-1.1441218,10.343362,NA,NA,NA,NA,10.333387,0.078221478,NA,NA,NA,NA,0.077906318,0.21557863,NA,NA,NA,NA,0.17716125,0.074892879,NA,NA,NA,NA,0.062962994,0.28002581,NA,NA,NA,NA,0.23472553,0.20422934,NA,NA,NA,NA,0.16649613,NA,NA,NA,NA,Suburb
2606270,Bloomingdale Public School District,2018,26,MI,0,all,all,0,5.5,716,12,59.66666666666666,0,-0.5343465970364321,0.0411504975538414,0.0431639524020514,-0.5062882171724867,0.0305256946635469,0.0331270506165695,Bloomingdale Public School District,Pre-Kindergarten,12,0,0,0,1,0,0,0,0,0,0,0,0,0,0,1,0,63.166668,0.0079155676,0,0.41952506,0.079155676,0.47493404,0.7566278,0.077668935,0.8342967,0.87430167,0.47099122,0.34918317,379,0,0,0,NA,1.0475418e-8,-5.5967626e-9,-1.12411e-8,1.7011006e-9,0,0,0,0,0,0,0,NA,-0.35745898,NA,NA,NA,NA,-0.15060805,10.580113,NA,NA,NA,NA,10.590789,0.13794401,NA,NA,NA,NA,0.13697559,0.16300951,NA,NA,NA,NA,0.12642579,0.065438934,NA,NA,NA,NA,0.054769028,0.14432169,NA,NA,NA,NA,0.13378866,0.18031381,NA,NA,NA,NA,0.15086433,NA,NA,NA,NA,Rural
2606500,Boyne City Public Schools,2018,26,MI,0,all,all,0,5.5,1254,12,104.5,0,0.0757997536660856,0.0277224749189909,0.0306316658651129,0.0982316455537411,0.0239490095505688,0.0271871018373401,Boyne City Public Schools,Pre-Kindergarten,12,0,0,1,0,0,0,0,0,0,0,0,0,1,0,0,0,105,0.014285714,0.017460318,0.031746034,0,0.91587299,0.39085045,0.11793484,0.50878531,0.52950561,0,0.095025986,630,NA,0,0,0,NA,9.4226866e-9,9.7160591e-10,-8.5967011e-9,NA,0,0,0,NA,0,0,0,0.83985007,NA,NA,NA,NA,0.89614195,10.888156,NA,NA,NA,NA,10.895858,0.33338407,NA,NA,NA,NA,0.33645913,0.080243185,NA,NA,NA,NA,0.078631245,0.046624452,NA,NA,NA,NA,0.041842368,0.083044603,NA,NA,NA,NA,0.075484298,0.10594584,NA,NA,NA,NA,0.10578337,NA,NA,NA,NA,Town
2606510,Boyne Falls Public School District,2018,26,MI,0,all,all,0,5.5,296,12,24.66666666666667,0,-9.871679122527e-4,0.0577655088002439,0.0592166981939124,0.0116440123503729,0.0365386684880449,0.0387383239536755,Boyne Falls Public School District,Kindergarten,12,0,0,0,1,0,0,0,0,0,0,0,0,0,1,0,0,25.333334,0,0,0.013157895,0,0.89473683,0.4990792,0.10227316,0.60135233,0.6554054,0,0.14733543,152,NA,0.010576904,NA,NA,NA,0.0013626869,0.053750262,0.028153919,NA,8.3333335e-4,0.073418751,0.034047309,NA,8.3333254e-4,NA,NA,0.44626722,NA,NA,NA,NA,0.44180158,10.742551,NA,NA,NA,NA,10.741009,0.20632678,NA,NA,NA,NA,0.21039413,0.12181071,NA,NA,NA,NA,0.10932431,0.038794007,NA,NA,NA,NA,0.03858196,0.11223484,NA,NA,NA,NA,0.11166201,0.12399676,NA,NA,NA,NA,0.12397795,NA,NA,NA,NA,Rural
2607040,Brown City Community Schools,2018,26,MI,0,all,all,0,5.5,748,12,62.33333333333334,0,-0.0990553290630415,0.0374432589005749,0.0396454407862156,-0.0647705706918912,0.0293206645161958,0.0320200689495193,Brown City Community Schools,Pre-Kindergarten,12,0,0,0,1,0,0,0,0,0,0,0,0,0,0,1,0,62.5,0.0026666666,0.0026666666,0.024,0.016000001,0.95466667,0.50407016,0.10038295,0.60445315,0.63368982,0.0036144578,0.15662651,375,0,0,0,0,-4.2632875e-9,1.2456759e-8,6.0321642e-10,-6.3160708e-9,0,0,0,0,0,0,0,0,-0.11441454,NA,NA,NA,NA,-0.057329051,10.742517,NA,NA,NA,NA,10.73704,0.0932227,NA,NA,NA,NA,0.093458489,0.1586493,NA,NA,NA,NA,0.14273864,0.064439788,NA,NA,NA,NA,0.054255269,0.13651775,NA,NA,NA,NA,0.13759804,0.11970566,NA,NA,NA,NA,0.11405461,NA,NA,NA,NA,Rural
2610080,Clintondale Community Schools,2018,26,MI,0,all,all,0,5.5,1368,12,114,0,-0.5550373822009148,0.0306242465436088,0.0332807423955894,-0.5636606920663028,0.0255670832157768,0.0286227041354084,Clintondale Community Schools,Pre-Kindergarten,12,0.20850866,0.79149133,0,0,0,0.11921459,0.089294061,0.79149133,0,0,0,0,0,0,0,0,119.33334,0,0.0083798887,0.022346368,0.63268155,0.26256984,0.78919375,0.05134403,0.84053779,0.83357662,0.041444208,0.33155367,716,0.046457749,-0.0078762369,NA,0.047787011,0.18334571,0.081276141,0.035444152,0.043726187,0.19962187,0.032342054,0.034518078,0.040325709,0.18447435,-0.014434422,NA,0.20054811,-1.0388954,NA,-2.9078736,NA,NA,-0.21347387,10.671568,NA,10.090586,NA,NA,10.841249,0.11398198,NA,0.094167545,NA,NA,0.12259307,0.21032408,NA,0.33923376,NA,NA,0.15566771,0.077807143,NA,0.16172743,NA,NA,0.049680803,0.24344252,NA,0.36478385,NA,NA,0.17440033,0.26231882,NA,0.42435646,NA,NA,0.16968973,2.5723052,NA,NA,NA,Suburb
2610620,Comstock Park Public Schools,2018,26,MI,0,all,all,0,5.5,2612,12,217.6666666666667,0,0.1691392839243723,0.0199906447603209,0.0238618778802338,0.1608460430480358,0.0183977688535681,0.0224513105775584,Comstock Park Public Schools,Pre-Kindergarten,12,0,1,0,0,0,0,0,1,0,0,0,0,0,0,0,0,219.5,0.0015186028,0.006833713,0.14047077,0.056188308,0.73120731,0.355313,0.094295166,0.44960818,0.44988522,0.078409091,0.1219697,1317,0.15204127,0.15190636,-0.024274111,-0.072552696,0.098920874,0.11757524,0.087078117,0.12665558,0.038366456,0.08023753,0.10486898,0.15977754,0.097512953,0.099004202,-0.015740246,-0.057922374,0.43414807,NA,NA,0.060649555,NA,0.52364916,10.795612,NA,NA,10.484627,NA,10.850698,0.27766299,NA,NA,0.13524343,NA,0.28875434,0.096483715,NA,NA,0.10326563,NA,0.096711382,0.042904332,NA,NA,0.054384604,NA,0.04351899,0.11078571,NA,NA,0.12258869,NA,0.10160821,0.17359194,NA,NA,0.13396245,NA,0.15060055,NA,0.58584625,NA,NA,Suburb
2614790,Frankfort-Elberta Area Schools,2018,26,MI,0,all,all,0,5.5,328,10,32.8,0,0.5978025299203674,0.0632186773102066,0.0645473818128193,0.4910708589764857,0.0377022360535212,0.039837696360308,Frankfort-Elberta Area Schools,Kindergarten,12,0,0,0,1,0,0,0,0,0,0,0,0,0,0,0,1,33.666668,0.014851485,0.0099009899,0.069306932,0,0.85148513,0.4898923,0.0580681,0.5479604,0.55778897,0.032967035,0.090109892,202,NA,0,0,0,NA,-4.0141592e-9,-1.436174e-8,-1.233047e-8,NA,0,0,0,NA,0,0,0,0.7901147,NA,NA,NA,NA,0.77839893,10.814186,NA,NA,NA,NA,10.803069,0.40960097,NA,NA,NA,NA,0.41258758,0.11831288,NA,NA,NA,NA,0.1083232,0.057893202,NA,NA,NA,NA,0.049970541,0.05088263,NA,NA,NA,NA,0.05192386,0.082181685,NA,NA,NA,NA,0.085686333,NA,NA,NA,NA,Rural
2616380,Grand Haven Area Public Schools,2018,26,MI,0,all,all,0,5.5,6171,12,514.25,0,0.4347869210183237,0.0139567654482373,0.0190933140081798,0.4350698562528691,0.0133933484380828,0.0185732396270699,Grand Haven Area Public Schools,Pre-Kindergarten,12,0,0.95206195,0,0.047938067,0,0,0,0,0.95206195,0,0,0,0,0.047938067,0,0,519,0.0028901733,0.015093128,0.057161208,0.019910084,0.86801541,0.30396888,0.070216939,0.3741858,0.3867099,0.020981617,0.13453655,3114,0.024612898,0.018705612,0.030100226,0.013290222,0.086480692,0.031641662,0.025112592,0.038165767,0.027316829,0.014600806,0.028480716,0.048234586,0.021300273,0.014576871,0.045393683,-0.0057159835,0.97920918,NA,NA,NA,NA,1.0156362,10.98457,NA,NA,NA,NA,10.995551,0.35888675,NA,NA,NA,NA,0.37045857,0.077463455,NA,NA,NA,NA,0.074394234,0.044014167,NA,NA,NA,NA,0.042375453,0.068942487,NA,NA,NA,NA,0.070521139,0.1053936,NA,NA,NA,NA,0.10299857,NA,NA,NA,NA,Suburb
2617400,Hamilton Community Schools,2018,26,MI,0,all,all,0,5.5,2400,12,200,0,0.3369252512358113,0.0210254988696626,0.0247352974664957,0.3274999768844344,0.0192085597304862,0.0231203852645305,Hamilton Community Schools,Pre-Kindergarten,12,0,0,0,1,0,0,0,0,0,0,0,0,0,0.90019047,0.099809527,0,200.16667,0,0.010824313,0.066611156,0.005828476,0.89258951,0.22877805,0.065115526,0.29389358,0.30333334,0.024761904,0.11923809,1201,0.011174279,0.0028472792,NA,0.0050844154,0.032444488,0.021575842,4.7218375e-4,0.0044136271,0.0020643594,0.0092823226,5.292744e-4,0.0051968293,0.012159052,0.0096564442,NA,-4.8934296e-4,1.1569618,NA,NA,NA,NA,1.1772293,11.029405,NA,NA,NA,NA,11.032038,0.22618343,NA,NA,NA,NA,0.22083242,0.075000286,NA,NA,NA,NA,0.071247995,0.020217629,NA,NA,NA,NA,0.022168104,0.033086587,NA,NA,NA,NA,0.034785718,0.083759449,NA,NA,NA,NA,0.075736351,NA,NA,NA,NA,Rural
2620160,Kelloggsville Public Schools,2018,26,MI,0,all,all,0,5.5,1818,12,151.5,0,-0.5804861342504778,0.0265521253427001,0.0295766579966754,-0.5818573570710652,0.0231388649807667,0.0264762255704777,Kelloggsville Public Schools,Pre-Kindergarten,12,0.42950946,0.57049054,0,0,0,0,0.42950946,0.57049054,0,0,0,0,0,0,0,0,151,0.0055187638,0.06291391,0.3554084,0.21302429,0.28366446,0.76801521,0.094376326,0.86239153,0.89120877,0.38407922,0.17671022,906,0,0,0,0,-2.4756601e-9,1.8916175e-8,1.5780447e-8,7.3510806e-9,0,0,0,0,0,0,0,0,-0.63192213,0.79630768,-1.2822195,-1.0546132,NA,-0.35996026,10.598618,10.687668,10.937691,10.61657,NA,10.580714,0.14964055,0.15219162,0.12524264,0.10145592,NA,0.17515635,0.19272609,0.070754975,0.21537367,0.28670463,NA,0.15080824,0.043437362,0.0042930888,0.097871475,0.026459042,NA,0.046627287,0.18163209,0.05814036,0.30917609,0.21531567,NA,0.14262609,0.27633879,0.10302541,0.28240812,0.2483214,NA,0.21539517,1.1660585,0.95405471,-0.54336596,NA,Suburb
2620850,Lakeview School District (Calhoun),2018,26,MI,0,all,all,0,5.5,4073,12,339.4166666666667,0,-0.1069785366715066,0.0173988922550242,0.0217367152472444,-0.1062017222345195,0.0163352360430025,0.0207947922432823,Lakeview School District (Calhoun),Pre-Kindergarten,12,1,0,0,0,0,0,1,0,0,0,0,0,0,0,0,0,343.83334,0.0038778477,0.09015996,0.10470189,0.1236064,0.57876879,0.49321985,0.076547571,0.56976742,0.56911767,0.10139301,0.11098424,2063,0.044405174,0.022492936,-0.023664713,-0.0066046915,0.048787016,0.021871028,0.023148339,0.031274069,0.055649888,0.022233238,0.030934269,0.039868165,0.051941328,0.025775172,-0.0085285418000000009,-0.007237839,0.38336584,0.83337575,-1.0782617,0.75223225,NA,0.41069844,10.841435,10.830312,10.318924,10.597494,NA,10.887596,0.29288203,0.25646171,0.33382761,0.26006722,NA,0.28864497,0.11375041,0.19916713,0.39738941,0.088184588,NA,0.081625365,0.053531308,0.0025146815,0.023927916,0.0042007021,NA,0.060035069,0.09739884,0.033358116,0.23931658,0.097143129,NA,0.088447936,0.18578754,0.057011332,0.2030468,0.11577616,NA,0.1899536,1.5801686,-0.10461928,-0.27475852,NA,City
2625980,Northville Public Schools,2018,26,MI,0,all,all,0,5.5,6875,12,572.9166666666666,0,0.7380187556453128,0.0138486967057679,0.0190144612988691,0.7423805241448986,0.0132730376026284,0.0184866701994018,Northville Public Schools,Pre-Kindergarten,12,0.070156053,0.92984396,0,0,0,0,0.070156053,0.92984396,0,0,0,0,0,0,0,0,579.33331,0.002013809,0.20368239,0.042289987,0.026179517,0.68929803,0.041007385,0.0080977399,0.049105126,0.067441858,0.095110074,0.14184317,3476,0.026413852,0.02084597,-0.0015058244,-0.0021309622,0.051998373,0.032705374,0.026054164,0.060398482,0.017551016,0.015539129,0.011014254,0.039012242,0.02190038,0.018686688,-0.0096334452,-0.0013046047,2.0954449,2.6329808,0.65079558,0.85235727,NA,2.0466232,11.652243,11.858056,11.071443,10.967676,NA,11.627554,0.67606658,0.82533073,0.48564461,0.49552488,NA,0.65643638,0.028367365,0.0075581688,0.028512735,0.068820104000000007,NA,0.031139191,0.044676024,0.032661352,0.10322569,0.059564222,NA,0.043900449,0.018300205,0.024043651,0.074166,0.11737843,NA,0.013457375,0.087592974,0.025572613,0.19270417,0.1259398,NA,0.095981695,1.2432039,0.99740052,-0.5838905,NA,Suburb
2627840,Pentwater Public School District,2018,26,MI,0,all,all,0,5.5,246,12,20.5,0,0.401736064137614,0.0616030801599005,0.0629658861862912,0.3597486376732463,0.0375797235654071,0.0397217707449338,Pentwater Public School District,Pre-Kindergarten,12,0,0,0,1,0,0,0,0,0,0,0,0,0,0,1,0,21.666666,0,0,0.1,0,0.86153847,0.44999999,0.064285718,0.51428568,0.45528457,0,0.16428572,130,NA,0,NA,NA,NA,9.0316492e-9,-2.6048298e-8,-6.9082091e-9,NA,0,0,0,NA,0,NA,NA,0.71037215,NA,NA,NA,NA,0.818753,10.840501,NA,NA,NA,NA,10.85386,0.35031515,NA,NA,NA,NA,0.36685467,0.11930706,NA,NA,NA,NA,0.10396145,0.048967458,NA,NA,NA,NA,0.042296626,0.064251661,NA,NA,NA,NA,0.057714675,0.1331569,NA,NA,NA,NA,0.12557936,NA,NA,NA,NA,Rural
2629340,Rapid River Public Schools,2018,26,MI,0,all,all,0,5.5,294,12,24.5,0,-0.2592582192025985,0.0557492384322353,0.0572515582653614,-0.2394926952227287,0.0356774148974779,0.0379270534266432,Rapid River Public Schools,Kindergarten,12,0,0,0,1,0,0,0,0,0,0,0,0,0,0,1,0,24.333334,0.034246575,0,0.006849315,0.01369863,0.82191783,0.40000001,0.064788729,0.46478873,0.54421771,0,0.11549295,146,0,0,0,NA,-2.4685573e-8,-2.3158885e-8,-1.9167476e-8,1.2321975e-8,0,0,0,0,0,0,0,NA,0.11523223,NA,NA,NA,NA,0.22512981,10.771946,NA,NA,NA,NA,10.771409,0.18619151,NA,NA,NA,NA,0.19230299,0.12528104,NA,NA,NA,NA,0.10853811,0.061117716,NA,NA,NA,NA,0.050652441,0.14632891,NA,NA,NA,NA,0.13548732,0.092596613,NA,NA,NA,NA,0.08717823,NA,NA,NA,NA,Rural
2634260,Troy School District,2018,26,MI,0,all,all,0,5.5,11567,12,963.9166666666666,0,0.7490510564801944,0.0119304851725478,0.0176663469480883,0.7548737846090605,0.0115733331850467,0.0173068046985216,Troy School District,Pre-Kindergarten,12,1,0,0,0,0,0,1,0,0,0,0,0,0,0,0,0,976.5,0.0011947431,0.36763954,0.032428741,0.045912273,0.51851851,0.11226555,0.025501216,0.13776676,0.15508021,0.17805684,0.10158577,5859,0.0092833415,5.8656186e-4,-0.037617143,-0.024837755,0.029441848,0.044536345,0.054300062,0.061293691,0.015532388,0.016316265,0.038471393,0.052380245,0.011491439,0.012766492,0.091834866,-0.0078042452,1.8198171,2.3047016,1.1531808,NA,NA,1.6692134,11.432269,11.593041,11.183507,NA,NA,11.355534,0.61835164,0.83954346,0.47650489,NA,NA,0.54579937,0.04263372,0.043900818,0.032799508,NA,NA,0.04292528,0.040732563,0.033958234,0.04324057,NA,NA,0.040246565,0.0330359,0.023820264,0.037587978,NA,NA,0.036464397,0.089791514,0.059048384,0.25999135,NA,NA,0.094434261,0.53019238,NA,-0.61963838,NA,City
2635160,Walled Lake Consolidated Schools,2018,26,MI,0,all,all,0,5.5,12329,12,1027.416666666667,0,0.2957855669258333,0.0093187805359514,0.0160188329386092,0.2971082578525339,0.0091434528508729,0.0157856320081523,Walled Lake Consolidated Schools,Pre-Kindergarten,12,0.085710116,0.91428989,0,0,0,0,0.085710116,0.91428989,0,0,0,0,0,0,0,0,1044.3334,0.0012767316,0.064155765,0.055857006,0.088573255,0.75614429,0.23279639,0.033483438,0.26627982,0.28203467,0.13686042,0.18398491,6266,0.076265909,0.033595774,0.029846346,0.061311871,0.14135125,0.050280116,0.028143529,0.038532641,0.093350224,0.027077885,0.030925792,0.045644321,0.085012048,0.043534677,0.0053048311,0.068354949,1.2687385,2.1986852,0.11012154,0.99454826,NA,1.3185976,11.151333,11.483806,10.799445,11.059206,NA,11.158614,0.46290722,0.76600832,0.42097685,0.34299421,NA,0.44683221,0.059709869,0.037641998,0.099417686,0.086097963,NA,0.055400204,0.038550943,0.0384207,0.050249778,0.037548903,NA,0.038460944,0.054292616,0.0084561715,0.106171,0.087809764,NA,0.050202496,0.12905604,0.053297684,0.36765659,0.099992961,NA,0.11187232,1.2062645,0.3439489,-0.84797847,NA,Suburb
2636480,Wolverine Community School District,2018,26,MI,0,all,all,0,5.5,270,12,22.5,0,-0.2881171550368467,0.0614408367693697,0.0628071632933552,-0.3015131336831648,0.0373637627992016,0.0395175178670887,Wolverine Community School District,Kindergarten,12,0,0,0,1,0,0,0,0,0,0,0,0,0,0,0,1,23.166666,0.035971224,0.021582734,0.01438849,0.0071942448,0.8561151,0.77048206,0.063761018,0.83424312,0.85074627,0,0.15162455,139,0,0,0,0,5.2645827e-8,2.5306377e-8,7.6636617e-9,-2.3139237e-9,0,0,0,0,0,0,0,0,-0.18214439,NA,NA,NA,NA,-0.10265063,10.649609,NA,NA,NA,NA,10.65201,0.11634382,NA,NA,NA,NA,0.11562224,0.15318491,NA,NA,NA,NA,0.13155809,0.060604922,NA,NA,NA,NA,0.051472466,0.14916115,NA,NA,NA,NA,0.13992809,0.12653351,NA,NA,NA,NA,0.12686005,NA,NA,NA,NA,Rural
2700005,United South Central Schools,2018,27,MN,0,all,all,0,5.5,620,12,51.66666666666666,0,0.2252178699138501,0.0385788993263774,0.0405554167163594,0.2300910657485279,0.0249285291498608,0.0278387440084361,United South Central Schools,Pre-Kindergarten,12,0,0,0,1,0,0,0,0,0,0,0,0,0,0,0,1,53,0,0.003144654,0.17610063,0.012578616,0.7610063,0.36688671,0.13340726,0.50029397,0.48064515,0.021216407,0.21640736,318,0,0,NA,0,-1.2553509e-8,-2.9611636e-8,-2.3484922e-8,-1.3651504e-8,0,0,0,0,0,0,NA,0,0.45990047,NA,NA,NA,NA,0.6204946,10.776507,NA,NA,NA,NA,10.802176,0.18031806,NA,NA,NA,NA,0.18816644,0.13121334,NA,NA,NA,NA,0.10891312,0.035209354,NA,NA,NA,NA,0.033585671,0.080316782,NA,NA,NA,NA,0.075137593,0.1349788,NA,NA,NA,NA,0.11202455,NA,NA,NA,NA,Rural
2700024,Warren-Alvarado-Oslo School District,2018,27,MN,0,all,all,0,5.5,432,12,36,0,0.0465530166524804,0.048733398617547,0.0503125679390302,0.0708205599414657,0.0286466912713329,0.0312121294241011,Warren-Alvarado-Oslo School District,Pre-Kindergarten,12,0,0,0,1,0,0,0,0,0,0,0,0,0,0,1,0,35.666668,0,0,0.16355141,0,0.81775701,0.27280158,0.15609671,0.4288983,0.47222221,0.026369167,0.18052739,214,NA,0,NA,NA,NA,4.7078612e-9,2.7291357e-8,5.7755059e-9,NA,0,0,0,NA,0,NA,NA,0.8000437,NA,NA,NA,NA,0.90351003,10.939689,NA,NA,NA,NA,10.962095,0.19968094,NA,NA,NA,NA,0.20800649,0.10551281,NA,NA,NA,NA,0.088690646,0.035748448,NA,NA,NA,NA,0.034893826,0.05910546,NA,NA,NA,NA,0.058603071,0.10669626,NA,NA,NA,NA,0.09593755,NA,NA,NA,NA,Rural
2700110,Cedar Mountain School District,2018,27,MN,0,all,all,0,5.5,463,12,38.58333333333334,0,0.0070950530012605,0.045531024890668,0.0472174181780138,-6.895713761972e-4,0.027734447274158,0.0303770253315697,Cedar Mountain School District,Pre-Kindergarten,12,0,0,0,1,0,0,0,0,0,0,0,0,0,0,0.422833,0.57716703,38.666668,0.13362069,0,0.038793102,0,0.77155173,0.28198609,0.21616206,0.49814814,0.58189654,0,0.26844728,232,NA,0,0,NA,NA,1.3961897e-8,-1.4492215e-8,-8.184581e-9,NA,0,0,0,NA,0,0,NA,0.46472213,NA,NA,NA,NA,0.6207965,10.812763,NA,NA,NA,NA,10.829453000000001,0.17008248,NA,NA,NA,NA,0.17517149,0.12226072,NA,NA,NA,NA,0.094081938,0.035391234,NA,NA,NA,NA,0.034099471,0.068230525,NA,NA,NA,NA,0.06378004,0.17191476,NA,NA,NA,NA,0.15121107,NA,NA,NA,NA,Rural
2711460,Ellsworth Public School District,2018,27,MN,0,all,all,0,5.5,126,12,10.5,0,-0.1299379279996602,0.0869591075613717,0.0878538373645284,0.0867309665233125,0.0349312488115809,0.0370642178647864,Ellsworth Public School District,Pre-Kindergarten,12,0,0,0,1,0,0,0,0,0,0,0,0,0,0,0,1,9.166667,0,0,0.036363635,0.018181818,0.94545454,0.27191454,0.19538295,0.46729749,0.5714286,0,0.17266187,55,0,0,NA,NA,-7.6520301e-10,7.4527762e-9,-6.7237642e-9,-2.0176481e-8,0,0,0,0,0,0,NA,NA,0.81850916,NA,NA,NA,NA,0.82807404,10.780223,NA,NA,NA,NA,10.795246,0.18308344,NA,NA,NA,NA,0.19072796,0.11594211,NA,NA,NA,NA,0.10138379,0.036790725,NA,NA,NA,NA,0.036561806,0.038972855,NA,NA,NA,NA,0.039826557,0.085039407,NA,NA,NA,NA,0.08974988,NA,NA,NA,NA,Rural
2712240,Foley Public School District,2018,27,MN,0,all,all,0,5.5,1766,12,147.1666666666667,0,0.3973089907129813,0.0232448640380892,0.0263957204097947,0.4125457865104815,0.0184218883905003,0.0222020286069499,Foley Public School District,Pre-Kindergarten,12,0,0,0,1,0,0,0,0,0,0,0,0,0,0,1,0,148.66667,0.0044843052,0.0011210763,0.0089686103,0.0033632286,0.96748877,0.18175925,0.090713754,0.27247301,0.28167421,0.0015136226,0.13673058,892,0,0,0,0,3.0799665e-8,4.851259e-9,2.3788527e-11,-1.8388866e-8,0,0,0,0,0,0,0,0,0.97556758,NA,NA,NA,NA,0.99178177,11.083324,NA,NA,NA,NA,11.089948,0.17889945,NA,NA,NA,NA,0.1767385,0.057631467,NA,NA,NA,NA,0.056371409,0.030164542,NA,NA,NA,NA,0.02883481,0.071734875,NA,NA,NA,NA,0.073314361,0.10435241,NA,NA,NA,NA,0.10370194,NA,NA,NA,NA,Rural
2714010,Hill City Public School District,2018,27,MN,0,all,all,0,5.5,260,12,21.66666666666667,0,-0.1349969685394932,0.0580596508463677,0.0593913580262729,-0.1608132980961288,0.0307333060235141,0.0331375949870648,Hill City Public School District,Pre-Kindergarten,12,0,0,0,1,0,0,0,0,0,0,0,0,0,0,0,1,20.833334,0.016000001,0,0.016000001,0,0.88,0.42428571,0.17114286,0.59542859,0.61538464,0,0.25177306,125,NA,0,0,NA,NA,-9.6176684e-9,-3.0255766e-8,-6.4631136e-9,NA,0,0,0,NA,0,0,NA,-0.2864216,NA,NA,NA,NA,-0.0035334236,10.564216,NA,NA,NA,NA,10.57466,0.17704608,NA,NA,NA,NA,0.18802488,0.1259415,NA,NA,NA,NA,0.10915853,0.061000969,NA,NA,NA,NA,0.048293777,0.18743694,NA,NA,NA,NA,0.1566691,0.11563664,NA,NA,NA,NA,0.11662408,NA,NA,NA,NA,Rural
2714040,Hills-Beaver Creek School District,2018,27,MN,0,all,all,0,5.5,365,12,30.41666666666667,0,0.3788137666331155,0.0461517340248992,0.0478162410202626,0.3197844947245191,0.0281363353583319,0.0307443892407751,Hills-Beaver Creek School District,Pre-Kindergarten,12,0,0,0,1,0,0,0,0,0,0,0,0,0,0,1,0,30.833334,0,0,0.032432433,0.0054054055,0.95135134,0.17815663,0.07446228,0.25261891,0.26775956,0,0.13031915,185,0,0,NA,NA,3.9858858e-8,-6.9666104e-9,-2.5752012e-8,-1.2495532e-8,0,0,0,0,0,0,NA,NA,0.93852866,NA,NA,NA,NA,1.0613497,10.983576,NA,NA,NA,NA,11.001992,0.20126481,NA,NA,NA,NA,0.20944493,0.089164659,NA,NA,NA,NA,0.077203766,0.032314215,NA,NA,NA,NA,0.031957217,0.07188379,NA,NA,NA,NA,0.045895785,0.094380893,NA,NA,NA,NA,0.099525996,NA,NA,NA,NA,Rural
2718540,Mabel-Canton Public School District,2018,27,MN,0,all,all,0,5.5,205,12,17.08333333333333,0,0.2018639908906445,0.0650430153074908,0.0662344637790123,0.1450350017511944,0.0319441740038769,0.0342636010247279,Mabel-Canton Public School District,Pre-Kindergarten,12,0,0,0,1,0,0,0,0,0,0,0,0,0,0,0,1,18.5,0,0,0.018018018,0.0090090092,0.96396399,0.19499044,0.13356538,0.32855582,0.36893204,0,0.20075758,111,0,0,NA,NA,-5.3419217e-8,5.7466352e-9,1.6485744e-8,1.2928385e-8,0,0,0,0,0,0,NA,NA,0.52010375,NA,NA,NA,NA,0.58313227,10.842181,NA,NA,NA,NA,10.881978,0.1524002,NA,NA,NA,NA,0.15856305,0.13412599,NA,NA,NA,NA,0.11613759,0.045524277,NA,NA,NA,NA,0.042596556,0.073090993,NA,NA,NA,NA,0.067875549,0.094429053,NA,NA,NA,NA,0.097126991,NA,NA,NA,NA,Rural
2721240,Minneapolis Public School District,2018,27,MN,0,all,all,0,5.5,37996,11,3454.181818181818,0,-0.3035500977221127,0.0080567865424475,0.0148769002548704,-0.3047425375941767,0.0074874469146279,0.0144784655157632,Minneapolis Public School District,Pre-Kindergarten,12,0.99598289,0.0040171221,0,0,0.99598289,0,0,0.0040171221,0,0,0,0,0,0,0,0,3571.5,0.027299454,0.043725792,0.20145597,0.41266507,0.28428766,0.6018877,0.057734586,0.65962225,0.66082382,0.55057389,0.38460931,21429,0.38458234,0.36432776,0.3536365,0.14095077,0.43487841,0.45385143,0.26927254,0.30429077,0.47848153,0.51985788,0.32497385,0.35065392,0.41606244,0.41585094,0.36092398,0.078087874,0.18114004,0.23326592,-3.4216793,-0.84053797,-2.5745015,1.2793721,10.891018,10.876069,9.9902697,10.60195,10.034754,11.106679,0.49320805,0.52730596,0.14253074,0.18324642,0.17026556,0.61357462,0.19871166,0.2279297,0.41727737,0.24512084,0.32760751,0.11406136,0.05626357,0.049732085,0.12953027,0.059236571,0.13659765,0.037666298,0.14707749,0.11809146,0.47908941,0.20748553,0.34458947,0.057764031,0.22183089,0.18189681,0.50974083,0.2777676,0.38467354,0.12181153,4.66293,2.092994,0.9283582,3.5433755,City
2723910,Central Public School District,2018,27,MN,0,all,all,0,5.5,1632,12,136,0,0.372106129537131,0.0256961530662342,0.0285780096263917,0.3800330401041799,0.0192966567901839,0.0229330561781444,Central Public School District,Pre-Kindergarten,12,0,0,0.62667477,0.3733252,0,0,0,0,0,0,0,0.62667477,0,0,0.3733252,0,139.66667,0.0011933175,0.010739856,0.060859188,0.019093079,0.86873507,0.12110481,0.047605801,0.1687106,0.18115056,0.018270401,0.16321559,838,-0.041938443,-1.4724334e-4,0.088473216,-0.0410292,0.053896487,0.0086754272,0.014949469,0.037622087,0.0067140511,0.0035284346,0.010814033,0.03173003,0.0042480235,0.0037239511,0.0051579922,0.0026028671,1.2953135,NA,NA,NA,NA,1.4079148,11.187108,NA,NA,NA,NA,11.195418,0.2231658,NA,NA,NA,NA,0.21595992,0.039952818,NA,NA,NA,NA,0.036080636,0.026072005,NA,NA,NA,NA,0.027658924,0.034848697,NA,NA,NA,NA,0.019708313,0.095213741,NA,NA,NA,NA,0.068150222,NA,NA,NA,NA,Town
2731800,Rochester Public School District,2018,27,MN,0,all,all,0,5.5,16028,12,1335.666666666667,0,0.0874106033358637,0.0098215929645396,0.0159020137141148,0.0851627949198298,0.0089526321620941,0.0152876984867421,Rochester Public School District,Pre-Kindergarten,12,0.90229315,0,0,0.097706877,0,0.90229315,0,0,0,0,0,0,0,0.097706877,0,0,1355.8334,0.0054087276,0.10276583,0.10448679,0.16004917,0.56508911,0.32112372,0.077926248,0.39904997,0.39820582,0.11447421,0.1747624,8135,0.16308729,0.075897992,0.032871824,0.028508952,0.16762093,0.083571978,0.10431145,0.097233362,0.19080958,0.068561323,0.12473287,0.12257071,0.17336462,0.06738206,0.0052574254,0.014348775,1.00293,1.3599019,-3.4652028,-0.45317116,NA,1.3583434,11.111589,11.200091,10.261901,10.851149,NA,11.16539,0.45806646,0.55923522,0.18313265,0.24138357,NA,0.47643569,0.096767955,0.064948089,0.40345851,0.16788016,NA,0.06708274,0.041361067,0.032499678,0.16829939,0.070655003,NA,0.028592998,0.083820745,0.073895611,0.4523375,0.16792449,NA,0.054961815,0.14321905,0.11222871,0.47007075,0.26932251,NA,0.11449912,4.6630964,1.6351138,-0.042608652,NA,City
2732850,Sauk Centre Public School District,2018,27,MN,0,all,all,0,5.5,951,12,79.25,0,0.1706425476172125,0.0320622602218512,0.034415096721301,0.1650914656611455,0.0223596138994421,0.0255639675348702,Sauk Centre Public School District,Pre-Kindergarten,12,0,0,0.48616236,0.51383764,0,0,0,0,0,0,0,0.48616236,0,0.51383764,0,0,80.333336,0,0.0082987556,0.087136932,0.0062240665,0.88174272,0.27687886,0.12520313,0.40208197,0.39915967,0.039667897,0.18450184,482,0,0,NA,0,-2.0498442e-8,1.6149651e-8,8.1066203e-9,-1.1790828e-8,0,0,0,0,0,0,NA,0,0.85299003,NA,NA,NA,NA,0.93398708,10.908119,NA,NA,NA,NA,10.928417,0.16530642,NA,NA,NA,NA,0.17133757,0.097128056,NA,NA,NA,NA,0.084231906,0.021588156,NA,NA,NA,NA,0.024234997,0.072090574,NA,NA,NA,NA,0.060845263,0.078783117,NA,NA,NA,NA,0.082444169,NA,NA,NA,NA,Town
2801110,Coahoma County School District,2018,28,MS,0,all,all,0,5.5,1210,10,121,0,-0.4470707299089473,0.0260285548699997,0.0279230285744343,-0.431164484300614,0.0218480552996793,0.0240268648700344,Coahoma County School District,Pre-Kindergarten,12,0,0,0,1,0,0,0,0,0,0,0,0,0,0.57977206,0.42022792,0,120.16666,0,0,0.019417476,0.90291262,0.074895978,0.96335274,0.025462383,0.98881513,1,0.0056980057,0.19088319,721,0,0,NA,NA,0.16528988,0.10125358,0.022742424,NA,0.09635061,0.087825961,0.0084410654,NA,0.091382749,-0.004611244,NA,NA,-2.4851134,NA,-4.1123738,NA,NA,0.60737151,10.133816,NA,9.8928843,NA,NA,10.819306,0.12077405,NA,0.09740933,NA,NA,0.16223578,0.27061024,NA,0.40269771,NA,NA,0.10088634,0.10903932,NA,0.24141695,NA,NA,0.046883371,0.28086144,NA,0.4063431,NA,NA,0.074124806,0.34171352,NA,0.53270435,NA,NA,0.082819335,4.3593998,NA,NA,NA,Rural
2802100,Itawamba County School District,2018,28,MS,0,all,all,0,5.5,3440,12,286.6666666666667,0,-0.0704821154938238,0.015204016353218,0.018258476645575,-0.062685775371347,0.0142181798847076,0.0173812932297614,Itawamba County School District,Kindergarten,12,0,0,0,1,0,0,0,0,0,0,0,0,0,0.46115702,0.53884298,0,285.16666,5.8445352e-4,0.0029222677,0.008766803,0.070718877,0.90239626,0.5448463,0.11721727,0.6620636,0.53255814,0.00523416,0.19862258,1711,0.060321148,0.064923249,-0.04726553,-0.046309657,0.20412143,0.16950412,0.024634516,0.027397361,0.094398566,0.019373422,0.032691792,0.035998378,0.099903882,0.097926155,0.032196537,-0.015830923,-0.12112051,NA,-1.4590857,NA,NA,0.0094774673,10.527746,NA,10.596503,NA,NA,10.546958,0.13514976,NA,0.097708002,NA,NA,0.13829991,0.15157029,NA,0.23315129,NA,NA,0.13861403,0.045073375,NA,0.061381914,NA,NA,0.042291995,0.11267463,NA,0.27183634,NA,NA,0.10177124,0.19346473,NA,0.40324125,NA,NA,0.16985014,1.6102558,NA,NA,NA,Rural
2803000,Moss Point Separate School District,2018,28,MS,0,all,all,0,5.5,1808,12,150.6666666666667,0,-0.5804816836966812,0.0216914954188143,0.0239317953704382,-0.5954822120568901,0.0191108026882462,0.0215679274501313,Moss Point Separate School District,Pre-Kindergarten,12,0,1,0,0,0,0,0,0,0,1,0,0,0,0,0,0,150.33333,0,0.0011086474,0.033259425,0.74722838,0.19623061,0.85784978,0.06121042,0.91906017,1,0.03759791,0.1383812,902,0,0,NA,0,-8.5285636e-9,-1.7638097e-8,-4.9799467e-9,NA,0,0,0,NA,0,0,NA,0,-0.93537217,NA,-1.8523865,NA,NA,-0.076386161,10.493273,NA,10.204703,NA,NA,10.651515,0.12432893,NA,0.11804854,NA,NA,0.13747145,0.20285042,NA,0.28170916,NA,NA,0.12479411,0.095506229,NA,0.11348137,NA,NA,0.06888245,0.15336838,NA,0.206338,NA,NA,0.098722033,0.25576434,NA,0.4200578,NA,NA,0.12478136,1.7347261,NA,NA,NA,Suburb
2803270,North Tippah School District,2018,28,MS,0,all,all,0,5.5,1197,12,99.75,0,-0.1160103386207537,0.0258575444216935,0.0277636895903253,-0.1430904337721277,0.0219755738119035,0.0241428780278464,North Tippah School District,Kindergarten,12,0,0,0,1,0,0,0,0,0,0,0,0,0,0,0.40356314,0.59643686,99.166664,0,0.0016806723,0.016806724,0.067226894,0.88067228,0.61992586,0.12223811,0.74216396,0.62938231,0,0.18745159,595,0.012758126,-0.0068165064,NA,0.088213205,0.1041966,0.1950826,0.0070671709,0.023012307,0.040486194,0.029814115,0.0094164796,0.030176112,0.042439695,0.034044094,NA,-0.085947715,-0.6568774,NA,NA,NA,NA,-0.23876747,10.444523,NA,NA,NA,NA,10.527987,0.10312635,NA,NA,NA,NA,0.11388979,0.20656307,NA,NA,NA,NA,0.1607064,0.058228627,NA,NA,NA,NA,0.049134597,0.17231658,NA,NA,NA,NA,0.13887592,0.17610046,NA,NA,NA,NA,0.13004398,NA,NA,NA,NA,Rural
2804020,Smith County School District,2018,28,MS,0,all,all,0,5.5,2562,12,213.5,0,-0.0736885624110973,0.0198703546013979,0.0222944129353832,-0.0821248739244858,0.0178060292719192,0.020420758887404,Smith County School District,Kindergarten,12,0,0,0,1,0,0,0,0,0,0,0,0,0,0,0.30235121,0.69764876,213,0,7.8247261e-4,0.014084507,0.2769953,0.69640064,0.58045757,0.12320781,0.70366538,0.58391881,0.0036737693,0.17009552,1278,0.042306405,0.020029346,NA,-0.1047875,0.082117654,0.096336424,0.020794252,0.01805071,0.092169836,0.012913789,0.028361751,0.024224609,0.091454655,0.047448602,NA,-0.14708152,0.0062037571,NA,-1.6576238,NA,NA,0.50005776,10.547944,NA,10.10558,NA,NA,10.727414,0.1259495,NA,0.047568444,NA,NA,0.15017588,0.16468786,NA,0.28939494,NA,NA,0.12442731,0.037251975,NA,0.061081659,NA,NA,0.028220512,0.10440101,NA,0.20102935,NA,NA,0.081583917,0.15746453,NA,0.40148038,NA,NA,0.10318363,2.11954,NA,NA,NA,Rural
2900003,Portageville,2018,29,MO,0,all,all,0,5.5,572,11,52,0,0.1069684050752546,0.042620850996077,0.044211224922997,0.0703070310277796,0.029734275999939,0.0319282663773399,Portageville,Pre-Kindergarten,12,0,0,1,0,0,0,0,0,0,0,0,0,1,0,0,0,52,0,0.0032051282,0.032051284,0.20833333,0.68589741,0.56928247,0.062580004,0.63186246,0.68387097,0,0.15577191,312,0,0,NA,0,6.4406014e-9,-3.4234824e-9,1.0296153e-8,4.1937906e-9,0,0,0,0,0,0,NA,0,-1.12488,NA,-2.4298425,NA,NA,-0.52951235,10.411139,NA,10.218933,NA,NA,10.563886,0.11822806,NA,0.078341246,NA,NA,0.12858622,0.1896714,NA,0.36345324,NA,NA,0.12201636,0.06979534,NA,0.084519252,NA,NA,0.056060463,0.24392726,NA,0.29265067,NA,NA,0.1945698,0.19718502,NA,0.39634666,NA,NA,0.14373659,1.8561858,NA,NA,NA,Town
2903000,Santa Fe R-X,2018,29,MO,0,all,all,0,5.5,247,11,22.45454545454545,0,-0.1123517412088205,0.06273265895477,0.0638238354307975,-0.0664446805461446,0.035444588739409,0.0373042342841622,Santa Fe R-X,Pre-Kindergarten,12,0,0,0,1,0,0,0,0,0,0,0,0,0,0,1,0,24.166666,0,0,0.08275862,0.0068965517,0.91034484,0.3593545,0.075557195,0.4349117,0.47014925,0.043209877,0.11111111,145,0,0,NA,NA,2.3830287e-8,1.0072264e-8,-2.7512897e-8,-7.5171807e-9,0,0,0,0,0,0,NA,NA,0.37422225,NA,NA,NA,NA,0.6174621,10.761133,NA,NA,NA,NA,10.783397,0.17389432,NA,NA,NA,NA,0.18334562,0.092732653,NA,NA,NA,NA,0.081804,0.062009234,NA,NA,NA,NA,0.047420137,0.068825789,NA,NA,NA,NA,0.071401231,0.11628221,NA,NA,NA,NA,0.096138395,NA,NA,NA,NA,Rural
2905790,Adair County R-II,2018,29,MO,0,all,all,0,5.5,132,11,12,0,0.1099135504899717,0.0858968928122759,0.0866970107002869,0.0785667068941771,0.039640049212846,0.0413112639145631,Adair County R-II,Kindergarten,12,0,0,0,1,0,0,0,0,0,0,0,0,0,0,1,0,11.833333,0,0,0,0,0.91549295,0.31589535,0.13901591,0.45491126,0.47142857,0,0.2012987,71,NA,NA,NA,NA,NA,NA,2.8105761e-8,-4.4652202e-9,NA,NA,0,0,NA,NA,NA,NA,0.66039395,NA,NA,NA,NA,0.69332522,10.81336,NA,NA,NA,NA,10.816998,0.19822527,NA,NA,NA,NA,0.1998661,0.1213901,NA,NA,NA,NA,0.10463353,0.046423201,NA,NA,NA,NA,0.042260699,0.057612266,NA,NA,NA,NA,0.057726011,0.086436853,NA,NA,NA,NA,0.089980409,NA,NA,NA,NA,Rural
2905910,Bronaugh R-VII,2018,29,MO,0,all,all,0,5.5,129,9,14.33333333333333,0,-0.6283825556455883,0.0845847787292931,0.0853971911847545,-0.5184238004364913,0.0392348094427571,0.0409225768571736,Bronaugh R-VII,Pre-Kindergarten,12,0,0,0,1,0,0,0,0,0,0,0,0,0,0,1,0,13.666667,0,0,0,0,0.98780489,0.3357535,0.11659924,0.45235273,0.57647061,0,0.14689265,82,NA,NA,NA,NA,NA,NA,5.0946203e-9,1.3021575e-9,NA,NA,0,0,NA,NA,NA,NA,0.15887207,NA,NA,NA,NA,0.2635507,10.633449,NA,NA,NA,NA,10.633092,0.15875635,NA,NA,NA,NA,0.15933375,0.12312987,NA,NA,NA,NA,0.10662229,0.055446789,NA,NA,NA,NA,0.047336057,0.13457733,NA,NA,NA,NA,0.11950289,0.084660947,NA,NA,NA,NA,0.088249877,NA,NA,NA,NA,Rural
2912930,Golden City R-III,2018,29,MO,0,all,all,0,5.5,185,11,16.81818181818182,0,-0.1140684479194654,0.0748990294155149,0.0758153023930407,-0.1338213623415136,0.0380542113170167,0.0397920849363537,Golden City R-III,Kindergarten,12,0,0,0,1,0,0,0,0,0,0,0,0,0,0,1,0,16.833334,0,0,0.0099009899,0,0.88118809,0.50845921,0.14722618,0.65568542,0.69607842,0.015544041,0.15544042,101,NA,0,NA,NA,NA,5.2645827e-8,-1.0389779e-9,-9.3870653e-9,NA,0,0,0,NA,0,NA,NA,-0.044398472,NA,NA,NA,NA,0.17432311,10.558504,NA,NA,NA,NA,10.56576,0.127753,NA,NA,NA,NA,0.13353911,0.14737365,NA,NA,NA,NA,0.11813732,0.04799008,NA,NA,NA,NA,0.042157084,0.11021016,NA,NA,NA,NA,0.10771116,0.17346276,NA,NA,NA,NA,0.13400018,NA,NA,NA,NA,Rural
2913680,Hardin-Central C-2,2018,29,MO,0,all,all,0,5.5,204,11,18.54545454545455,0,-0.1838751418402404,0.0647640446836913,0.0658215538661402,-0.0960673508205862,0.0357052217699795,0.0375519624822091,Hardin-Central C-2,Pre-Kindergarten,12,0,0,0,1,0,0,0,0,0,0,0,0,0,0,1,0,9.666667,0,0,0.017241379,0,0.96551722,0.39285713,0.071428582,0.4642857,0.45132744,0,0.4642857,58,NA,0,NA,NA,NA,1.1201145e-8,3.4479193e-8,-1.1750536e-8,NA,0,0,0,NA,0,NA,NA,0.25886598,NA,NA,NA,NA,NA,10.864883,NA,NA,NA,NA,NA,0.17942689,NA,NA,NA,NA,NA,0.14670944,NA,NA,NA,NA,NA,0.048388146,NA,NA,NA,NA,NA,0.11188682,NA,NA,NA,NA,NA,0.1391516,NA,NA,NA,NA,NA,NA,NA,NA,NA,Rural
2914550,Hollister R-V,2018,29,MO,0,all,all,0,5.5,1075,11,97.72727272727272,0,-0.1165308119833394,0.0285299627622344,0.0308553762702145,-0.0927862328126135,0.0230978071438917,0.0258610850406212,Hollister R-V,Pre-Kindergarten,12,0,0,0.74212033,0.25787964,0,0,0,0,0,0,0,0.74212033,0,0.25787964,0,0,97.833336,0.0051107327,0.0017035775,0.090289608,0.017035775,0.85519594,0.5841378,0.14404695,0.72818476,0.69087839,0.029369628,0.12106017,587,0,0,0,0,8.100395e-9,-1.0018959e-8,1.0765935e-8,1.0368061e-8,0,0,0,0,0,0,0,0,-0.12985693,NA,NA,NA,NA,-0.098702006,10.578222,NA,NA,NA,NA,10.568579,0.19726813,NA,NA,NA,NA,0.1972062,0.16442215,NA,NA,NA,NA,0.15051059,0.06101983,NA,NA,NA,NA,0.055741027,0.14494033,NA,NA,NA,NA,0.13610351,0.13940611,NA,NA,NA,NA,0.12911673,NA,NA,NA,NA,Town
2915180,Glenwood R-VIII,2018,29,MO,0,all,all,0,5.5,309,11,28.09090909090909,0,-0.0037307226766697,0.0578571299845008,0.059038487104646,-0.0565476395048242,0.034750532269267,0.036645416051932,Glenwood R-VIII,Pre-Kindergarten,8,0,0,0,1,0,0,0,0,0,0,0,0,0,1,0,0,27.5,0,0.0060606059,0.024242423,0,0.969697,0.38493723,0.15062761,0.53556484,0.53293413,0,0.10460251,165,NA,0,NA,0,NA,5.5192473e-10,-6.5399988e-9,-7.4480586e-9,NA,0,0,0,NA,0,NA,0,0.15204315,NA,NA,NA,NA,0.19215405,10.604971,NA,NA,NA,NA,10.554721,0.18366717,NA,NA,NA,NA,0.18059799,0.13081352,NA,NA,NA,NA,0.11479802,0.064452931,NA,NA,NA,NA,0.052902363,0.047506306,NA,NA,NA,NA,0.050125115,0.10488376,NA,NA,NA,NA,0.098454066,NA,NA,NA,NA,Rural
2916860,Oregon-Howell R-III,2018,29,MO,0,all,all,0,5.5,181,11,16.45454545454545,0,-0.4013632685924988,0.0813763050339743,0.082220426236699,-0.3530742817971216,0.0388792854196871,0.0405818414979818,Oregon-Howell R-III,Pre-Kindergarten,12,0,0,0,1,0,0,0,0,0,0,0,0,0,0,1,0,15.166667,0.010989011,0,0.10989011,0,0.85714287,0.71084338,0.096385539,0.80722892,0.78571427,0.02238806,0.17910448,91,NA,0,0,NA,NA,-1.4710195e-8,-5.1019078e-9,-2.3003641e-9,NA,0,0,0,NA,0,0,NA,-0.22153524,NA,NA,NA,NA,-0.085389912,10.533105,NA,NA,NA,NA,10.581846,0.13785413,NA,NA,NA,NA,0.12621838,0.15220504,NA,NA,NA,NA,0.12387469,0.057674054,NA,NA,NA,NA,0.048820384,0.14593515,NA,NA,NA,NA,0.13833842,0.11985133,NA,NA,NA,NA,0.12081847,NA,NA,NA,NA,Rural
2918670,Lincoln R-II,2018,29,MO,0,all,all,0,5.5,439,11,39.90909090909091,0,0.0347166002850027,0.0454615057024431,0.0469557661027408,0.0369034744090068,0.0305980617528934,0.0327342085234346,Lincoln R-II,Kindergarten,12,0,0,0,1,0,0,0,0,0,0,0,0,0,0,1,0,39,0,0,0.017094018,0.012820513,0.94017094,0.52368253,0.099907167,0.62358975,0.56066948,0.0060975607,0.16666667,234,0,0,NA,NA,8.3717442e-9,2.1119739e-8,-1.3107676e-9,1.4134157e-8,0,0,0,0,0,0,NA,NA,-0.16236006,NA,NA,NA,NA,-0.017271634,10.593328,NA,NA,NA,NA,10.621225,0.10215383,NA,NA,NA,NA,0.10473973,0.13318884,NA,NA,NA,NA,0.1168666,0.06840948,NA,NA,NA,NA,0.056297034,0.12071616,NA,NA,NA,NA,0.11386375,0.1207763,NA,NA,NA,NA,0.11004866,NA,NA,NA,NA,Rural
2921880,Macon County R-IV,2018,29,MO,0,all,all,0,5.5,79,11,7.181818181818182,0,0.0735756101332379,0.1046656753928273,0.1053233073683063,0.0369430909696435,0.0417306208787199,0.04332126202623,Macon County R-IV,Pre-Kindergarten,12,0,0,0,1,0,0,0,0,0,0,0,0,0,0,0,1,8,0,0,0,0.020833334,0.97916669,0.44200131,0.12271399,0.56471533,0.5,0,0.15533981,48,0,NA,NA,NA,1.5670755e-8,NA,-5.3594476e-9,-5.623878e-10,0,NA,0,0,0,NA,NA,NA,0.5517723,NA,NA,NA,NA,0.64499474,10.658974,NA,NA,NA,NA,10.661373,0.21472917,NA,NA,NA,NA,0.21776126,0.13903731,NA,NA,NA,NA,0.10852487,0.04489236,NA,NA,NA,NA,0.041103441,0.082146473,NA,NA,NA,NA,0.083575271,0.019814866,NA,NA,NA,NA,0.025019025,NA,NA,NA,NA,Rural
2923190,South Holt County R-I,2018,29,MO,0,all,all,0,5.5,271,11,24.63636363636364,0,0.2144116323365137,0.057217737323726,0.0584120273061031,0.2337983982840843,0.0340845624979971,0.0360145029856265,South Holt County R-I,Kindergarten,12,0,0,0,1,0,0,0,0,0,0,0,0,0,0,1,0,23.166666,0,0.0071942448,0.01438849,0.0071942448,0.971223,0.60672116,0.065899134,0.6726203,0.3537415,0,0.083636366,139,0,0,NA,0,3.2832332e-8,2.2207981e-8,-5.8737584e-9,-2.0468734e-8,0,0,0,0,0,0,NA,0,0.36132547,NA,NA,NA,NA,0.43050343,10.657062,NA,NA,NA,NA,10.657129,0.18100016,NA,NA,NA,NA,0.18850976,0.13678947,NA,NA,NA,NA,0.11239079,0.035576444,NA,NA,NA,NA,0.035572454,0.1088015,NA,NA,NA,NA,0.10647668,0.11409792,NA,NA,NA,NA,0.11402161,NA,NA,NA,NA,Rural
2923580,Parkway C-2,2018,29,MO,0,all,all,0,5.5,14767,11,1342.454545454545,0,0.4941410937635976,0.010952323360637,0.0160638991704377,0.4954226024091536,0.0105551416868282,0.0157066241010232,Parkway C-2,Pre-Kindergarten,12,0,1,0,0,0,0,0,1,0,0,0,0,0,0,0,0,1353.6666,0.001600591,0.12570795,0.054789461,0.17360257,0.58347696,0.15098724,0.030105021,0.18109225,0.21705137,0.14039251,0.37002352,8122,0.037212394,0.03770772,-0.025359871,-0.0033498183,0.061301023,0.064120628,0.031844534,0.044812068,0.066868342,0.039052617,0.026696427,0.047549855,0.058109507,0.047191132,-0.0060448698,0.0068407306,1.7676345,2.2097218,0.29293674,1.1456296,NA,1.8522255,11.332336,11.478752,10.896661,11.218555,NA,11.361981,0.62411618,0.8215,0.49347198,0.47527003,NA,0.61223793,0.052560046,0.049648531,0.086875401,0.11282568,NA,0.046402756,0.033188809,0.034591723,0.048709802,0.063514195,NA,0.029205965,0.020835774,0.034021232,0.087963745,0.028537758,NA,0.013664398,0.10815022,0.041653715,0.38616773,0.11230884,NA,0.09950763,1.5335308,0.66923332,-0.36299938,NA,Suburb
2927090,Salem R-80,2018,29,MO,0,all,all,0,5.5,820,11,74.54545454545455,0,-0.1407113631131234,0.0376153335127561,0.0394082324500593,-0.1324984525705336,0.0274906843737299,0.0298500377212134,Salem R-80,Pre-Kindergarten,12,0,0,1,0,0,0,0,0,0,0,0,0,1,0,0,0,78,0.0064102565,0.0021367522,0.012820513,0,0.94230771,0.49972293,0.10782775,0.60755068,1,0.0020818876,0.19708535,468,NA,0,0,0,NA,-1.4550697e-8,-6.9553581e-9,NA,NA,0,0,NA,NA,0,0,0,-0.91618562,NA,NA,NA,NA,-0.70269948,10.303991,NA,NA,NA,NA,10.322159,0.13747732,NA,NA,NA,NA,0.1403944,0.21617736,NA,NA,NA,NA,0.17815323,0.058190715,NA,NA,NA,NA,0.051397733,0.19028516,NA,NA,NA,NA,0.16872802,0.22561468,NA,NA,NA,NA,0.18277311,NA,NA,NA,NA,Town
2927830,Sedalia 200,2018,29,MO,0,all,all,0,5.5,4278,11,388.9090909090909,0,0.021284094054529,0.0192006657475126,0.022511353462414,0.0229196216216398,0.0173069084841221,0.0208522446249702,Sedalia 200,Pre-Kindergarten,12,0,0,0.719675,0.28032503,0,0,0,0,0,0,0,0,0.719675,0.28032503,0,0,390.33334,0.0085397093,0.0059777969,0.16737831,0.051238257,0.70367205,0.56013125,0.088277131,0.64840841,0.65412885,0.082994774,0.14509577,2342,0.0173347,0.021346828,0.0072491467,-0.038058233,0.030222159,0.024689818,0.0088106952999999991,0.018971764,0.013386782,0.02330932,0.011244556,0.02337309,0.021078354,0.024353459,-0.0081673684,-0.023066953,-0.35687986,NA,-2.2500198,-0.47889352,NA,-0.23918493,10.544512,NA,10.292397,10.694775,NA,10.55867,0.19674236,NA,0.077377126,0.096983872,NA,0.20342177,0.17443709,NA,0.33525246,0.23077956,NA,0.154723,0.066993549,NA,0.15477382,0.05745364,NA,0.058876656,0.14807163,NA,0.25896537,0.15659955,NA,0.13991152,0.20249449,NA,0.36232004,0.1762621,NA,0.19335116,2.17432,0.58681923,NA,NA,Town
2929430,Steelville R-III,2018,29,MO,0,all,all,0,5.5,867,11,78.81818181818181,0,0.093609511256857,0.0347686440167569,0.0367008729640863,0.0245230528836747,0.0263369614327689,0.0287910153022255,Steelville R-III,Pre-Kindergarten,12,0,0,0,1,0,0,0,0,0,0,0,0,0,0,1,0,77,0.0021645022,0.0021645022,0.010822511,0.0021645022,0.97619045,0.55450761,0.09514907,0.64965665,0.63080168,0,0.15827338,462,0,0,0,0,-2.9236089e-8,-7.8831848e-9,6.8568351e-9,1.4012704e-8,0,0,0,0,0,0,0,0,-0.41343644,NA,NA,NA,NA,-0.21916802,10.368079,NA,NA,NA,NA,10.473746,0.10193744,NA,NA,NA,NA,0.10705096,0.18125044,NA,NA,NA,NA,0.1485742,0.056533881,NA,NA,NA,NA,0.050529122,0.14979507,NA,NA,NA,NA,0.13118997,0.13670492,NA,NA,NA,NA,0.13108459,NA,NA,NA,NA,Rural
2929820,Sunrise R-IX,2018,29,MO,0,all,all,0,5.5,337,11,30.63636363636364,0,0.2021605056824043,0.0537045201498136,0.0549751848935842,0.1670036803474801,0.032535744723003,0.0345523039651807,Sunrise R-IX,Pre-Kindergarten,8,0,0,0,1,0,0,0,0,0,0,0,0,0,0,1,0,29.333334,0,0,0.0056818184,0.022727273,0.97159094,0.37987012,0.11363637,0.49350649,0.44198895,0,0.1525974,176,0,0,NA,NA,2.8893954e-8,2.3830287e-8,-4.4376409e-9,7.3880466e-9,0,0,0,0,0,0,NA,NA,0.36158106,NA,NA,NA,NA,0.4087595,10.907862,NA,NA,NA,NA,10.910966,0.081677362,NA,NA,NA,NA,0.082251616,0.1151582,NA,NA,NA,NA,0.10666409,0.044971332,NA,NA,NA,NA,0.042020071,0.1354644,NA,NA,NA,NA,0.12020264,0.091961011,NA,NA,NA,NA,0.095106304,NA,NA,NA,NA,Rural
2932070,Willow Springs R-IV,2018,29,MO,0,all,all,0,5.5,1103,11,100.2727272727273,0,0.0343229046465741,0.0287713629474743,0.0310787193336104,0.0199904794420124,0.023018114096267,0.0257899321668474,Willow Springs R-IV,Pre-Kindergarten,12,0,0,0,1,0,0,0,0,0,0,0,0,0,0,0,1,99.333336,0.0016778524,0.0083892616,0.020134227,0,0.95973152,0.58801156,0.09182141,0.67983299,0.6436975,0.055018589,0.18587361,596,NA,0,0,0,NA,2.802201e-8,-1.7531404e-8,1.4849787e-8,NA,0,0,0,NA,0,0,0,-0.73677915,NA,NA,NA,NA,-0.65502518,10.414023,NA,NA,NA,NA,10.411609,0.15533341,NA,NA,NA,NA,0.15354782,0.18885073,NA,NA,NA,NA,0.17101403,0.069516882,NA,NA,NA,NA,0.060067233,0.20774297,NA,NA,NA,NA,0.18249698,0.16017047,NA,NA,NA,NA,0.14673688,NA,NA,NA,NA,Rural
3006840,Clancy Elementary,2018,30,MT,0,all,all,0,5.5,458,12,38.16666666666666,0,0.3761593414831004,0.0451035862595976,0.0460168810196311,0.4373272751406526,0.0194933974339439,0.0214902743019487,Clancy Elementary,Pre-Kindergarten,8,0,0,0,1,0,0,0,0,0,0,0,0,0,0,1,0,38.666668,0,0.0043103448,0.017241379,0.0043103448,0.93103451,0.1731194,0.082678854,0.25579825,0.21834061,0,0.12571429,232,0,0,NA,0,4.7239329e-8,1.2542193e-8,1.5078507e-8,1.3310977e-8,0,0,0,0,0,0,NA,0,1.4420117,NA,NA,NA,NA,1.4550271,11.157631,NA,NA,NA,NA,11.167015,0.37787873,NA,NA,NA,NA,0.38826999,0.063636884,NA,NA,NA,NA,0.053550944,0.037911378,NA,NA,NA,NA,0.038400672,0.016721264,NA,NA,NA,NA,0.018849617,0.095196784,NA,NA,NA,NA,0.1006593,NA,NA,NA,NA,Rural
3007710,Creston Elementary,2018,30,MT,0,all,all,0,5.5,84,6,14,0,0.5620465241141755,0.1199571596335771,0.1203035327521741,0.576312412320293,0.0225528050270653,0.0242995547416846,Creston Elementary,Pre-Kindergarten,6,0,0,0,1,0,0,0,0,0,0,0,0,0,0,1,0,12.75,0,0,0.039215688,0,0.96078432,0.15910292,0.089094535,0.24819744999999999,NA,0,0.10344828,51,NA,NA,NA,NA,NA,-9.6093435e-9,-7.2197879e-9,NA,NA,0,0,NA,NA,0,NA,NA,1.4028087,NA,NA,NA,NA,1.3934485,10.977045,NA,NA,NA,NA,10.969565,0.30578712,NA,NA,NA,NA,0.30742535,0.052556284,NA,NA,NA,NA,0.05114663,0.042809397,NA,NA,NA,NA,0.040838759,0.026784312,NA,NA,NA,NA,0.028532881,0.019958729,NA,NA,NA,NA,0.010778309,NA,NA,NA,NA,Rural
3013040,Great Falls Elementary,2018,30,MT,0,all,all,0,5.5,9489,12,790.75,0,0.1456090674754273,0.0113475320355545,0.0145597502930463,0.1443976201161801,0.009310703653843,0.0129818545895796,Great Falls Elementary,Pre-Kindergarten,12,1,0,0,0,0,0,1,0,0,0,0,0,0,0,0,0,805.33331,0.10823675,0.008899007,0.059395697,0.024627483,0.72599339,0.43965358,0.095940575,0.53559411,0.5717895,0.038790982,0.10298316,4832,-0.013578176,0.047106907,0.17544632,-0.10441161,0.13365345,0.05892238,0.11426186,0.28515038,0.041474886,0.036234673,0.14359061,0.29612276,0.059420012,0.057716664,0.10745397,-0.010875509,0.25023565,NA,0.84216678,-0.66125131,-2.0137913,0.40973985,10.67198,NA,10.613294,10.33919,10.083229,10.718546,0.26530117,NA,0.34476545,0.25221249,0.11507806,0.27251959,0.13134301,NA,0.10943934,0.22432342,0.36020076,0.11191051,0.042252511,NA,0.058087654,0.072003797,0.11756979,0.038737591,0.11199139,NA,0.022568174,0.17481771,0.24987519,0.099534437,0.17154591,NA,0.040494692,0.16754915,0.30388573,0.16224501,-0.20608579,1.0851634,NA,2.3643491,City
3020960,Plentywood K-12 Schools,2018,30,MT,0,all,all,0,5.5,328,12,27.33333333333333,0,-0.0343541835513362,0.0471691798893625,0.0480432240459876,0.0204875882807058,0.020197035554639,0.0221305126748265,Plentywood K-12 Schools,Pre-Kindergarten,12,0,0,0,1,0,0,0,0,0,0,0,0,0,0,0,1,27.666666,0.0060240962,0.012048192,0.042168673,0,0.89759034,0.21404368,0.097546436,0.31159011,0.32317072,0.008797654,0.16129032,166,NA,0,0,0,NA,-4.1024368e-8,1.1996276e-8,-4.1927515e-9,NA,0,0,0,NA,0,0,0,0.57529473,NA,NA,NA,NA,0.77859581,10.804426,NA,NA,NA,NA,10.866227,0.22198887,NA,NA,NA,NA,0.23932377,0.11285601,NA,NA,NA,NA,0.090176433,0.043906473,NA,NA,NA,NA,0.039365526,0.10388093,NA,NA,NA,NA,0.098858118,0.099240847,NA,NA,NA,NA,0.081260256,NA,NA,NA,NA,Rural
3021330,Potomac Elementary,2018,30,MT,0,all,all,0,5.5,99,9,11,0,-0.0079688084430974,0.0896839145357653,0.0901466825332822,0.1115965029121862,0.0233404897567418,0.0250323352514278,Potomac Elementary,Pre-Kindergarten,8,0,0,0,1,0,0,0,0,0,0,0,0,0,0,1,0,11.166667,0,0,0.029850746,0,0.92537314,0.29871768,0.11772126,0.41643894,0.42424244,0,0.17391305,67,NA,0,NA,NA,NA,-4.8249383e-8,-3.3841323e-9,-8.0742818e-10,NA,0,0,0,NA,0,NA,NA,0.50939786,NA,NA,NA,NA,0.60690838,10.836359,NA,NA,NA,NA,10.875911,0.28360429,NA,NA,NA,NA,0.28094947,0.11831941,NA,NA,NA,NA,0.10351755,0.052309621,NA,NA,NA,NA,0.041123834,0.10028718,NA,NA,NA,NA,0.10167809,0.12749277,NA,NA,NA,NA,0.12872633,NA,NA,NA,NA,Rural
3024150,Sheridan Elementary,2018,30,MT,0,all,all,0,5.5,108,10,10.8,0,0.5030893567879238,0.0817029177924481,0.0822106235294287,0.418116551584192,0.0227576660675777,0.0244898083066953,Sheridan Elementary,Pre-Kindergarten,12,0,0,0,1,0,0,0,0,0,0,0,0,0,0,0,1,10.666667,0,0.015625,0,0.015625,0.859375,0.15021306,0.096235797,0.24644886,0.3283582,0,0.16568047,64,0,NA,NA,0,1.61481e-8,NA,2.0865222e-8,-5.7169682e-9,0,NA,0,0,0,NA,NA,0,0.98899019,NA,NA,NA,NA,0.97168863,10.780558,NA,NA,NA,NA,10.783489,0.29971376,NA,NA,NA,NA,0.2876595,0.071591698,NA,NA,NA,NA,0.066684589,0.049029097,NA,NA,NA,NA,0.044326663,0.029835748,NA,NA,NA,NA,0.032541357,0.085588515,NA,NA,NA,NA,0.093038499,NA,NA,NA,NA,Rural
3025950,Terry K-12 Schools,2018,30,MT,0,all,all,0,5.5,130,12,10.83333333333333,0,-0.0212913429955553,0.0885500896957952,0.089018752128028,-0.067515813317145,0.0222427529955141,0.02401206794249,Terry K-12 Schools,Pre-Kindergarten,12,0,0,0,1,0,0,0,0,0,0,0,0,0,0,0,1,10.166667,0.081967212,0,0.065573767,0,0.77049178,0.35980412,0.13497977,0.49478391,0.47692308,0,0.15384616,61,NA,0,0,NA,NA,1.7610265e-8,2.403725e-10,8.2458103e-9,NA,0,0,0,NA,0,0,NA,0.75113106,NA,NA,NA,NA,0.77090162,10.680035,NA,NA,NA,NA,10.681902,0.21355584,NA,NA,NA,NA,0.21496387,0.11881497,NA,NA,NA,NA,0.10423844,0.053427842,NA,NA,NA,NA,0.046064068,0.015547972,NA,NA,NA,NA,0.016424727,0.015873434,NA,NA,NA,NA,0.018048141,NA,NA,NA,NA,Rural
3100029,Superior Public Schools,2018,31,NE,0,all,all,0,5.5,378,12,31.5,0,-0.1386394467554213,0.0590829461629312,0.0598678637433573,-0.1079804532286597,0.0356144950241664,0.0368792892418898,Superior Public Schools,Pre-Kindergarten,12,0,0,0,1,0,0,0,0,0,0,0,0,0,0,0,1,31.5,0,0,0.042328041,0.015873017,0.92592591,0.36885914,0.10067089,0.46953005,0.55026454,0,0.3087886,189,0,0,NA,NA,-1.1372853e-9,-3.5686507e-9,-1.1650829e-8,-4.0319145e-10,0,0,0,0,0,0,NA,NA,0.30232781,NA,NA,NA,NA,0.33211577,10.460455,NA,NA,NA,NA,10.466063,0.21019831,NA,NA,NA,NA,0.20821424,0.13840242,NA,NA,NA,NA,0.11884469,0.023210919,NA,NA,NA,NA,0.025719218,0.093185708,NA,NA,NA,NA,0.09314505,0.13805515,NA,NA,NA,NA,0.13275547,NA,NA,NA,NA,Rural
3100091,Fullerton Public Schools,2018,31,NE,0,all,all,0,5.5,266,12,22.16666666666667,0,0.1875172162604563,0.0625279680956795,0.0632701618148372,0.2895195243661657,0.0362485501790534,0.0374919605948255,Fullerton Public Schools,Pre-Kindergarten,12,0,0,0,1,0,0,0,0,0,0,0,0,0,0,0,1,22.333334,0.014925373,0,0.0074626864,0,0.97014928,0.24879882,0.13069797,0.37949678,0.39849624,0,0.17647059,134,NA,0,0,NA,NA,3.5412022e-8,-1.5570444e-8,-1.163205e-8,NA,0,0,0,NA,0,0,NA,0.34744319,NA,NA,NA,NA,0.42122853,10.638973,NA,NA,NA,NA,10.669701,0.21056417,NA,NA,NA,NA,0.21728778,0.10796415,NA,NA,NA,NA,0.098823458,0.042325515,NA,NA,NA,NA,0.040385026,0.12737256,NA,NA,NA,NA,0.11886764,0.13473476,NA,NA,NA,NA,0.12227904,NA,NA,NA,NA,Rural
3100122,South Central Nebraska Unified 5,2018,31,NE,0,all,all,0,5.5,552,12,46,0,0.2183146025890071,0.045997388796274,0.047001344214575,0.2334610190673784,0.0312294969678345,0.0326645251002457,South Central Nebraska Unified 5,Pre-Kindergarten,12,0,0,0,1,0,0,0,0,0,0,0,0,0,0,0,1,46,0.0072463769,0,0.061594203,0.018115941,0.89855075,0.40855473,0.13171387,0.5402686,0.59205776,0.0079573113,0.39786559,276,0.0057402453,0.01196297,-0.033776551,NA,0.09376473,0.031179763,9.4389281e-4,0.029302737,0.019298445,0.010671677,0.0012640095,0.038595177,0.012969906,0.0079701627,-0.023842948,NA,0.68754756,NA,NA,NA,NA,0.76159233,10.786414,NA,NA,NA,NA,10.81292,0.17526706,NA,NA,NA,NA,0.18056703,0.10375609,NA,NA,NA,NA,0.088754714,0.040748172,NA,NA,NA,NA,0.040388614,0.068327278,NA,NA,NA,NA,0.065674089,0.076801829,NA,NA,NA,NA,0.074233845,NA,NA,NA,NA,Rural
3171730,Hemingford Public Schools,2018,31,NE,0,all,all,0,5.5,364,12,30.33333333333333,0,0.0320931189851933,0.0517493075178684,0.0526436834813093,0.0266643160525694,0.0333171244907337,0.0346658405853896,Hemingford Public Schools,Pre-Kindergarten,12,0,0,0,1,0,0,0,0,0,0,0,0,0,0,0,1,30.666666,0.010869565,0,0.070652172,0,0.90217394,0.27359083,0.07502424,0.34861508,0.36813188,0,0.074941449,184,NA,0,0,NA,NA,-3.5623062e-9,3.7278308e-8,-8.6086596e-9,NA,0,0,0,NA,0,0,NA,0.9379499,NA,NA,NA,NA,0.95072967,10.927654,NA,NA,NA,NA,10.932447,0.20372285,NA,NA,NA,NA,0.21708727,0.13302244,NA,NA,NA,NA,0.11348844,0.033335663,NA,NA,NA,NA,0.033494238,0.030729929,NA,NA,NA,NA,0.03399197,0.044719707,NA,NA,NA,NA,0.054369185,NA,NA,NA,NA,Rural
3172480,Keya Paha County Schools,2018,31,NE,0,all,all,0,5.5,84,12,7,0,-0.1995441308346293,0.1242021376387693,0.12457743606264,-0.3131331245426309,0.0447790783442563,0.0457914356241605,Keya Paha County Schools,Pre-Kindergarten,12,0,0,0,1,0,0,0,0,0,0,0,0,0,0,0,1,7,0,0,0,0,1,0.36967242,0.14626253,0.51593494,0.45238096,0,0.13953489,42,NA,NA,NA,NA,NA,NA,8.3043025e-4,0.11273763,NA,NA,0.0010157388,0.12916666,NA,NA,NA,NA,1.1967241,NA,NA,NA,NA,1.1855381,10.781202,NA,NA,NA,NA,10.793736000000001,0.2275762,NA,NA,NA,NA,0.23224033,0.091599628,NA,NA,NA,NA,0.085815243,0.01149045,NA,NA,NA,NA,0.014717223,0.018187646,NA,NA,NA,NA,0.019384474,0.029668486,NA,NA,NA,NA,0.033765174,NA,NA,NA,NA,Rural
3173050,Louisville Public Schools,2018,31,NE,0,all,all,0,5.5,592,12,49.33333333333334,0,0.2553640805754923,0.041300010858364,0.0424152976979103,0.2773722197897176,0.0284509652012637,0.0300191129123449,Louisville Public Schools,Pre-Kindergarten,12,0,0,0,1,0,0,0,0,0,0,0,0,0,0,1,0,48.833332,0.013651877,0.0034129692,0.027303753,0.020477816,0.92491466,0.11963514,0.06273219,0.18236734,0.2331081,0,0.12349398,293,0,0,0,0,-1.0741748e-8,-9.0628482e-9,-2.0881103e-8,7.0117595e-10,0,0,0,0,0,0,0,0,1.306569,NA,NA,NA,NA,1.3452951,11.220293,NA,NA,NA,NA,11.220509,0.30380383,NA,NA,NA,NA,0.31047651,0.088780507,NA,NA,NA,NA,0.069862641,0.024189925,NA,NA,NA,NA,0.02670572,0.040158417,NA,NA,NA,NA,0.041992698,0.092895776,NA,NA,NA,NA,0.097242139,NA,NA,NA,NA,Rural
3173740,Millard Public Schools,2018,31,NE,0,all,all,0,5.5,21383,12,1781.916666666667,0,0.3923127342313291,0.0076673844000747,0.012335127297271,0.3919374761303229,0.0074687885526731,0.0121438264811852,Millard Public Schools,Pre-Kindergarten,12,0.80023319,0.19976684,0,0,0.80023319,0,0,0.19976684,0,0,0,0,0,0,0,0,1782.5,0.0032725572,0.061056569,0.089387566,0.033099581,0.76474988,0.16223629,0.053781357,0.21601765,0.24156305,0.028719014,0.19591486,10695,0.09786424,0.09075059,0.053888906,-0.018369587,0.094508536,0.067390315,0.096295491,0.10578515,0.037363101,0.054326694,0.090911195,0.12006138,0.057325207,0.058988545,0.049930561,-0.0071565793,1.6123849,1.5854137,0.79720551,0.75992709,NA,1.6688607,11.295414,11.317954,10.968314,10.970613,NA,11.319228,0.48063651,0.66319036,0.42341805,0.34743679,NA,0.48301107,0.0407212,0.075880863,0.083487026,0.089077137,NA,0.035807304,0.02293651,0.020434976,0.028190361,0.025079735,NA,0.022081852,0.033179615,0.020861033,0.076732531,0.10533383,NA,0.029147383,0.11358958,0.1310546,0.23517805,0.16527039,NA,0.11008033,0.84782916,0.84547061,-0.034585256,NA,City
3176380,Sandhills Public Schools,2018,31,NE,0,all,all,0,5.5,87,12,7.25,0,0.2570546421674688,0.0924281312340251,0.0929318353704237,0.131475353095177,0.0422978658039984,0.0433681815474623,Sandhills Public Schools,Pre-Kindergarten,12,0,0,0,1,0,0,0,0,0,0,0,0,0,0,0,1,6.8333335,0,0,0.048780486,0,0.9512195,0.38207364,0.12330089,0.50537455,0.56818181,0,0.26653504,41,NA,0,NA,NA,NA,8.6244931e-9,-2.0371024e-8,5.381402e-10,NA,0,0,0,NA,0,NA,NA,0.96723938,NA,NA,NA,NA,0.97593021,10.732954,NA,NA,NA,NA,10.735961,0.2434448,NA,NA,NA,NA,0.24857256,0.12416132,NA,NA,NA,NA,0.10295384,0.020668313,NA,NA,NA,NA,0.023647929,0.033308312,NA,NA,NA,NA,0.034723312,0.040711947,NA,NA,NA,NA,0.049305152,NA,NA,NA,NA,Rural
3178020,Valentine Community Schools,2018,31,NE,0,all,all,0,5.5,511,12,42.58333333333334,0,0.4965130171998585,0.0482826734179865,0.0492400561970568,0.4855209602231783,0.0322063550121823,0.0335996878308611,Valentine Community Schools,Pre-Kindergarten,12,0,0,0.96678323,0.033216782,0,0,0,0,0,0,0,0,0.96678323,0,0,0.033216782,43.666668,0.068702288,0,0.041984733,0,0.80916029,0.2936205,0.11199746,0.40561795,0.44223109,0.0052447552,0.16433567,262,NA,-0.0032258034,-0.0026881695,NA,NA,0.0099964952,8.7371259e-4,0.0049433503,NA,0.0024594297,0.0010893781,0.004901961,NA,0.0053950921,0.004713018,NA,0.60439634,NA,NA,NA,NA,0.90054309,10.774919,NA,NA,NA,NA,10.832214,0.2183172,NA,NA,NA,NA,0.23195587,0.11338408,NA,NA,NA,NA,0.099197194,0.0284488,NA,NA,NA,NA,0.016996289,0.094866581,NA,NA,NA,NA,0.049861893,0.11430486,NA,NA,NA,NA,0.10545861,NA,NA,NA,NA,Town
3200120,Elko,2018,32,NV,0,all,all,0,5.5,9492,12,791,0,-0.2276147741285638,0.0103643091660646,0.0155501796691465,-0.2316902831689632,0.0049918920400782,0.0123714341701981,Elko,Pre-Kindergarten,12,0,0,0.52180016,0.47819987,0,0,0,0,0,0,0,0,0.52180016,0.36333567,0,0.11486419,799.33331,0.064428687,0.0070892409,0.31839034,0.010008341,0.58319432,0.31984499,0.090539314,0.4103843,0.38070959,0.10847603,0.12282787,4796,0.033401798,0.17459454,0.066475369,-0.0068222433,0.12945975,0.19690135,0.13448858,0.1268515,0.021606881,0.23839971,0.16290797,0.16068758,0.10251871,0.23332688,0.3987152,0.04183365,0.76580322,NA,NA,0.29267809,-1.1869278,1.0764966,11.1575,NA,NA,10.92037,10.528435,11.253095,0.18260662,NA,NA,0.059075162,0.10547221,0.21562703,0.11928777,NA,NA,0.16257703,0.24554174,0.087135449,0.044710636,NA,NA,0.045946684,0.10134585,0.038788933,0.061984431,NA,NA,0.068961754,0.11830299,0.054459225,0.1145476,NA,NA,0.13037649,0.38189942,0.085841998,NA,0.78423214,NA,2.1706524,Town
3302480,Contoocook Valley School District,2018,33,NH,0,all,all,0,5.5,1903,12,158.5833333333333,0,-0.0467069479747019,0.0239853881300238,0.0259262785299276,-0.0423893692464544,0.0217062395852881,0.0237892070336147,Contoocook Valley School District,Pre-Kindergarten,12,0,0,0.12110092,0.8788991,0,0,0,0,0,0,0.12110092,0,0,0.53715599,0.34174311,0,160.66667,0,0.0062240665,0.019709544,0.012448133,0.94605809,0.23204969,0.050099757,0.28214943,0.3018868,0.0047455081,0.15802541,964,0.0031807274,-0.0094844801,NA,-0.061046347,0.1520092,0.07343103,0.012743214,0.017898059,0.029745096,0.010782991,0.012581255,0.022258567,0.037399847,0.0085905865,NA,-0.0012896531,1.3508824,NA,NA,NA,NA,1.343811,11.192711,NA,NA,NA,NA,11.183904,0.44386706,NA,NA,NA,NA,0.45044124,0.062230475,NA,NA,NA,NA,0.063004687,0.041228529,NA,NA,NA,NA,0.039697077,0.045527138,NA,NA,NA,NA,0.047481302,0.10335197,NA,NA,NA,NA,0.10575541,NA,NA,NA,NA,Rural
3304080,Kensington School District,2018,33,NH,0,all,all,0,5.5,70,4,17.5,0,0.3699045443619863,0.1907257048970279,0.1909794951902735,0.5847009976576467,0.0466483459404369,0.0476532655054501,Kensington School District,Kindergarten,5,0,0,0,1,0,0,0,0,0,0,0,0,0,1,0,0,16.666666,0,0.02,0,0,0.98000002,0.12844037,0.011062755,0.13950312,0.14285715,0,0.23853211,50,NA,NA,NA,0,NA,NA,-1.8303298e-8,-8.8986809e-9,NA,NA,0,0,NA,NA,NA,0,1.8213021,NA,NA,NA,NA,1.7964042,11.544599,NA,NA,NA,NA,11.538368,0.45458236,NA,NA,NA,NA,0.45639825,0.055860773,NA,NA,NA,NA,0.053545751,0.043987136,NA,NA,NA,NA,0.041511863,0.016395304,NA,NA,NA,NA,0.017068032,0.061125733,NA,NA,NA,NA,0.065469854,NA,NA,NA,NA,Rural
3304980,Nashua School District,2018,33,NH,0,all,all,0,5.5,8744,10,874.4,0,0.0305952352680308,0.0141517703397265,0.0172379139808697,0.0292149959226064,0.0135045878986535,0.0166475051784557,Nashua School District,Pre-Kindergarten,12,1,0,0,0,0,0,1,0,0,0,0,0,0,0,0,0,900.5,0.0012955766,0.11067925,0.23431426,0.029243013000000002,0.57449567,0.33590057,0.065710098,0.4016107,0.41590688,0.094959266,0.15979294,5403,0.048237424,0.11428129,0.039716877,-0.13474938,0.070459358,0.072548017,0.12928309,0.1346117,0.023073083,0.081761047,0.14599696,0.16320908,0.045997657,0.082403205,0.011584371,-0.10525473,0.67400372,2.122551,-0.65846717,-1.2804149,NA,0.83894807,11.102967,11.531703,10.689257,10.560405,NA,11.124222,0.35807714,0.76231956,0.21504593,0.14071581,NA,0.35217127,0.09948457,0.069326453,0.15073872,0.2095419,NA,0.080735207,0.049703412,0.02446831,0.066864811,0.063942812,NA,0.047567148,0.09841679,0.035949551,0.22026715,0.28837255,NA,0.073521294,0.19064945,0.06269858,0.32549754,0.29127944,NA,0.17577614,1.498572,1.9816693,-1.2022789,NA,City
3305790,Plymouth School District,2018,33,NH,0,all,all,0,5.5,579,11,52.63636363636363,0,0.2713660129826017,0.0389941302838588,0.0402171017262315,0.261408739891549,0.0305287125509408,0.0320432180714144,Plymouth School District,Pre-Kindergarten,12,0,0,0,1,0,0,0,0,0,0,0,0,0,1,0,0,53.166668,0,0.050156739,0.031347964,0.0094043883,0.88714731,0.28804439,0.058991622,0.347036,0.35526314,0.012908778,0.16523236,319,0.016723147,0.0091449972,NA,-0.0067030014,0.026423205,0.016971814000000002,0.016958287,0.0083305845,0.0029444445,0.0023020862,0.017563375,0.0097514167,0.0020589468,0.0030939006,NA,-4.1890144e-4,0.13249302,NA,NA,NA,NA,0.32486308,10.732726,NA,NA,NA,NA,10.845777,0.32549459,NA,NA,NA,NA,0.30951574,0.12888102,NA,NA,NA,NA,0.11655927,0.058958083,NA,NA,NA,NA,0.045281608,0.12279438,NA,NA,NA,NA,0.11767032,0.17411564,NA,NA,NA,NA,0.14245604,NA,NA,NA,NA,Rural
3306720,Timberlane Regional School District,2018,33,NH,0,all,all,0,5.5,3119,12,259.9166666666667,0,0.3117579659196871,0.0180606095068155,0.020568390564679,0.3094909287772907,0.0169829220274233,0.0195751162178872,Timberlane Regional School District,Pre-Kindergarten,12,0,0.90044993,0,0.099550053,0,0,0,0.90044993,0,0,0,0,0,0.099550053,0,0,262.16666,0.0044500954,0.01207883,0.032422122,0.0069930069,0.93261284,0.11152885,0.028887184,0.14041604,0.13653846,0.0019685039,0.20753656,1573,-0.007361284,-0.0055005662,-0.01181764,0.0092862593,0.081779264,0.027653217,0.014952925,0.016364545,0.012351328,0.0072696754,0.0090974644,0.011969537,0.01366255,0.0078801364,0.011947147,-0.0070887166,1.4903384,NA,NA,NA,NA,1.4800318,11.388376,NA,NA,NA,NA,11.377493,0.32750705,NA,NA,NA,NA,0.32686692,0.027270859,NA,NA,NA,NA,0.028864173,0.042276859,NA,NA,NA,NA,0.04085315,0.021789931,NA,NA,NA,NA,0.019679269,0.10633717,NA,NA,NA,NA,0.1103996,NA,NA,NA,NA,Suburb
3401860,Bloomingdale School District,2018,34,NJ,0,all,all,0,5.5,678,11,61.63636363636363,0,0.347221647558169,0.0395356256391799,0.0417328846965738,0.3340619886250507,0.0243036904520451,0.027665795978251,Bloomingdale School District,Pre-Kindergarten,8,0,0.54291046,0,0.45708954,0,0,0,0.54291046,0,0,0,0,0,0.45708954,0,0,60,0.0027777778,0.025,0.18611111,0.03888889,0.72222221,0.1933205,0.02776172,0.22108221,0.22702703,0.027985075,0.25,360,0,0,0,0,-1.7864899e-8,1.9559787e-8,-3.0266605e-9,-1.1465754e-8,0,0,0,0,0,0,0,0,0.99115527,NA,NA,NA,NA,1.2851819,11.282342,NA,NA,NA,NA,11.282841,0.3745099,NA,NA,NA,NA,0.37566218,0.092858151,NA,NA,NA,NA,0.028839208,0.050991066,NA,NA,NA,NA,0.049774498,0.081102557,NA,NA,NA,NA,0.037883945,0.14640877,NA,NA,NA,NA,0.13068758,NA,NA,NA,NA,Suburb
3403840,Dennis Township School District,2018,34,NJ,0,all,all,0,5.5,424,8,53,0,0.0400922894722946,0.047427635861788,0.0492742185514342,0.1278396814684906,0.0260316251583969,0.0291954175498255,Dennis Township School District,Pre-Kindergarten,8,0,1,0,0,0,0,0,0,1,0,0,0,0,0,0,0,53.833332,0,0,0.018575851,0.018575851,0.96284831,0.24984187,0.063084662,0.31292653,0.28301886,0.0054446458999999996,0.25589836,323,0,0,NA,NA,3.0373823e-9,2.0744539e-8,1.0749226e-8,9.4987245e-9,0,0,0,0,0,0,NA,NA,0.64603013,NA,NA,NA,NA,0.76712215,11.09271,NA,NA,NA,NA,11.108727,0.25055394,NA,NA,NA,NA,0.25217897,0.13503933,NA,NA,NA,NA,0.10399623,0.058933891,NA,NA,NA,NA,0.053426083,0.066490002,NA,NA,NA,NA,0.051027924,0.11544823,NA,NA,NA,NA,0.11734367,NA,NA,NA,NA,Suburb
3404740,Englewood Public School District,2018,34,NJ,0,all,all,0,5.5,2182,10,218.2,0,-0.0548845138502953,0.0231077166319611,0.0266933425849809,-0.0778197260185873,0.0183321619229631,0.0226007756126005,Englewood Public School District,Pre-Kindergarten,12,0,1,0,0,0,0,0,1,0,0,0,0,0,0,0,0,207,0,0.045893721,0.51368761,0.36231884,0.072463766,0.58287907,0.094428778,0.67730784,0.64179105,0.1049572,0.3010816,1242,-0.017577687,-0.014632056,NA,-0.017418832,0.027177017,0.023104154,0.17255339,0.010305995,0.017324205,0.011233887,0.19708619,0.013842992,0.0066825948,0.0070587494,NA,0.0062257946,0.65443659,1.8619074,-0.46598151,-0.37073547,NA,2.3035319,11.237862,11.166381,11.086202,10.879022,NA,11.626462,0.43663141,0.75952119,0.32759666,0.13715075,NA,0.6800577,0.1185652,0.018494571,0.12580691,0.20273292,NA,0.067034565,0.070012018,0.0010812226,0.12433615,0.087233946,NA,0.0164546,0.076758258,0.017299427,0.13578525,0.11397725,NA,0.0035728286,0.22167422,0.10880093,0.40139496,0.20513688,NA,0.066462651,2.6969581,2.3039336,0.22586779,NA,Suburb
3404770,Englewood Cliffs School District,2018,34,NJ,0,all,all,0,5.5,562,10,56.2,0,1.338956658121403,0.0549765154274474,0.0565772500123548,1.28881881931547,0.0272503299289083,0.0302870827046075,Englewood Cliffs School District,Pre-Kindergarten,8,0,1,0,0,0,0,0,1,0,0,0,0,0,0,0,0,54.666668,0,0.5487805,0.054878049,0.030487806,0.35060975,0.021411063,0.0061014616,0.027512524,NA,0.038152609,0.14658634,328,NA,NA,NA,NA,-3.9230538e-10,1.3265117e-8,1.4615684e-8,NA,0,0,0,NA,0,0,NA,0,2.1042981,2.5353587,NA,1.0832466,NA,1.643844,11.741071,11.744734,NA,11.602528,NA,11.787906,0.6380291,0.81261057,NA,0.35628578,NA,0.51891333,0.020939207,0.012380457,NA,0.058792491,NA,0.025133874,0.045867711,0.02635481,NA,0.020138491,NA,0.047788989,0.053737644,0.038787555,NA,0.12680788,NA,0.068303972,0.071776651,0.014402751,NA,0.15857281,NA,0.11828077,NA,0.54519683,-0.60039341,NA,Suburb
3406630,Hampton Township School District,2018,34,NJ,0,all,all,0,5.5,782,11,71.0909090909091,0,0.4696238162118882,0.0349803175394198,0.037445835356883,0.4424977630197994,0.0224714004943007,0.0260708791124626,Hampton Township School District,Pre-Kindergarten,12,0,0,0,1,0,0,0,0,0,0,0,0,0,1,0,0,77.333336,0,0.0086206896,0.036637932,0.0086206896,0.93534482,0.084331214,0.045351703,0.12968293,0.12446352,0,0.18210609,464,0,0,NA,0,1.5630595e-8,1.2174798e-8,-1.0178364e-8,-1.1043374e-8,0,0,0,0,0,0,NA,0,1.0438166,NA,NA,NA,NA,1.0563951,11.109072,NA,NA,NA,NA,11.103887,0.36176479,NA,NA,NA,NA,0.35113707,0.07882826,NA,NA,NA,NA,0.08183039,0.042748183,NA,NA,NA,NA,0.035022806,0.041381501,NA,NA,NA,NA,0.041674361,0.16073468,NA,NA,NA,NA,0.14646582,NA,NA,NA,NA,Rural
3408640,Lindenwold Public School District,2018,34,NJ,0,all,all,0,5.5,2340,11,212.7272727272727,0,-0.6636950424928422,0.0195339823447047,0.0236673707170734,-0.6569886515828063,0.0162402931831548,0.0209397712546294,Lindenwold Public School District,Pre-Kindergarten,12,0,1,0,0,0,0,0,1,0,0,0,0,0,0,0,0,203.5,0.0016380016,0.021294022,0.5167895,0.35790336,0.092547089,0.78027087,0.06375923,0.84403008,0.81854516,0.20598717,0.14148253,1221,0.0017568171,0.0080810189,0.033174545,0.013909489,0.0014259939,0.018094622,0.007973467,0.0039495067,0.0014105397,0.015123834,0.0084036626,0.0037266223,0.0011597276,0.0052413344,0.021861851,0.0089650154,-0.63360381,NA,-1.6035525,-0.90253109,NA,0.36832103,10.563069,NA,10.346547,10.560509,NA,10.781755,0.15757212,NA,0.13893074,0.10643971,NA,0.18493336,0.13870746,NA,0.17553993,0.17793901,NA,0.086331189,0.073796779,NA,0.12986366,0.04913976,NA,0.045983367,0.14457782,NA,0.17396034,0.22426292,NA,0.086879894,0.28997135,NA,0.4533779,0.23614801,NA,0.16098426,1.9419031,1.213069,NA,NA,Suburb
3409690,Margate City School District,2018,34,NJ,0,all,all,0,5.5,392,9,43.55555555555556,0,0.9095246755278142,0.0513108501842145,0.0530223661961917,0.9200635869083604,0.0265989331874975,0.0297023592368407,Margate City School District,Pre-Kindergarten,8,0,1,0,0,0,0,0,0,1,0,0,0,0,0,0,0,44.666668,0.0074626864,0.018656716,0.041044775,0.01119403,0.89552242,0.088923804,0.012863315,0.10178712,0.10588235,0.010958904,0.18630137,268,0,0,0,0,4.0035829e-8,3.9833088e-9,4.9483284e-9,1.8092116e-8,0,0,0,0,0,0,0,0,1.403718,NA,NA,NA,NA,1.5346482,11.175507,NA,NA,NA,NA,11.199162,0.48445272,NA,NA,NA,NA,0.49401256,0.070196606,NA,NA,NA,NA,0.064554915,0.048944019,NA,NA,NA,NA,0.038157396,0.036293659,NA,NA,NA,NA,0.025290255,0.088163465,NA,NA,NA,NA,0.093510665,NA,NA,NA,NA,Suburb
3410230,Millstone Township School District,2018,34,NJ,0,all,all,0,5.5,1372,11,124.7272727272727,0,0.5035891428859819,0.0277702004058036,0.0308180466771442,0.5222687213583175,0.0201318915248146,0.0240836034240784,Millstone Township School District,Pre-Kindergarten,8,0,0.60321718,0,0.39678285,0,0,0,0.60321718,0,0,0,0,0,0.39678285,0,0,125.83334,0.0026490067,0.050331127,0.094039738,0.019867551,0.79470199,0.043147057,0.020908963,0.064056024,0.061357703,0,0.14387846,755,0,0,0,0,1.3488675e-8,-6.5870172e-9,4.0927683e-9,-2.3220606e-8,0,0,0,0,0,0,0,0,2.0295444,NA,NA,NA,NA,2.0339375,11.862663,NA,NA,NA,NA,11.861635,0.48865676,NA,NA,NA,NA,0.46885246,0.050375324,NA,NA,NA,NA,0.043286663,0.057492908,NA,NA,NA,NA,0.051286366,0.015144123,NA,NA,NA,NA,0.018434213,0.032117236,NA,NA,NA,NA,0.031363841,NA,NA,NA,NA,Rural
3413260,Pohatcong Township School District,2018,34,NJ,0,all,all,0,5.5,284,8,35.5,0,0.0722058519744417,0.0711743666219149,0.0724179427659119,0.054795719768962,0.0285263066295454,0.0314400551437848,Pohatcong Township School District,Pre-Kindergarten,8,0,0,0,1,0,0,0,0,0,0,0,0,0,1,0,0,35,0,0,0.033333335,0.028571429,0.90952379,0.0094936704,0.03840933,0.047903001,0.2,0,0.16139241,210,0,0,NA,NA,6.3276508e-9,7.6399846e-9,-3.1337322e-8,-2.1726741e-8,0,0,0,0,0,0,NA,NA,0.79208112,NA,NA,NA,NA,0.89155728,11.081478,NA,NA,NA,NA,11.080035,0.2867589,NA,NA,NA,NA,0.28628618,0.082523845,NA,NA,NA,NA,0.07305,0.060987305,NA,NA,NA,NA,0.050671902,0.058624379,NA,NA,NA,NA,0.053178027,0.1309371,NA,NA,NA,NA,0.11824682,NA,NA,NA,NA,Rural
3413800,Ridgefield Park Public School District,2018,34,NJ,0,all,all,0,5.5,1778,11,161.6363636363636,0,0.0482269885668769,0.0240518004314574,0.0275146701672181,0.0357823175913828,0.0184612761892791,0.0227056296115792,Ridgefield Park Public School District,Pre-Kindergarten,12,0,1,0,0,0,0,0,1,0,0,0,0,0,0,0,0,150.66667,0,0.10951328,0.60398233,0.049778759,0.23672566,0.30499497,0.10396862,0.40896359,0.39381444,0.053246751,0.14502165,904,0.0067943186,0.0046887896,NA,0.0043688663,0.054614738,0.009382965,8.46599e-4,0.00744865,0.0560668,0.010648808,0.0010477069,0.010150235,0.020431062,0.0085159941,NA,0.0057271621,0.92654264,2.0240474,-0.41205478,0.82294172,NA,0.68067658,11.194647,11.472644,10.632182,11.174352,NA,11.181942,0.42311332,0.74920434,0.41043499,0.34042221,NA,0.38358203,0.082402095,0.079281375,0.083982117,0.073525153,NA,0.096855767,0.044680592,0.017044976,0.048500076,0.025804266,NA,0.056160036000000003,0.080397546,0.02504719,0.15285391,0.11178287,NA,0.066263855,0.19338915,0.085448965,0.38948849,0.19727823,NA,0.16981834,1.2280896,0.034181844,-0.95310628,NA,Suburb
3413830,Ridgewood Public School District,2018,34,NJ,0,all,all,0,5.5,2615,6,435.8333333333333,0,1.163520575831983,0.049321125296292,0.0510993284780601,1.072871662415764,0.025074441301901,0.0283452730472624,Ridgewood Public School District,Pre-Kindergarten,12,0,1,0,0,0,0,0,1,0,0,0,0,0,0,0,0,444.83334,3.7467215e-4,0.19632821,0.084301233,0.0089921318,0.6403147,0.011499356,0.0063803266,0.017879682,0.025617978,0.023135789,0.14860295,2669,0.0040066061,0.002129975,0.0032929014,-0.0030596016,0.10609961,0.021880956,0.052331686,0.034221735,0.015591444,0.016243553,0.0086318795,0.010385469,0.0057459823,0.011791083,0.012573101,0.0014547991,2.2683868,2.0597899,NA,1.0759714,NA,2.4662788,11.908924,11.725713,NA,11.451005,NA,12.021073,0.74969786,0.76876247,NA,0.60232687,NA,0.7699886,0.044025335,0.069928437,NA,0.081072919,NA,0.03513249,0.044661716,0.031443924,NA,0.053408347,NA,0.041737076,0.02741253,0.053283118,NA,0.014618159,NA,0.018120704,0.10006509,0.089668378000000007,NA,0.22433588,NA,0.083750486,NA,1.1403687,0.2712422,NA,Suburb
3414640,Sayreville School District,2018,34,NJ,0,all,all,0,5.5,5145,11,467.7272727272727,0,0.2216587023035783,0.0148899687136847,0.0200069772507157,0.2226182130196624,0.0131151324184136,0.0186207839758132,Sayreville School District,Pre-Kindergarten,12,0,1,0,0,0,0,0,1,0,0,0,0,0,0,0,0,474.16666,7.0298772e-4,0.19789104,0.24323374,0.14797892,0.37293497,0.291251,0.08384154,0.37509254,0.35671058,0.018527469,0.17850813,2845,0.0010322928,3.1625727e-4,0,-0.0011648188,0.0019425403,0.0017817161,1.9079368e-4,0.0012395839,0.0021550457,0.0023445033,2.2468774e-4,0.0016422108,4.3157735e-4,3.00015e-4,0,-6.9622201e-4,0.90454412,1.4875116,0.45431504,0.74014014,NA,0.85384357,11.169981,11.377815,11.055723,11.183558,NA,11.136346,0.31855658,0.60173374,0.36024928,0.17508274,NA,0.26609436,0.070163608,0.095543787,0.06478174,0.095789991,NA,0.060187992,0.056721099,0.061581522,0.088942096,0.032110237,NA,0.050588459,0.051746465,0.043828458,0.063230239,0.0677163,NA,0.052783988,0.16648017,0.069292471,0.27955446,0.175181,NA,0.16679095,0.45090958,0.18113421,-0.56720918,NA,Suburb
3415210,South Brunswick School District,2018,34,NJ,0,all,all,0,5.5,7226,11,656.9090909090909,0,0.720241098691697,0.0147578311778211,0.0199088309925323,0.7233758990349167,0.0130737727075424,0.0185916763722334,South Brunswick School District,Pre-Kindergarten,12,0,1,0,0,0,0,0,1,0,0,0,0,0,0,0,0,658.83331,7.589173e-4,0.6116873,0.07513281,0.06804958,0.21452062,0.097410336,0.026045222,0.12345556,0.11606919,0.020004572,0.1119113,3953,0.010142296,0.021829784,0.032620829,-0.007767722,0.046674553,0.036920168,0.027063627,0.035085667,0.048506387,0.042457543,0.018468255,0.027381461,0.018726679,0.025864625,0.040568706,-0.0069148317,1.8597738,2.427182,0.81250292,0.60738009,NA,1.7007636,11.573916,11.743848,11.388583,11.32222,NA,11.458969,0.65303344,0.842475,0.6092841,0.27099341,NA,0.53202361,0.045230515,0.033655386,0.019327141,0.17797071,NA,0.042838175,0.044989325,0.042937528,0.055203848,0.024923133,NA,0.045626286,0.037552938,0.028175274,0.10245439,0.094957173,NA,0.022528589,0.11138966,0.035033382,0.37708002,0.18806313,NA,0.10899182,0.90085828,0.99958092,-0.67632437,NA,Suburb
3415540,Spotswood Public School District,2018,34,NJ,0,all,all,0,5.5,1154,10,115.4,0,0.35515579862001,0.03246575526053,0.0351083072085906,0.3632661234795287,0.0214221297756979,0.0251720984752607,Spotswood Public School District,Pre-Kindergarten,12,0,1,0,0,0,0,0,1,0,0,0,0,0,0,0,0,117.83334,0.0042432817,0.070721358,0.16548797,0.042432815,0.69731259,0.13682504,0.029117359,0.16594239,0.14037627,0.011059372,0.14726426,707,0,0,0,0,-6.3190235e-9,2.9957792e-9,1.5242456e-8,-7.7167588e-9,0,0,0,0,0,0,0,0,0.99881101,NA,NA,NA,NA,1.0513395,11.152794,NA,NA,NA,NA,11.138861,0.26100564,NA,NA,NA,NA,0.2476124,0.065033048,NA,NA,NA,NA,0.052170064,0.048554569,NA,NA,NA,NA,0.048078783,0.055562645,NA,NA,NA,NA,0.043348659,0.1205089,NA,NA,NA,NA,0.11095895,NA,NA,NA,NA,Suburb
3415570,Spring Lake Borough,2018,34,NJ,0,all,all,0,5.5,250,11,22.72727272727273,0,1.138792619806646,0.0655112618044373,0.0668602527188289,1.08384396198824,0.0286504337653955,0.031552721791736,Spring Lake Borough,Pre-Kindergarten,8,0,1,0,0,0,0,0,1,0,0,0,0,0,0,0,0,22.666666,0,0.014705882,0.014705882,0.022058824,0.94852942,0.025976993,0.0082750516,0.034252044,NA,0,0.34693879,136,NA,NA,NA,NA,3.9026148e-8,-1.028555e-9,3.3895368e-8,NA,0,0,0,NA,0,0,NA,0,1.3694191,NA,NA,NA,NA,1.296828,11.354767,NA,NA,NA,NA,11.333766,0.61896843,NA,NA,NA,NA,0.61856437,0.072654948,NA,NA,NA,NA,0.073633261,0.059948366,NA,NA,NA,NA,0.050746679,0.0075489962,NA,NA,NA,NA,0.0080331955,0.15420973,NA,NA,NA,NA,0.1358142,NA,NA,NA,NA,Suburb
3415660,Springfield Township School District,2018,34,NJ,0,all,all,0,5.5,160,6,26.66666666666667,0,0.2190715755378861,0.1518764165322769,0.152463155775754,0.4502737207648072,0.0306503223779099,0.0333791725390427,Springfield Township School District,Pre-Kindergarten,6,0,0,0,1,0,0,0,0,0,0,0,0,0,1,0,0,28.25,0,0.017699115,0.053097345,0.044247787,0.88495576,0.12037037,0.060185187,0.18055555,0.21621622,0.013888889,0.14814815,113,0,0,NA,0,-2.296859e-10,1.1934314e-8,-1.2839253e-8,-1.1531001e-9,0,0,0,0,0,0,NA,0,1.6307622,NA,NA,NA,NA,1.6213659,11.570723,NA,NA,NA,NA,11.493154,0.33328316,NA,NA,NA,NA,0.33857334,0.070273295,NA,NA,NA,NA,0.045475319,0.03403547,NA,NA,NA,NA,0.037052739,0.0080366265,NA,NA,NA,NA,0.0096733049,0.10785433,NA,NA,NA,NA,0.11472191,NA,NA,NA,NA,Rural
3417580,West New York School District,2018,34,NJ,0,all,all,0,5.5,6441,11,585.5454545454545,0,-0.0850689525678738,0.0120119003376824,0.0179681306801392,-0.0846113315510434,0.011066920285268,0.0172395946043362,West New York School District,Pre-Kindergarten,12,0,1,0,0,0,0,0,1,0,0,0,0,0,0,0,0,562.33331,0,0.0088915238,0.89389449,0.011855365,0.083580323,0.7479288,0.079139143,0.82706791,0.86759681,0.1327344,0.14893079,3374,0.0053658984,0.012084137,NA,0.0030188758,0.10804896,0.04964795,0.0053787809,0.019459972,0.066927291,0.031826671,0.0057236147,0.013475581,0.012651731,0.032086134,NA,0.029424489,-0.47488207,1.8386358,-0.34761482,-1.144925,NA,1.2551557,10.812194999999999,11.525701,10.870696,10.6014,NA,11.252208,0.29129219,0.74821788,0.43975273,0.17092523,NA,0.58631539,0.19942762,0.09941522,0.15499493,0.23185378,NA,0.096417427,0.069190308,0.050521977,0.10820985,0.0759231,NA,0.039285909,0.20403202,0.0046290243,0.15848942,0.27198803,NA,0.054151025,0.26461887,0.088677168,0.32488161,0.29479539,NA,0.14760926,1.5667603,2.2707734,-0.47536013,NA,Suburb
3702280,Hyde County Schools,2018,37,NC,0,all,all,0,5.5,518,12,43.16666666666666,0,-0.1211015429007773,0.0467124154372193,0.0479072701931622,-0.0453414323675595,0.0230312720003143,0.0253429730424585,Hyde County Schools,Pre-Kindergarten,NA,0,0,0,1,0,0,0,0,0,0,0,0,0,0,0,1,45.833332,0,0,0.22545454,0.18181819,0.57090908,0.51644158,0.066932067,0.58337367,0.39768341,0.057283141,0.15384616,275,0.08708673,-0.06522952,NA,NA,0.11551918,0.055432901,0.16833906,0.065397434,0.086624511,0.065725796,0.21964671,0.080503896,4.6342611e-5,0.021214431,NA,NA,-0.77022284,NA,NA,NA,NA,0.4466711,10.666806,NA,NA,NA,NA,10.91669,0.096862763,NA,NA,NA,NA,0.13596129,0.19107383,NA,NA,NA,NA,0.1255144,0.068388313,NA,NA,NA,NA,0.032087535,0.18409237,NA,NA,NA,NA,0.084027059,0.20878939,NA,NA,NA,NA,0.13376111,NA,NA,NA,NA,Rural
3702310,Iredell-Statesville Schools,2018,37,NC,0,all,all,0,5.5,23198,12,1933.166666666667,0,0.1565387214310626,0.0074274208524511,0.0129700949071589,0.1536712326646437,0.0071199402427568,0.012748346627651,Iredell-Statesville Schools,Pre-Kindergarten,12,0,0.64280331,0,0.35719669,0,0,0,0.64280331,0,0,0,0,0,0.23836909,0.11882759,0,1935,0.0015503876,0.033419468,0.12463394,0.12773471,0.66959518,0.32362959,0.053339388,0.37696898,0.38018695,0.058335371,0.14059359,11610,0.28299966,0.20107913,-0.012733403,-0.048351437,0.26966089,0.1412167,0.23528923,0.26675329,0.27672419,0.14310962,0.26849636,0.3142494,0.28293025,0.18350528,0.025158608,0.0052323095,0.4136582,1.1884313,-1.7781819,-0.70377707,-0.648839,0.8257131,10.863499,11.488544,10.340828,10.427754,10.768651,10.942673,0.27183887,0.57786983,0.14561091,0.15571877,0.12486795,0.2887511,0.12088449,0.10621955,0.23447531,0.25809327,0.038034149,0.088383608,0.064962327,0.084105425,0.1156464,0.073152848,0.17424817,0.051328558,0.075519241,0.052459039,0.22196183,0.11523623,0.17249715,0.050102379,0.16324721,0.04845145,0.46554726,0.22183101,0.14001939,0.11655372,2.584089,1.4625796,-0.32566112,1.3488607,Rural
3702400,Jones County Schools,2018,37,NC,0,all,all,0,5.5,968,12,80.66666666666667,0,0.0353356955687318,0.0323674321901033,0.0340691568425492,0.0227204593926048,0.020429351870028,0.0230040259630294,Jones County Schools,Pre-Kindergarten,12,0,0,0,1,0,0,0,0,0,0,0,0,0,0,1,0,81.666664,0.0020408162,0,0.11020408,0.33265308,0.50816327,0.71951985,0.07949277,0.7990126,0.49586776,0.028795812,0.15968587,490,0.035212602,0.050230119,0,NA,0.067619085,0.083504148,0.0018282813,0.033730965,0.080180928,0.063706443,0.001980446,0.045581609,0.073242716,0.066277631,0,NA,-0.92364639,NA,-2.5244212,NA,NA,-0.066858307,10.473106,NA,10.063066,NA,NA,10.684146,0.13212931,NA,0.077416226,NA,NA,0.16147776,0.23278365,NA,0.34162557,NA,NA,0.15099715,0.071779355,NA,0.13385718,NA,NA,0.049776506,0.20041205,NA,0.29982224,NA,NA,0.14692301,0.20658228,NA,0.39829284,NA,NA,0.13356304,2.3698418,NA,NA,NA,Rural
3703600,Perquimans County Schools,2018,37,NC,0,all,all,0,5.5,1527,12,127.25,0,-0.0169688211177955,0.0269479310835721,0.0289697734037779,-0.0341715927458494,0.0186431123333559,0.0214334418643493,Perquimans County Schools,Pre-Kindergarten,12,0,0,0,1,0,0,0,0,0,0,0,0,0,0,0.55351681,0.44648319,130.33333,0,0.0025575447,0.034526855,0.27877238,0.63938618,0.52685422,0.078005113,0.60485935,0.59268928,0.0091743115,0.19021407,782,0,0,NA,0,2.6311321e-8,-2.0567958e-8,2.3907769e-9,-3.6369188e-9,0,0,0,0,0,0,NA,0,-0.13681886,NA,-2.6428773,NA,NA,0.64037013,10.642535,NA,9.9325953,NA,NA,10.761845,0.20424439,NA,0.1149287,NA,NA,0.23347571,0.15122728,NA,0.39115599,NA,NA,0.073728025,0.064975567,NA,0.13098472,NA,NA,0.045242369,0.15769535,NA,0.34848189,NA,NA,0.086692423,0.15193309,NA,0.32081717,NA,NA,0.1083272,3.0972497,NA,NA,NA,Rural
3803060,Bottineau 1,2018,38,ND,0,all,all,0,5.5,644,12,53.66666666666666,0,0.166431943066008,0.0365488456157232,0.0374514851313584,0.1202331287601741,0.0287550245234028,0.029885011876688,Bottineau 1,Pre-Kindergarten,12,0,0,0,1,0,0,0,0,0,0,0,0,0,0,0,1,53.5,0.074766353,0.012461059,0.028037382,0.012461059,0.86292833,0.25198203,0.075875968,0.327858,0.38198757,0.0044709388,0.1043219,321,0,0,0,0,3.2853276e-9,-1.8525519e-9,-2.2853572e-9,-2.0450335e-9,0,0,0,0,0,0,0,0,0.66014117,NA,NA,NA,NA,0.9711557,10.855076,NA,NA,NA,NA,10.870075,0.26163861,NA,NA,NA,NA,0.25606811,0.10646093,NA,NA,NA,NA,0.089649513,0.053630617,NA,NA,NA,NA,0.03298492,0.085129172,NA,NA,NA,NA,0.069408193000000007,0.083221555,NA,NA,NA,NA,0.062581576,NA,NA,NA,NA,Rural
3804560,Griggs County Central 18,2018,38,ND,0,all,all,0,5.5,252,12,21,0,0.1644442486475316,0.0553650979717973,0.0559650756823316,0.1669542673903592,0.037084690417097,0.0379675751511762,Griggs County Central 18,Pre-Kindergarten,12,0,0,0,1,0,0,0,0,0,0,0,0,0,0,0,1,21,0.023809524,0,0.0079365084,0,0.96825397,0.20942408,0.12041885,0.32984293,0.3968254,0,0.16996047,126,NA,0,0,NA,NA,5.2645827e-8,3.5729819e-8,1.0140115e-8,NA,0,0,0,NA,0,0,NA,1.0419365,NA,NA,NA,NA,1.1972026,10.833972,NA,NA,NA,NA,10.908032,0.23713045,NA,NA,NA,NA,0.24905793,0.10725023,NA,NA,NA,NA,0.089583613,0.015452931,NA,NA,NA,NA,0.019838905,0.057439215,NA,NA,NA,NA,0.056019001,0.041471008,NA,NA,NA,NA,0.023056492,NA,NA,NA,NA,Rural
3810980,Leeds 6,2018,38,ND,0,all,all,0,5.5,80,8,10,0,-0.0220636599115057,0.1302183761085611,0.1304745994400943,0.1386118440089525,0.0455184830674167,0.0462406185110773,Leeds 6,Pre-Kindergarten,12,0,0,0,1,0,0,0,0,0,0,0,0,0,0,0,1,10.5,0.063492067,0,0.031746034,0,0.90476191,0.23157895,0.031578947,0.2631579,0.37704918,0,0.14598539,63,NA,0,0,NA,NA,1.7412955e-8,9.0349355e-9,7.6125772e-9,NA,0,0,0,NA,0,0,NA,0.27930704,NA,NA,NA,NA,0.37492904,10.830829,NA,NA,NA,NA,10.858872,0.19879626,NA,NA,NA,NA,0.20234673,0.13180827,NA,NA,NA,NA,0.1064213,0.04729899,NA,NA,NA,NA,0.0428937,0.10837424,NA,NA,NA,NA,0.10120636,0.1676016,NA,NA,NA,NA,0.14256097,NA,NA,NA,NA,Rural
3813050,Minto 20,2018,38,ND,0,all,all,0,5.5,194,10,19.4,0,-0.4796364433216496,0.0741934742881151,0.0746422618202556,-0.2723984534715559,0.039607727454401,0.0404355607557308,Minto 20,Pre-Kindergarten,12,0,0,0,1,0,0,0,0,0,0,0,0,0,0,1,0,19.666666,0.050847456,0,0.27966103,0,0.66101694,0.38190955,0.095477387,0.47738695,0.47747749,0.10447761,0.19029851,118,NA,0,0,NA,NA,-2.7451854e-9,3.8110983e-8,-1.1421933e-8,NA,0,0,0,NA,0,0,NA,0.55444622,NA,NA,NA,NA,0.89947063,10.955965,NA,NA,NA,NA,10.95493,0.13566963,NA,NA,NA,NA,0.15763198,0.11598113,NA,NA,NA,NA,0.099055365,0.048603438,NA,NA,NA,NA,0.040692024,0.11288089,NA,NA,NA,NA,0.061059434,0.077602401,NA,NA,NA,NA,0.0333241,NA,NA,NA,NA,Rural
3819880,Williston 1,2018,38,ND,0,all,all,0,5.5,3749,12,312.4166666666667,0,-0.3180911065716731,0.0187075430504969,0.0204148913709719,-0.3198356817390845,0.0174203482007382,0.0192283912734074,Williston 1,Kindergarten,12,0,0,0.59274685,0.40725312,0,0,0,0,0,0,0,0,0.59274685,0.40725312,0,0,312.83334,0.036760788,0.019179542,0.10335642,0.064464569,0.72775704,0.21780227,0.072742984,0.29054525,0.31433138,0.053663317,0.11639304,1877,0.011958067,0.010539979,-0.0095325215,-0.004175981,0.015025022,0.011500916,0.006020803,0.0099980822,0.0078721317,0.0075225285,0.0064928625,0.012847841,0.0072286972,0.0062819594,-0.004507775,-0.0023539588,1.159981,NA,NA,NA,NA,1.323308,11.259315,NA,NA,NA,NA,11.32644,0.26151493,NA,NA,NA,NA,0.27992061,0.07197468,NA,NA,NA,NA,0.060126401,0.028034193,NA,NA,NA,NA,0.017395521,0.059798725,NA,NA,NA,NA,0.048077788,0.11274881,NA,NA,NA,NA,0.11910912,NA,NA,NA,NA,Town
3904384,Dayton City,2018,39,OH,0,all,all,0,5.5,14843,10,1484.3,0,-0.875363872158279,0.0125589613460146,0.0176017949824245,-0.8719096757638152,0.0119555949729525,0.0171385193891456,Dayton City,Pre-Kindergarten,12,0.82545358,0.17454639,0,0,0,0.82545358,0,0.17454639,0,0,0,0,0,0,0,0,1449.3334,0.0017249309,0.0048298067,0.039098438,0.66823828,0.23666054,0.79506427,0.057614982,0.85267925,0.96414161,0.075735889,0.238545,8696,-1.4690559e-4,0.013823301,-0.011484046,-0.039891321,0.39353216,0.13564406,0.083316639,0.48512128,0.41582149,0.1193853,0.083041012,0.24141607,0.37836704,0.068832122,0.18141854,0.010576372,-2.1327157,0.4911676,-3.1020846,-1.6233035,NA,-1.1793846,10.249694999999999,10.19942,10.071127,10.198718,NA,10.442595,0.16766599,0.51923698,0.14545076,0.087640516,NA,0.18541548,0.31713882,0.16034552,0.37311202,0.40694925,NA,0.24280293,0.11837535,0.04810036,0.15919597,0.05979903,NA,0.08582668,0.27886939,0.049702633,0.34581709,0.25317609,NA,0.20883822,0.41870192,0.083951406,0.54869771,0.1864581,NA,0.28631768,1.8910394,0.75879365,-0.78969347,NA,City
3904393,Eaton Community City,2018,39,OH,0,all,all,0,5.5,1558,10,155.8,0,0.2979750426958912,0.0253417509649499,0.0281833287331741,0.2875416125974742,0.0210894748064432,0.0244040681712381,Eaton Community City,Kindergarten,12,0,0,1,0,0,0,0,0,0,0,0,1,0,0,0,0,160,0.0010416667,0.0125,0.014583333,0.0052083335,0.93333334,0.34270835,0.03125,0.37395835,0.38906753,0.0050735669,0.1217656,960,0,0,0,0,1.2253939e-8,3.7081818e-9,-2.0052536e-8,1.0890833e-8,0,0,0,0,0,0,0,0,0.23065895,NA,NA,NA,NA,0.23364449,10.778159,NA,NA,NA,NA,10.758208,0.17433363,NA,NA,NA,NA,0.17542429,0.12289603,NA,NA,NA,NA,0.11893555,0.042821504,NA,NA,NA,NA,0.040838368,0.13378385,NA,NA,NA,NA,0.13225429,0.14701678,NA,NA,NA,NA,0.13950641,NA,NA,NA,NA,Town
3904438,Medina City SD,2018,39,OH,0,all,all,0,5.5,5118,10,511.8,0,0.3603074018883692,0.014394780992777,0.0189553527095285,0.3601842854805039,0.0134421861413696,0.018206728535189,Medina City SD,Pre-Kindergarten,12,0,1,0,0,0,0,0,1,0,0,0,0,0,0,0,0,523.5,3.1836994e-4,0.011779688,0.028334925,0.038841132,0.88411331,0.17929234,0.042913776,0.22220612,0.20773409,0.0074539608,0.14118679,3141,0.11179186,0.019563669,-0.057686076,-0.0068798983,0.12652822,0.034068059,0.054609526,0.057690151,0.063922934,0.0098491972,0.059122905,0.064853512,0.06586273,0.018016052,-0.003476534,-0.0023002375,1.226339,NA,NA,1.0354354,NA,1.3039027,11.157793,NA,NA,10.982265,NA,11.169764,0.41755295,NA,NA,0.26543658999999997,NA,0.41642913,0.06108965,NA,NA,0.10878434,NA,0.053629875,0.036157861,NA,NA,0.039569031,NA,0.032902334,0.058878575,NA,NA,0.064769082,NA,0.055608772,0.12536225,NA,NA,0.066813521,NA,0.11518602,NA,0.31514838,NA,NA,Suburb
3904456,Norwalk City,2018,39,OH,0,all,all,0,5.5,2183,10,218.3,0,0.0683311410028732,0.0220156625108344,0.0252346006963371,0.0588458320804683,0.0191652194480432,0.0227617712884232,Norwalk City,Pre-Kindergarten,12,0,0,1,0,0,0,0,0,0,0,0,1,0,0,0,0,217.33333,0,0.0030674846,0.14417177,0.0046012271,0.79371166,0.49790338,0.10535602,0.60325938,0.52954721,0.041802980000000003,0.1570338,1304,0,0,NA,0,-5.093066e-9,4.0085681e-9,1.1059379e-8,-2.4581985e-9,0,0,0,0,0,0,NA,0,-0.21789154,NA,NA,-0.99622571,NA,-0.055874135,10.701165,NA,NA,10.57742,NA,10.717725,0.15916656,NA,NA,0.041487664,NA,0.16496566,0.14826354,NA,NA,0.26029775,NA,0.12904662,0.05629855,NA,NA,0.068379343,NA,0.045315675,0.14646176,NA,NA,0.14703326,NA,0.13535926,0.22345774,NA,NA,0.21271472,NA,0.20600829,NA,1.0608361,NA,NA,Town
3904475,Shaker Heights City,2018,39,OH,0,all,all,0,5.5,3692,10,369.2,0,0.2535856086201716,0.0226315998951762,0.0257737267450394,0.2553023480363614,0.0196084399518186,0.0231361948694877,Shaker Heights City,Pre-Kindergarten,12,0,1,0,0,0,0,0,1,0,0,0,0,0,0,0,0,372.5,0,0.046532437,0.035794184,0.44608501,0.39776286,0.30273107,0.038770549,0.34150159,0.32334527,0.02216848,0.15558243,2235,0.015036668,0.0084684789,NA,-5.9467554e-4,0.022598503,0.018148635,0.010022173,0.0079653617,0.030087745,0.0082169846,0.01246461,0.010099712,0.029891646,0.018820604,NA,-0.0041267923,0.81055963,1.3631229,-1.2332678,NA,NA,2.2677164,11.144768,10.985295,10.585982,NA,NA,11.596197,0.62763882,0.77795929,0.32399875,NA,NA,0.83476549,0.10282024,0.076514989,0.17584887,NA,NA,0.047619015,0.066221543,0.057148147,0.12541106,NA,NA,0.026784109,0.10243386,0.057808474,0.19315039,NA,NA,0.028398519,0.2256359,0.022984818,0.46530944,NA,NA,0.090391688,3.4089642000000002,NA,0.30821702,NA,Suburb
3904523,Bridgeport Exempted Village,2018,39,OH,0,all,all,0,5.5,531,10,53.1,0,0.0898503542649351,0.0440663152428322,0.0457595434373342,0.1497178194105113,0.0293704651249503,0.0318342082884239,Bridgeport Exempted Village,Pre-Kindergarten,12,0,1,0,0,0,0,0,0,0,1,0,0,0,0,0,0,52.333332,0,0,0.019108281,0.035031848,0.86624205,0.61663806,0.059309904,0.67594796,0.62576687,0,0.15354839,314,0,0,NA,NA,2.3357684e-8,-1.915474e-10,1.0457823e-8,7.9662349e-10,0,0,0,0,0,0,NA,NA,-0.53535193,NA,NA,NA,NA,-0.37978527,10.48807,NA,NA,NA,NA,10.474129,0.11991289,NA,NA,NA,NA,0.1288045,0.17234202,NA,NA,NA,NA,0.14611217,0.070048317,NA,NA,NA,NA,0.057262123,0.15913366,NA,NA,NA,NA,0.15103805,0.17935696,NA,NA,NA,NA,0.1530222,NA,NA,NA,NA,Suburb
3904567,Yellow Springs Exempted Village,2018,39,OH,0,all,all,0,5.5,565,10,56.5,0,0.3623195412496253,0.0471165754057328,0.0487038741218471,0.3749913051207243,0.0302646921621699,0.0326610500040299,Yellow Springs Exempted Village,Kindergarten,12,0,0,0.49591282,0.50408721,0,0,0,0,0,0,0.49591282,0,0,0.50408721,0,0,56.166668,0.002967359,0.0089020776,0.091988131,0.06231454,0.65875369,0.21823198,0.059084464,0.27731645,0.36311239,0.0040871934,0.11171662,337,0,0,0,0,1.0572319e-8,1.2207733e-8,7.4212547e-9,-4.631711e-9,0,0,0,0,0,0,0,0,0.81952423,NA,NA,NA,NA,1.0373313,11.025434,NA,NA,NA,NA,11.090738,0.59208643,NA,NA,NA,NA,0.611247,0.13796285,NA,NA,NA,NA,0.12506551,0.046411008,NA,NA,NA,NA,0.015360141,0.088757426,NA,NA,NA,NA,0.094584771,0.18965863,NA,NA,NA,NA,0.15916322,NA,NA,NA,NA,Town
3904588,Pymatuning Valley Local,2018,39,OH,0,all,all,0,5.5,948,10,94.8,0,0.1813995734347858,0.0369101002335876,0.0389159501460019,0.1967354792905721,0.0268922546153154,0.0295632534405432,Pymatuning Valley Local,Pre-Kindergarten,12,0,0,0,1,0,0,0,0,0,0,0,0,0,0,1,0,94.166664,0.0017699115,0.0053097345,0.023008849,0.003539823,0.92566371,0.51024318,0.12173368,0.6319769,0.63315696,0.0024834438,0.1481788,565,0,0,0,0,-1.5652105e-8,1.0896548e-8,-1.1646081e-8,7.7935125e-9,0,0,0,0,0,0,0,0,-0.26777735,NA,NA,NA,NA,-0.1649006,10.67571,NA,NA,NA,NA,10.672896,0.12472194,NA,NA,NA,NA,0.12389718,0.19697669,NA,NA,NA,NA,0.17736574,0.06269253,NA,NA,NA,NA,0.054334946,0.13208438,NA,NA,NA,NA,0.12166577,0.1539989,NA,NA,NA,NA,0.13356052,NA,NA,NA,NA,Rural
3904659,Richmond Heights Local,2018,39,OH,0,all,all,0,5.5,601,10,60.1,0,-0.3789051583538029,0.047039830014256503,0.0486296338078209,-0.464356343733889,0.0302359613166349,0.0326344289430025,Richmond Heights Local,Pre-Kindergarten,12,0,1,0,0,0,0,0,1,0,0,0,0,0,0,0,0,58.666668,0,0.028409092,0.0056818184,0.87784094,0.042613637,0.70887601,0.094512776,0.80338877,0.65277779,0.013784461,0.17418547,352,0,0,NA,0,1.5136331e-8,-2.4254357e-8,-9.7498365e-10,-9.8272834e-10,0,0,0,0,0,0,NA,0,-0.052413538,NA,-0.96697354,NA,NA,0.8412562,10.752495,NA,10.710458,NA,NA,10.868688,0.3169516,NA,0.26026747,NA,NA,0.36791864,0.121801,NA,0.18620861,NA,NA,0.061015308,0.061853558,NA,0.074567489,NA,NA,0.050304383,0.11201478,NA,0.19112043,NA,NA,0.040440567,0.28716022,NA,0.44952211,NA,NA,0.14220731,1.8122073,NA,NA,NA,Suburb
3904686,Bloom-Carroll Local,2018,39,OH,0,all,all,0,5.5,1630,10,163,0,0.3213599920456598,0.0260053815580691,0.02878151397153,0.3368242562609259,0.0216386493023408,0.0248801876866821,Bloom-Carroll Local,Kindergarten,12,0,0.16434956,0,0.83565044,0,0,0,0.16434956,0,0,0,0,0,0.83565044,0,0,163.83333,0.001017294,0.002034588,0.004069176,0.01525941,0.94811803,0.16378434,0.029501526,0.19328587,0.19140226,0.001489573,0.10724925,983,0,0,0,0,-8.4722602e-9,-2.6586482e-8,-4.4375419e-9,3.7618997e-9,0,0,0,0,0,0,0,0,1.4038758,NA,NA,NA,NA,1.396071,11.279501,NA,NA,NA,NA,11.28189,0.30322048,NA,NA,NA,NA,0.29916826,0.037901424,NA,NA,NA,NA,0.040557411,0.040448766,NA,NA,NA,NA,0.037357897,0.048428971,NA,NA,NA,NA,0.050077692,0.062463924,NA,NA,NA,NA,0.067724384,NA,NA,NA,NA,Rural
3904811,Avon Local,2018,39,OH,0,all,all,0,5.5,3454,10,345.4,0,0.7262813592330609,0.0187091903076953,0.0224082457698539,0.7297809937085029,0.0167562921152068,0.0207741647520418,Avon Local,Kindergarten,12,0,1,0,0,0,0,0,1,0,0,0,0,0,0,0,0,349.16666,0,0.040095467,0.070167065,0.024821002000000002,0.8162291,0.095942721,0.012887828,0.10883055,0.1237506,0.012529003,0.12157772,2095,0,0,NA,0,1.0417286e-8,4.4754094e-9,1.0548917e-8,-2.8469558e-9,0,0,0,0,0,0,NA,0,1.674396,2.348419,NA,NA,NA,1.9830314,11.42865,11.443357,NA,NA,NA,11.4947,0.491927,0.84836173,NA,NA,NA,0.5126605,0.036340248,0.0031342006,NA,NA,NA,0.010154886,0.037299745,0.0084474869,NA,NA,NA,0.036619801,0.042929411,0.03852639,NA,NA,NA,0.014085012,0.098634861,0.071376994,NA,NA,NA,0.061921656,NA,NA,-0.49579006,NA,Suburb
3904817,Midview Local,2018,39,OH,0,all,all,0,5.5,2131,10,213.1,0,0.241121234749912,0.0215826956535234,0.0248577639417796,0.2418357358593231,0.0189007726882418,0.0225395608632338,Midview Local,Pre-Kindergarten,12,0,1,0,0,0,0,0,0,1,0,0,0,0,0,0,0,221,0.0037707391,0.0052790348,0.044494722,0.03092006,0.87330317,0.29361686,0.083682261,0.37729913,0.37661353,0.0010478519,0.13552219,1326,0,0,0,0,-6.2199947e-9,-2.3198761e-9,6.423273e-9,-5.6514482e-9,0,0,0,0,0,0,0,0,0.64465839,NA,NA,NA,NA,0.76009291,11.056113,NA,NA,NA,NA,11.069875,0.18659985,NA,NA,NA,NA,0.20576923,0.080750234,NA,NA,NA,NA,0.066445336,0.052751637999999997,NA,NA,NA,NA,0.047037177,0.075515337,NA,NA,NA,NA,0.068323642,0.1495129,NA,NA,NA,NA,0.14748099,NA,NA,NA,NA,Suburb
3904836,South Range Local,2018,39,OH,0,all,all,0,5.5,924,10,92.4,0,0.7271312674611291,0.0375405751282602,0.0395144335334971,0.7106245869924077,0.0272255146317341,0.0298667246724109,South Range Local,Kindergarten,12,0,0,0,1,0,0,0,0,0,0,0,0,0,1,0,0,97.666664,0,0.0068259384,0.015358361,0,0.96587032,0.17341493,0.033107307,0.20652223,0.27350429,0.0023474179,0.12754303,586,NA,0,NA,0,NA,-2.0273799e-8,-6.3397922e-9,1.1193154e-8,NA,0,0,0,NA,0,NA,0,0.88259065,NA,NA,NA,NA,0.87518448,11.029842,NA,NA,NA,NA,11.0262,0.26825994,NA,NA,NA,NA,0.27197078,0.045180038,NA,NA,NA,NA,0.047875322,0.061166219,NA,NA,NA,NA,0.055278253,0.05015327,NA,NA,NA,NA,0.050751515,0.12830701,NA,NA,NA,NA,0.12268058,NA,NA,NA,NA,Rural
3904844,River Valley Local,2018,39,OH,0,all,all,0,5.5,1546,10,154.6,0,0.2341324090348258,0.026322752191072,0.0290685905992224,0.2286879139058809,0.0218207288031069,0.0250387060606888,River Valley Local,Pre-Kindergarten,12,0,0,0.14681318,0.85318679,0,0,0,0,0,0,0,0.14681318,0,0.21846154,0.63472527,0,157.5,0.0010582011,0.0074074073,0.015873017,0.021164021,0.90687829,0.30495378,0.091880612,0.3968344,0.36616701,0.0017582418,0.10989011,945,-0.0043813488,-0.012560938,-0.09380585,-0.03586458,0.0028768305,0.0159453,0.013053414,0.016027095,8.6981617e-4,9.0013765e-4,0.01658003,0.021681529,0.0012453705,0.0022207943,0.0130971,-0.0011445085,0.78987134,NA,NA,NA,NA,0.84628665,10.952479,NA,NA,NA,NA,10.952819,0.12601657,NA,NA,NA,NA,0.14666711,0.058029912,NA,NA,NA,NA,0.061852254,0.037546583,NA,NA,NA,NA,0.038358111,0.058608051,NA,NA,NA,NA,0.044854674,0.12162874,NA,NA,NA,NA,0.11755721,NA,NA,NA,NA,Rural
3904872,Northmont City,2018,39,OH,0,all,all,0,5.5,3835,10,383.5,0,0.2316177998704536,0.0164705748615701,0.0205760908042125,0.2282564636438797,0.0151707984711901,0.0195178308720077,Northmont City,Pre-Kindergarten,12,0,1,0,0,0,0,0,1,0,0,0,0,0,0,0,0,381.33334,0,0.018793706,0.022727273,0.21940559,0.67395103,0.28602687,0.10380913,0.38983598,0.39417309,0.023590427,0.29732072,2288,0.011802579,0.013391648,NA,-0.0013715476,0.080237187,0.047569886,0.014005296,0.013191349,0.084926821,0.010245307,0.016798608,0.017640453,0.080612265,0.017833881,NA,-0.0019350549,0.78290921,0.50891751,0.13219182,NA,NA,0.95711237,11.030434,10.586429,11.057932,NA,NA,11.035595,0.29223388,0.4028596,0.4686923,NA,NA,0.27076265,0.080585942,0.17554665,0.13870269,NA,NA,0.059211496,0.049849693,0.044711914,0.072656065,NA,NA,0.044122107,0.065354921,0.056934066,0.1551284,NA,NA,0.050146632,0.15585002,0.095660798,0.30686995,NA,NA,0.12795216,0.86290991,NA,0.035885453,NA,Suburb
3904883,East Muskingum Local,2018,39,OH,0,all,all,0,5.5,1703,10,170.3,0,0.3852928619778331,0.0270352408142602,0.0297153146104438,0.3719474666343191,0.0223048289495114,0.0254616965295284,East Muskingum Local,Pre-Kindergarten,12,0,0,0.12313613,0.8768639,0,0,0,0,0,0,0,0.12313613,0,0.8768639,0,0,167.33333,0,0.0099601597,0.019920319,0.0079681276999999991,0.93924302,0.28784862,0.076693229,0.36454186,0.33136678,0.0016144927,0.15230048,1004,0,0,NA,0,-9.2834771e-9,-8.6233305e-9,-1.3408458e-8,-4.9870512e-9,0,0,0,0,0,0,NA,0,0.35317808,NA,NA,NA,NA,0.42339656,10.809993,NA,NA,NA,NA,10.814976,0.19113858,NA,NA,NA,NA,0.18838818,0.11196719,NA,NA,NA,NA,0.095685683,0.047951795,NA,NA,NA,NA,0.046655916,0.10791075,NA,NA,NA,NA,0.10010784,0.14626695,NA,NA,NA,NA,0.137656,NA,NA,NA,NA,Rural
3904903,Wayne Trace Local,2018,39,OH,0,all,all,0,5.5,680,10,68,0,0.5091121570175795,0.0428223805302879,0.0445628988149715,0.490706759050217,0.0289647809534035,0.0314603104144489,Wayne Trace Local,Pre-Kindergarten,12,0,0,0,1,0,0,0,0,0,0,0,0,0,0,1,0,71.166664,0,0,0.028103044,0.0023419203,0.9531616,0.2713218,0.12641636,0.39773816,0.3985849,0.0032608695,0.20543478,427,0,-0.01081261,NA,NA,-3.9653834e-8,0.0467759,0.0036724899,0.0088940607,0,0.018257814,0.0045605004,0.01120866,0,0.018257812000000002,NA,NA,0.52768236,NA,NA,NA,NA,0.53919798,10.844704,NA,NA,NA,NA,10.832296,0.15877359,NA,NA,NA,NA,0.15975797,0.10519809,NA,NA,NA,NA,0.097599618,0.037479632,NA,NA,NA,NA,0.037192632,0.097729348,NA,NA,NA,NA,0.096616961,0.12075938,NA,NA,NA,NA,0.11972114,NA,NA,NA,NA,Rural
3904936,Miller City-New Cleveland Local,2018,39,OH,0,all,all,0,5.5,396,10,39.6,0,0.9856037921298813,0.0567451521148645,0.0580698541848671,0.8888390725930349,0.0324999654305598,0.0347424862190721,Miller City-New Cleveland Local,Kindergarten,12,0,0,0,1,0,0,0,0,0,0,0,0,0,0,1,0,39.166668,0,0,0.012765957,0,0.9829787,0.14889577,0.063787937,0.21268371,0.10729614,0,0.11247443,235,NA,0,NA,NA,NA,2.7136812e-8,-1.6274106e-8,-1.5350352e-8,NA,0,0,0,NA,0,NA,NA,1.2987359,NA,NA,NA,NA,1.2854176,11.113276,NA,NA,NA,NA,11.121002,0.21545392,NA,NA,NA,NA,0.21756832,0.05071418,NA,NA,NA,NA,0.052523732,0.028433112,NA,NA,NA,NA,0.030115552,0.039577428,NA,NA,NA,NA,0.041532505,0.071952149000000007,NA,NA,NA,NA,0.079668723,NA,NA,NA,NA,Rural
3904942,Crestview Local,2018,39,OH,0,all,all,0,5.5,884,10,88.4,0,0.1703646075726466,0.0333360391682842,0.0355441582252554,0.1692943256209851,0.0253067320742902,0.0281286914728492,Crestview Local,Kindergarten,12,0,0,0,1,0,0,0,0,0,0,0,0,0,0,1,0,86.833336,0,0,0.011516315,0.0038387715,0.97120923,0.36025921,0.074502125,0.43476132,0.37689394,0,0.13439849,521,0,0,NA,NA,2.2923142e-8,-8.1666389e-9,1.191304e-8,1.4421325e-8,0,0,0,0,0,0,NA,NA,0.6463905,NA,NA,NA,NA,0.65708125,10.951605,NA,NA,NA,NA,10.9543,0.19470298,NA,NA,NA,NA,0.19418,0.10868719,NA,NA,NA,NA,0.102005,0.037023161,NA,NA,NA,NA,0.037052356,0.10878789,NA,NA,NA,NA,0.10495783,0.099511445,NA,NA,NA,NA,0.10123239,NA,NA,NA,NA,Rural
3905009,Bloomfield-Mespo Local,2018,39,OH,0,all,all,0,5.5,173,10,17.3,0,0.3387849603158834,0.0786691878281931,0.0796299993096832,0.2225390526150021,0.035420595858294,0.0374888144204565,Bloomfield-Mespo Local,Pre-Kindergarten,12,0,0,0,1,0,0,0,0,0,0,0,0,0,0,1,0,16.5,0,0,0,0,0.92929292,0.32380903,0.1296998,0.45350882,0.53465348,0.16455697,0.18987341,99,NA,NA,NA,NA,NA,NA,-9.1956842e-9,-9.6547137e-10,NA,NA,0,0,NA,NA,NA,NA,0.52680844,NA,NA,NA,NA,0.62601119,10.830712,NA,NA,NA,NA,10.886031,0.10528025,NA,NA,NA,NA,0.10683919,0.12666382,NA,NA,NA,NA,0.11590023,0.039156232,NA,NA,NA,NA,0.038520508,0.060828529,NA,NA,NA,NA,0.045432679,0.11215396,NA,NA,NA,NA,0.10903478,NA,NA,NA,NA,Rural
3905033,North Union Local School District,2018,39,OH,0,all,all,0,5.5,1174,10,117.4,0,0.1856611174029472,0.0328839567723503,0.0351205109518415,0.1850583752327099,0.0251218286320569,0.0279624546403435,North Union Local School District,Pre-Kindergarten,12,0,0,0,1,0,0,0,0,0,0,0,0,0,0,1,0,119.83334,0,0.0027816412,0.011126565,0.0055632824,0.96940196,0.34606317,0.10834447,0.45440763,0.41963017,0,0.15233092,719,0,0,NA,0,3.8271182e-9,-9.8811368e-9,-1.9754273e-8,-1.1418912e-8,0,0,0,0,0,0,NA,0,0.67893273,NA,NA,NA,NA,0.69787359,10.938231,NA,NA,NA,NA,10.946817,0.15114416,NA,NA,NA,NA,0.15106386,0.073914953,NA,NA,NA,NA,0.068248153,0.050006498,NA,NA,NA,NA,0.047798727,0.062284257,NA,NA,NA,NA,0.062659293,0.12101151,NA,NA,NA,NA,0.11958503,NA,NA,NA,NA,Rural
3905059,Triway Local,2018,39,OH,0,all,all,0,5.5,1267,10,126.7,0,0.383009717042181,0.0291445745582326,0.031646514858559,0.3836441736576951,0.023361867141237,0.0263926018425551,Triway Local,Pre-Kindergarten,12,0,0,0.39051777,0.60948223,0,0,0,0,0,0,0,0.39051777,0,0.2738615,0.3356207,0,129,0.0012919897,0.003875969,0.028423773,0.003875969,0.94056845,0.30810434,0.092941307,0.40104562,0.3974359,0.0062383031,0.14597629,774,0.026386747,-0.0059731402,-0.027805537,-0.0061710575,0.10035098,0.034494441,0.0087352796,0.0088543771,0.0089823082,0.0091255177,0.010233159,0.011774809,0.0067138844,0.0082781743,-0.024546318,0.011687183,0.24127093,NA,NA,NA,NA,0.31147078,10.869203,NA,NA,NA,NA,10.885231,0.20542461,NA,NA,NA,NA,0.20292853,0.14427669,NA,NA,NA,NA,0.13124858,0.051510058,NA,NA,NA,NA,0.050282702,0.11814099,NA,NA,NA,NA,0.1108873,0.15318492,NA,NA,NA,NA,0.13737071,NA,NA,NA,NA,Rural
4007380,Chelsea,2018,40,OK,0,all,all,0,5.5,700,12,58.33333333333334,0,-0.2762467634728759,0.0357217914684589,0.0372737077221712,-0.2665632259478498,0.027297463845237,0.0292630622342547,Chelsea,Pre-Kindergarten,12,0,0,0,1,0,0,0,0,0,0,0,0,0,0,1,0,59.666668,0.53631288,0,0.027932961,0.0083798887,0.40502793,0.63247347,0.11592659,0.74840003,1,0,0.22458629,358,0,0,0,NA,1.5355013e-8,3.9062247e-9,-7.6221953e-9,NA,0,0,0,NA,0,0,0,NA,-0.30132961,NA,NA,NA,-0.53362149,-0.18806243,10.734174,NA,NA,NA,10.766982,10.730917,0.1532542,NA,NA,NA,0.14605036,0.15276846,0.16576132,NA,NA,NA,0.18345071,0.14470255,0.067588724,NA,NA,NA,0.10514516,0.050736081,0.15905936,NA,NA,NA,0.12614946,0.15942518,0.17383623,NA,NA,NA,0.24049267,0.15313552,NA,NA,NA,0.50873893,Rural
4014160,Heavener,2018,40,OK,0,all,all,0,5.5,801,12,66.75,0,-0.3200050738337905,0.0347244594124594,0.0363190168249269,-0.3016950332203807,0.0268845370761819,0.0288782550155726,Heavener,Pre-Kindergarten,12,0,0,1,0,0,0,0,0,0,0,0,1,0,0,0,0,67.833336,0.25552824,0.0049140048,0.49877149,0.0049140048,0.23341523,0.71542525,0.086239696,0.80166495,1,0.1435743,0.15261044000000001,407,0,0,0,0,1.5900733e-8,-9.4670654e-9,2.2731307e-8,NA,0,0,0,NA,0,0,0,0,-1.1898886,NA,NA,-1.9609199,NA,-0.65064073,10.301858,NA,NA,9.9213095,NA,10.418331,0.073466718,NA,NA,0.01492391,NA,0.092897087,0.24606059,NA,NA,0.34535939,NA,0.15573117,0.063831128,NA,NA,0.060692169,NA,0.050763179,0.25170422,NA,NA,0.27671325,NA,0.21166834,0.15119673,NA,NA,0.22397541,NA,0.13249968,NA,1.2875693,NA,NA,Town
4014520,Hilldale,2018,40,OK,0,all,all,0,5.5,1585,12,132.0833333333333,0,0.0053138828126446,0.0254771903942824,0.0276110509040909,0.0287020695984116,0.0214017002308298,0.0238580814759726,Hilldale,Pre-Kindergarten,12,0,0,1,0,0,0,0,0,0,0,0,1,0,0,0,0,131.5,0.4537389,0.0063371356,0.046894804,0.041825093,0.42332065,0.40557668,0.1026616,0.50823832,0.52332914,0.020751541,0.136848,789,0,0,0,0,7.712857e-9,1.3473195e-8,-4.3228519e-9,8.0841733e-9,0,0,0,0,0,0,0,0,0.79054981,NA,NA,NA,-0.026812263,0.84133685,11.045464,NA,NA,NA,10.812525,11.058238,0.25227448,NA,NA,NA,0.19496733,0.22777098,0.095660791,NA,NA,NA,0.099286132,0.10379168,0.038818132,NA,NA,NA,0.041590367,0.040263042,0.09135408,NA,NA,NA,0.13616593,0.080912367,0.12328783,NA,NA,NA,0.23364547,0.088350125,NA,NA,NA,0.89673352,Town
4015750,Jennings,2018,40,OK,0,all,all,0,5.5,228,12,19,0,-0.1578840355498926,0.0620065345446431,0.0629133787669825,-0.1214714990383276,0.0377211580265054,0.0391670913115135,Jennings,Pre-Kindergarten,8,0,0,0,1,0,0,0,0,0,0,0,0,0,0,1,0,20.666666,0.29838711,0,0.032258064,0.0080645159,0.58064514,0.97209305,0.021301467,0.99339449,0.94736844,0,0.17674419,124,0,0,0,NA,5.2645827e-8,-4.1981885e-10,2.3204698e-10,2.5603812e-9,0,0,0,0,0,0,0,NA,-0.25075117,NA,NA,NA,NA,0.01301543,10.272597,NA,NA,NA,NA,10.269027,0.1091986,NA,NA,NA,NA,0.13451369,0.14712553,NA,NA,NA,NA,0.11190013,0.050953433,NA,NA,NA,NA,0.043899,0.11462851,NA,NA,NA,NA,0.089516811,0.17418738,NA,NA,NA,NA,0.15193519,NA,NA,NA,NA,Rural
4016740,Kremlin-Hillsdale,2018,40,OK,0,all,all,0,5.5,274,12,22.83333333333333,0,-0.0984667003415923,0.0512114975676806,0.0523058350929066,-0.1146312807951095,0.0341637415442847,0.0357538321757057,Kremlin-Hillsdale,Pre-Kindergarten,12,0,0,0,1,0,0,0,0,0,0,0,0,0,0,1,0,22.833334,0.01459854,0,0.05839416,0.00729927,0.85401458,0.24038461,0.10576923,0.34615386,0.31386861,0,0.13289036,137,0,0,0,NA,-2.3158885e-8,3.297365e-9,-7.8247675e-9,-4.0012478e-9,0,0,0,0,0,0,0,NA,1.0340717,NA,NA,NA,NA,1.1004043,11.083578,NA,NA,NA,NA,11.124638,0.31535953,NA,NA,NA,NA,0.31448969,0.070484348,NA,NA,NA,NA,0.069660455,0.060047604,NA,NA,NA,NA,0.049140628,0.027322602,NA,NA,NA,NA,0.029829692,0.031262044,NA,NA,NA,NA,0.03081416,NA,NA,NA,NA,Rural
4019440,Mcalester,2018,40,OK,0,all,all,0,5.5,2596,12,216.3333333333333,0,0.0031739264956381,0.0216305048427725,0.0241072943607321,0.0032486239527235,0.018993305149478,0.0217237409173704,Mcalester,Pre-Kindergarten,12,0,0,1,0,0,0,0,0,0,0,0,0,1,0,0,0,218.66667,0.16387194,0.0068597561,0.13262194,0.032774389,0.49695122,0.60778952,0.09156251,0.69935203,0.79384613,0.03806344,0.1769616,1312,7.9533458e-4,-2.8113524e-5,6.4436597e-4,0.0015906692,0.030919129,6.9848151e-4,0.026024682,0.050388034,0.011017435,6.6449365e-4,0.033012766,0.0034971642,0.0032832175,4.761368e-4,0.004738023,0.012681007,-0.67725819,NA,-0.498151,-0.90719497,-0.57012928,-0.39525175,10.555319,NA,10.583429,10.782592,10.696054,10.590247,0.15025207,NA,0.1115878,0.080730259,0.13207614,0.16655159,0.21248621,NA,0.19213134,0.26530233,0.24409325,0.1686859,0.063529849,NA,0.06601885,0.052483022,0.10833984,0.0548626,0.18750149,NA,0.22579494,0.177853,0.14873146,0.16050994,0.21752159,NA,0.099488653,0.2421754,0.13735141,0.18345097,0.61863923,0.84171069,NA,0.5155651,Town
4019980,Milburn,2018,40,OK,0,all,all,0,5.5,182,12,15.16666666666667,0,-0.4118365079358939,0.0689999231567434,0.0698159888369296,-0.3859808505969079,0.0409833563489587,0.0423179722643888,Milburn,Pre-Kindergarten,12,0,0,0,1,0,0,0,0,0,0,0,0,0,0,0,1,15,0.40000001,0,0.044444446,0.033333335,0.52222222,0.98342544,0.015813883,0.99923933,1,0,0.23423423,90,0,0,0,NA,-3.6097887e-9,1.162368e-8,1.8051139e-8,NA,0,0,0,NA,0,0,0,NA,-0.20589826,NA,NA,NA,NA,0.22084525,10.540682,NA,NA,NA,NA,10.501564,0.17626864,NA,NA,NA,NA,0.18860361,0.15795629,NA,NA,NA,NA,0.11877786,0.056535192,NA,NA,NA,NA,0.043880124,0.14469175,NA,NA,NA,NA,0.10578184,0.13566165,NA,NA,NA,NA,0.10754228,NA,NA,NA,NA,Rural
4020100,Minco,2018,40,OK,0,all,all,0,5.5,514,12,42.83333333333334,0,0.0223285151612517,0.0406711522949545,0.0420407603480381,0.0104533101899529,0.0304829223919173,0.0322549815764247,Minco,Pre-Kindergarten,12,0,0,0,1,0,0,0,0,0,0,0,0,0,0,1,0,46,0.014492754,0,0.11594203,0.0072463769,0.74275362,0.41634315,0.13788821,0.55423135,0.54863811,0.018032787,0.13114753,276,0,0,0,NA,1.5958941e-8,3.6631695e-9,-6.4007644e-9,1.1448739e-8,0,0,0,0,0,0,0,NA,0.54419369,NA,NA,NA,NA,0.71324396,10.856628,NA,NA,NA,NA,10.870644,0.19193533,NA,NA,NA,NA,0.19552955,0.10817144,NA,NA,NA,NA,0.097515456,0.049369644,NA,NA,NA,NA,0.036627155,0.081379808,NA,NA,NA,NA,0.074067995,0.12300267,NA,NA,NA,NA,0.11572891,NA,NA,NA,NA,Rural
4020550,Mounds,2018,40,OK,0,all,all,0,5.5,513,12,42.75,0,-0.2524753112045737,0.0452268608666424,0.0464623702095838,-0.2554740247491031,0.032295098477226,0.0339727635702126,Mounds,Pre-Kindergarten,12,0,0,0,1,0,0,0,0,0,0,0,0,0,1,0,0,44.5,0.27340823,0,0.048689138,0.02247191,0.60674155,0.73447281,0.10224009,0.83671296,1,0,0.19704433,267,0,0,0,NA,8.1546592e-9,-2.3266022e-9,-6.1211676e-9,NA,0,0,0,NA,0,0,0,NA,-0.33694032,NA,NA,NA,NA,-0.10221369,10.553988,NA,NA,NA,NA,10.570397,0.16371858,NA,NA,NA,NA,0.1656277,0.16634825,NA,NA,NA,NA,0.12489073,0.05831591,NA,NA,NA,NA,0.047577742,0.15456812,NA,NA,NA,NA,0.13704339,0.17356941,NA,NA,NA,NA,0.14642966,NA,NA,NA,NA,Rural
4021360,New Lima,2018,40,OK,0,all,all,0,5.5,257,12,21.41666666666667,0,-0.1518018853776737,0.059767141482118,0.060707446846209,-0.1613517799733352,0.0392792004924531,0.0406697783405587,New Lima,Pre-Kindergarten,12,0,0,0,1,0,0,0,0,0,0,0,0,0,0,1,0,23,0.20289855,0,0.021739131,0.043478262,0.45652175,0.79574466,0.089361705,0.88510638,0.88372093,0,0.17799352,138,0,0,0,NA,7.5026101e-9,1.2754444e-8,2.4853431e-8,-5.6736105e-9,0,0,0,0,0,0,0,NA,0.078003421,NA,NA,NA,NA,0.41125411,10.689857,NA,NA,NA,NA,10.713284,0.17214812,NA,NA,NA,NA,0.17813864,0.13075186,NA,NA,NA,NA,0.10314182,0.054937311,NA,NA,NA,NA,0.04489715,0.13564856,NA,NA,NA,NA,0.093852095,0.13610411,NA,NA,NA,NA,0.12171606,NA,NA,NA,NA,Rural
4023970,Piedmont,2018,40,OK,0,all,all,0,5.5,3691,12,307.5833333333333,0,0.3588834883756774,0.0160478353951511,0.0192565812778813,0.3498022509279961,0.0145064918075703,0.0179335881380985,Piedmont,Pre-Kindergarten,12,0,0,0,1,0,0,0,0,0,0,0,0,0,1,0,0,308.5,0.07725554,0.043760128,0.089141004,0.034575905999999997,0.69205832,0.14205034,0.054693896,0.19674423,0.18418202,0.032510236,0.20910904,1851,-0.0029614542,0.001000151,-0.002921452,-0.0056552836,0.0081774862,0.0032881987,0.0066817361,0.0026073726,0.0033957986,0.0022949409,0.005073911,0.0023936462,3.5407644e-5,0.0014742637,0.0023535688,-0.0018548617,1.7410407,NA,NA,NA,NA,1.7974812,11.385838,NA,NA,NA,NA,11.417248,0.43857101,NA,NA,NA,NA,0.45067543,0.039272495,NA,NA,NA,NA,0.041196931,0.021641305,NA,NA,NA,NA,0.017796051,0.011857411,NA,NA,NA,NA,0.0079550231,0.10404464,NA,NA,NA,NA,0.10599959,NA,NA,NA,NA,Rural
4024330,Pleasant Grove,2018,40,OK,0,all,all,0,5.5,226,12,18.83333333333333,0,-0.3863327444089426,0.0613992356213937,0.0623149182502329,-0.468914147734112,0.0371966028336393,0.0386621590357723,Pleasant Grove,Pre-Kindergarten,8,0,0,1,0,0,0,0,0,0,0,0,1,0,0,0,0,18.833334,0.38938054,0,0.079646021,0.03539823,0.26548672,0.68149203,0.077489734,0.75898176,1,0,0.10729614,113,0,0,0,NA,8.8498675e-9,-9.7532435e-9,-1.314244e-8,NA,0,0,0,NA,0,0,0,NA,0.49445531,NA,NA,NA,NA,0.88750815,11.06034,NA,NA,NA,NA,11.076912,0.30113992,NA,NA,NA,NA,0.31460971,0.12923807,NA,NA,NA,NA,0.099731192,0.053649273,NA,NA,NA,NA,0.04306569,0.11314796,NA,NA,NA,NA,0.085079774,0.13128637,NA,NA,NA,NA,0.09835317,NA,NA,NA,NA,Town
4024870,Poteau,2018,40,OK,0,all,all,0,5.5,2056,12,171.3333333333333,0,-0.0286897912012697,0.0221759625784704,0.0245978905177558,-0.0372564354346241,0.018895855540801,0.0216385913488532,Poteau,Pre-Kindergarten,12,0,0,1,0,0,0,0,0,0,0,0,1,0,0,0,0,171.16667,0.21226874,0.0077896789,0.18403116,0.010710808,0.54430377,0.52775967,0.09110219,0.61886179,0.80447471,0.077542372,0.16694915,1027,0,0,0,0,-9.4135082e-9,7.0521633e-9,-5.5484648e-9,-1.3812603e-8,0,0,0,0,0,0,0,0,-0.40498108,NA,NA,NA,-0.017723586,-0.1967454,10.622962,NA,NA,NA,10.939356,10.643585,0.22716098,NA,NA,NA,0.20497324,0.24683236,0.18985389,NA,NA,NA,0.18045482,0.15786751,0.051429752,NA,NA,NA,0.034864549,0.0467824,0.19991434,NA,NA,NA,0.1446501,0.17908895,0.20448674,NA,NA,NA,0.20131251,0.17575215,NA,NA,NA,0.090271913,Town
4026280,Roff,2018,40,OK,0,all,all,0,5.5,269,12,22.41666666666667,0,0.0556111070627897,0.0604476349372314,0.06137751600665,0.0446061376084606,0.0379467871758499,0.0393844377376787,Roff,Pre-Kindergarten,12,0,0,0,1,0,0,0,0,0,0,0,0,0,0,0,1,22.666666,0.28676471,0,0.022058824,0,0.66911763,0.61233479,0.066079296,0.67841411,0.73333335,0,0.19242902,136,NA,0,0,NA,NA,6.5184165e-9,-1.3251147e-8,3.6234136e-9,NA,0,0,0,NA,0,0,NA,-0.096404806,NA,NA,NA,NA,0.77076298,10.752268,NA,NA,NA,NA,10.819644,0.20295373,NA,NA,NA,NA,0.23431553,0.15264601,NA,NA,NA,NA,0.10822424,0.060326524,NA,NA,NA,NA,0.035258856,0.12683392,NA,NA,NA,NA,0.06639076,0.16076627,NA,NA,NA,NA,0.084751301,NA,NA,NA,NA,Rural
4027930,Snyder,2018,40,OK,0,all,all,0,5.5,373,12,31.08333333333333,0,-0.614981904792955,0.0549734899535105,0.0559943523876338,-0.5176871738100133,0.0371588255750445,0.0386258151637014,Snyder,Pre-Kindergarten,12,0,0,0,1,0,0,0,0,0,0,0,0,0,0,1,0,31.5,0.052910052,0,0.23280424,0.037037037,0.59788358,0.64021164,0.1058201,0.74603176,0.78074867,0.0066225166,0.23178808,189,0,0,0,NA,-2.9919438e-9,7.7908036e-9,6.3082934e-9,-1.2837778e-8,0,0,0,0,0,0,0,NA,-0.27369353,NA,NA,NA,NA,0.25705746,10.52875,NA,NA,NA,NA,10.66962,0.18332157,NA,NA,NA,NA,0.19856925,0.17476083,NA,NA,NA,NA,0.1227546,0.052334733,NA,NA,NA,NA,0.042083953,0.17548245,NA,NA,NA,NA,0.12954962,0.13882722,NA,NA,NA,NA,0.11577978,NA,NA,NA,NA,Rural
4027990,South Rock Creek,2018,40,OK,0,all,all,0,5.5,456,12,38,0,0.2227090946690237,0.0421665117131295,0.0434890516302123,0.2183326669002887,0.0306397728013539,0.03240325533434,South Rock Creek,Pre-Kindergarten,8,0,0,0,1,0,0,0,0,0,0,0,0,0,1,0,0,38.333332,0.27826086,0,0.017391304,0.026086956,0.55652171,0.2874693,0.066339068,0.35380837,0.32017544,0,0.12039312,230,0,0,0,NA,1.6039685e-8,-2.5178926e-8,1.2287585e-8,1.8368498e-9,0,0,0,0,0,0,0,NA,0.6281864,NA,NA,NA,0.38732231,0.66833305,10.868251,NA,NA,NA,10.454547,10.927446,0.24133961,NA,NA,NA,0.25629601,0.2445779,0.10139807,NA,NA,NA,0.072184861,0.10064998,0.045708027,NA,NA,NA,0.016918294,0.04447525,0.10388785,NA,NA,NA,0.13700774,0.076663665,0.120568,NA,NA,NA,0.07722877,0.12112059,NA,NA,NA,0.45052475,Rural
4029160,Sulphur,2018,40,OK,0,all,all,0,5.5,1357,12,113.0833333333333,0,0.0052097979273031,0.0275149380620046,0.029501774831317,0.0296132855696344,0.023005204836167,0.0253064167455182,Sulphur,Pre-Kindergarten,12,0,0,1,0,0,0,0,0,0,0,0,0,1,0,0,0,113.66666,0.2404692,0.008797654,0.098240472,0.0073313783,0.56891495,0.48973608,0.096774198,0.58651024,0.60088366,0.025099074,0.15389696,682,0,0,0,0,-2.6988674e-8,-8.3008809e-9,-1.471038e-8,1.4926307e-8,0,0,0,0,0,0,0,0,0.12287979,NA,NA,NA,-0.4414984,0.30599943,10.743463,NA,NA,NA,10.748976,10.74608,0.20742215,NA,NA,NA,0.10823081,0.23371898,0.15250732,NA,NA,NA,0.18211426,0.12979448,0.039928228,NA,NA,NA,0.024364874,0.041955847,0.13017552,NA,NA,NA,0.18697633,0.10148735,0.17300273,NA,NA,NA,0.22108363,0.14334783,NA,NA,NA,0.8949675,Town
4031770,Watonga,2018,40,OK,0,all,all,0,5.5,675,12,56.25,0,0.0469648074167843,0.0370629704155674,0.0385609475722136,0.0522144505691443,0.028219851472119,0.0301253264887254,Watonga,Pre-Kindergarten,12,0,0,1,0,0,0,0,0,0,0,0,0,1,0,0,0,57.333332,0.15116279,0.0029069767,0.18895349,0.031976745,0.48255813,0.68362528,0.087304972,0.77093023,0.77514791,0.052910052,0.15873016,344,0,0,0,0,-7.3907902e-9,5.6202376e-9,2.2612875e-8,3.9578425e-9,0,0,0,0,0,0,0,0,0.30430806,NA,NA,NA,NA,0.54297894,10.86167,NA,NA,NA,NA,10.867046,0.13619712,NA,NA,NA,NA,0.18570647,0.10789905,NA,NA,NA,NA,0.099637598,0.025494253,NA,NA,NA,NA,0.027262524,0.12394322,NA,NA,NA,NA,0.10004557,0.17624806,NA,NA,NA,NA,0.13940202,NA,NA,NA,NA,Town
4100019,Harrisburg SD 7J,2018,41,OR,0,all,all,0,5.5,461,8,57.625,0,-0.2323327317641093,0.052151686190396,0.0535505884452566,-0.2804534476704292,0.0306758287568118,0.0329492039807282,Harrisburg SD 7J,Kindergarten,12,0,0,1,0,0,0,0,0,0,0,1,0,0,0,0,0,61,0.0054644807,0.0054644807,0.12568305,0.0027322404,0.81420767,0.44933262,0.13807064,0.58740324,0.56193352,0.023310022,0.15384616,366,0,0,0,0,-2.0537794e-8,-8.35281e-9,-8.5248821e-9,-6.8118009e-9,0,0,0,0,0,0,0,0,-0.14181478,NA,NA,NA,NA,0.056150056,10.771061,NA,NA,NA,NA,10.742369,0.16771872,NA,NA,NA,NA,0.19870642,0.14089234,NA,NA,NA,NA,0.11476663,0.069615498,NA,NA,NA,NA,0.055830229,0.15602498,NA,NA,NA,NA,0.13183182,0.14545931,NA,NA,NA,NA,0.13218905,NA,NA,NA,NA,Town
4109270,Ontario SD 8C,2018,41,OR,0,all,all,0,5.5,2310,11,210,0,-0.3113476182456387,0.0224486741891315,0.0255305723238137,-0.3157272138871152,0.0190906178653577,0.022563139487392,Ontario SD 8C,Kindergarten,12,0,0,0.89473683,0.10526316,0,0,0,0,0,0,0,0.89473683,0,0.10526316,0,0,211.16667,0.0015785319,0.0015785319,0.67797947,0.0086819259,0.27624309,0.7315883,0.07043308,0.80202138,1,0.11524203,0.16540065,1267,0,0,0,0,0.20126258,0.030357843,0.022607282,NA,0.0602189,0.034853607,0.024450954,NA,0.012660275,0.0341972,7.2962046e-4,0.057259798,-1.2022884,NA,NA,-2.0848076,NA,-0.53707552,10.554579,NA,NA,10.441367,NA,10.597445,0.13004863,NA,NA,0.070987187,NA,0.16066515,0.2346645,NA,NA,0.31850383,NA,0.16401359,0.06859865,NA,NA,0.07009881,NA,0.053460065,0.3031998,NA,NA,0.40795833,NA,0.21374767,0.22774307,NA,NA,0.27837995,NA,0.16455775,NA,1.4871489,NA,NA,Town
4110530,Riddle SD 70,2018,41,OR,0,all,all,0,5.5,354,11,32.18181818181818,0,-0.3197711488807392,0.0579749545621779,0.0592364964090408,-0.4332445919131133,0.0335338828636953,0.0356253403206542,Riddle SD 70,Kindergarten,12,0,0,1,0,0,0,0,0,0,0,0,1,0,0,0,0,34.666668,0.028846154,0,0.081730768,0,0.82692307,0.5980745,0.12034876,0.71842325,0.70256412,0,0.18320611,208,NA,0,0,NA,NA,-2.1872495e-8,-1.0772119e-10,-8.9645535e-9,NA,0,0,0,NA,0,0,NA,-0.78032225,NA,NA,NA,NA,-0.45056331,10.700533,NA,NA,NA,NA,10.711143,0.072799869,NA,NA,NA,NA,0.082539827,0.17359009,NA,NA,NA,NA,0.13510424,0.070090979,NA,NA,NA,NA,0.053970277,0.21414629,NA,NA,NA,NA,0.17879479,0.14868373,NA,NA,NA,NA,0.12994315,NA,NA,NA,NA,Town
4111450,Silver Falls SD 4J,2018,41,OR,0,all,all,0,5.5,3189,11,289.9090909090909,0,0.0973436240034092,0.0195676060441205,0.0230381934324201,0.0989791666536949,0.0172742003086567,0.0210485526663946,Silver Falls SD 4J,Kindergarten,12,0,0,0.66488957,0.33511043,0,0,0,0,0,0,0.66488957,0,0,0.12135059,0.21375984,0,304.16666,0.0082191778,0.0065753423,0.1430137,0.010410959,0.79890412,0.34641877,0.089692011,0.43611079,0.37917146,0.047861915,0.1441803,1825,0.093150817,0.050564032,0.091927655,0.0067247003,0.1968945,0.088230588,0.036735486,0.058941372,0.04715728,0.053460419,0.043819029,0.071502209,0.050866861,0.054502051,0.071134225,0.016774753,0.60232252,NA,NA,-0.71385849,NA,0.65870148,11.052718,NA,NA,10.850668,NA,11.056981,0.27319658,NA,NA,0.040496934,NA,0.28345144,0.075207822,NA,NA,0.14293057,NA,0.072455727,0.061567463,NA,NA,0.046671771,NA,0.059972718,0.111228,NA,NA,0.21107687,NA,0.096864231,0.14688376,NA,NA,0.23484676,NA,0.13735291,NA,1.2505616,NA,NA,Town
4111940,Sutherlin SD 130,2018,41,OR,0,all,all,0,5.5,1119,11,101.7272727272727,0,-0.1412972569151518,0.0339975129907482,0.0361067589225036,-0.1376245154362185,0.0257641588965394,0.0284329994318665,Sutherlin SD 130,Kindergarten,12,0,0,1,0,0,0,0,0,0,0,0,0,1,0,0,0,101.83334,0.011456628,0.0081833061,0.11129297,0,0.81342059,0.5549345,0.1041162,0.65905076,0.60912055,0.016600791,0.16284585,611,NA,0,0,0,NA,5.7202971e-9,9.8486419e-9,-1.8631521e-9,NA,0,0,0,NA,0,0,0,-0.38381553,NA,NA,NA,NA,-0.18176693,10.658734,NA,NA,NA,NA,10.661689,0.16385378,NA,NA,NA,NA,0.16578352,0.15732345,NA,NA,NA,NA,0.13015765,0.049200471,NA,NA,NA,NA,0.049119711,0.21264702,NA,NA,NA,NA,0.17414582,0.19464342,NA,NA,NA,NA,0.15755092,NA,NA,NA,NA,Town
4202010,Abington Heights SD,2018,42,PA,0,all,all,0,5.5,3217,12,268.0833333333333,0,0.4439581907098845,0.018541140526786,0.0220220661900148,0.4428654978149275,0.0157413512335609,0.0196556854324024,Abington Heights SD,Kindergarten,12,0,0.28910655,0,0.71089345,0,0,0,0.28910655,0,0,0,0,0,0.71089345,0,0,268,0.0012437811,0.061567165,0.041044775,0.016169155,0.86567163,0.19791044,0.017266765,0.21517721,0.20434782,0.011872959,0.14099139,1608,6.1123073e-4,0.0099397451,0,0.0061258748,0.047144625,0.022620365,0.0092744101,0.0083192782,0.0064142919,0.0066591888,0.0090249572,0.0084976098,0.0050246366,0.0061325277,0,0.0041528936,1.3996829,NA,NA,NA,NA,1.3673729,11.172193,NA,NA,NA,NA,11.16594,0.46230164,NA,NA,NA,NA,0.45581463,0.049480293,NA,NA,NA,NA,0.051581524,0.033923578,NA,NA,NA,NA,0.035451196,0.045653332,NA,NA,NA,NA,0.046217833,0.1159489,NA,NA,NA,NA,0.11833269,NA,NA,NA,NA,Rural
4203240,Bellefonte Area SD,2018,42,PA,0,all,all,0,5.5,2373,12,197.75,0,0.2158876019204745,0.0220825891583815,0.0250766475267576,0.2320733876574123,0.0180463201648361,0.0215458929416025,Bellefonte Area SD,Kindergarten,12,0,0.082435943,0.69402152,0.22354251,0,0,0,0,0,0.082435943,0.69402152,0,0,0.085777946,0.13776457,0,205.5,0.00243309,0.0089213299,0.02108678,0.00486618,0.9351176,0.27616236,0.044193279,0.32035565,0.28739497,0.011882659,0.19123654,1233,0.083394833,0.010524173,-0.017361775,-0.042439785,0.081967987,0.06253203,0.035910696,0.0422334,0.0062006181,0.0099683236,0.04259323,0.048843913,0.0052472586,0.0094417548,1.9012112e-4,-0.011785598,0.9551574,NA,NA,NA,NA,1.0093064,10.945353,NA,NA,NA,NA,10.957407,0.27278206,NA,NA,NA,NA,0.29426253,0.051404066,NA,NA,NA,NA,0.048473723,0.027083302,NA,NA,NA,NA,0.02604961,0.084512077,NA,NA,NA,NA,0.082099058,0.11290723,NA,NA,NA,NA,0.11252417,NA,NA,NA,NA,Town
4203330,Bensalem Township SD,2018,42,PA,0,all,all,0,5.5,7230,12,602.5,0,-0.0429492487237004,0.0125574259532993,0.0172883328813383,-0.0376853744274496,0.0116282211081426,0.0165460375105063,Bensalem Township SD,Kindergarten,12,0,1,0,0,0,0,0,1,0,0,0,0,0,0,0,0,613.5,0.0013583265,0.15104592,0.18391742,0.1276827,0.50366747,0.39195728,0.038526822,0.43048412,0.55062068,0.091325395,0.21823891,3681,0.060073018,0.085170716,0.035456181,-0.0059168437,0.075480148,0.080569096,0.023229443,0.060727742,0.078424856,0.098999314,0.031094601,0.079215817,0.069488727,0.086304493,0.053202447,0.014025941,0.38346392,1.2093961,-0.95617205,-1.1098555,NA,0.60249072,10.970942,11.199005,10.727015,10.301967,NA,11.044828,0.2836051,0.54791963,0.27674577,0.091148265,NA,0.25715241,0.11054949,0.052861657,0.22204065,0.35527381,NA,0.069698147,0.0592122,0.04320915,0.087275222,0.053152412,NA,0.059214152,0.12151002,0.093675852,0.18374097,0.15440764,NA,0.10183006,0.17675877,0.082123384,0.39836597,0.21014036,NA,0.1538303,1.5710417,1.5990772,-0.52055603,NA,Suburb
4204320,Brookville Area SD,2018,42,PA,0,all,all,0,5.5,1375,12,114.5833333333333,0,0.2003120146799995,0.028402366289516,0.0307878534179829,0.1849962506122391,0.0210799163688685,0.0241437094349174,Brookville Area SD,Kindergarten,12,0,0,0.84579122,0.15420875,0,0,0,0,0,0,0,0,0.84579122,0.15420875,0,0,119,0,0.005602241,0.016806724,0.0042016809,0.96498597,0.41022471,0.070069022,0.48029372,0.41860464,0.0067340066,0.1952862,714,0,0,NA,0,3.167635e-9,2.3068431e-8,8.4002663e-9,-1.1666695e-8,0,0,0,0,0,0,NA,0,0.43191898,NA,NA,NA,NA,0.46034673,10.752141,NA,NA,NA,NA,10.757665,0.19211489,NA,NA,NA,NA,0.19306159,0.12231623,NA,NA,NA,NA,0.11820906,0.039201107,NA,NA,NA,NA,0.036875781,0.10827771,NA,NA,NA,NA,0.10625162,0.10717403,NA,NA,NA,NA,0.10588538,NA,NA,NA,NA,Town
4205910,Chichester SD,2018,42,PA,0,all,all,0,5.5,3008,12,250.6666666666667,0,-0.1223333093849627,0.0205786724755785,0.0237629810440631,-0.1264430265594462,0.0172289260418356,0.020866042358681,Chichester SD,Kindergarten,12,0,1,0,0,0,0,0,1,0,0,0,0,0,0,0,0,255.5,0.0013046315,0.026092628,0.078930199,0.22374429,0.59230268,0.5710429,0.056404643,0.62744755,0.68214995,0.020919915,0.30847365,1533,0.015638888,0.03348894,0.13937715,-0.064308375,0.013081944,0.019103432,0.020903565,0.093274593,0.015386879,0.01578203,0.028361937,0.085043259,0.01655527,0.020535624,0.029331282,-0.017163515,-0.023960132,1.8773451,-0.76024956,NA,NA,0.02333557,10.930116,11.809473,10.812538,NA,NA,10.947899,0.22327416,0.8011691,0.24826017,NA,NA,0.20109899,0.11095327,0.12254468,0.13416773,NA,NA,0.1046615,0.062742069,0.040124409,0.061460249,NA,NA,0.058731593,0.16224472,0.028827021,0.17328255,NA,NA,0.15789963,0.24233279,0.043989345,0.45720667,NA,NA,0.20927688,0.95343423,NA,-0.91682488,NA,Suburb
4207320,Danville Area SD,2018,42,PA,0,all,all,0,5.5,2143,12,178.5833333333333,0,0.469051893079117,0.0253892963912908,0.0280323719739907,0.4593728019841296,0.0197046259155049,0.0229527365172263,Danville Area SD,Kindergarten,12,0,0.77898866,0,0.22101134,0,0,0,0,0,0.77898866,0,0,0,0.22101134,0,0,179,0,0.038175046,0.033519555,0.023277467,0.8798883,0.28398511,0.02886406,0.31284916,0.31564245,0.0069747167,0.19572799,1074,0,0,NA,0,-2.4688033e-8,-1.3873586e-8,-3.7956172e-9,8.2200895e-9,0,0,0,0,0,0,NA,0,0.79427654,NA,NA,NA,NA,0.74591142,10.87341,NA,NA,NA,NA,10.841654,0.34816206,NA,NA,NA,NA,0.31694165,0.099803612,NA,NA,NA,NA,0.096468583,0.019759938,NA,NA,NA,NA,0.022622634,0.091657661,NA,NA,NA,NA,0.091117725,0.15249398,NA,NA,NA,NA,0.1437071,NA,NA,NA,NA,Suburb
4207590,Derry Township SD,2018,42,PA,0,all,all,0,5.5,3111,12,259.25,0,0.6698251274179329,0.0219240539945981,0.0249371540236936,0.6593303397745797,0.0178260590597599,0.0213617464820009,Derry Township SD,Kindergarten,12,0,1,0,0,0,0,0,1,0,0,0,0,0,0,0,0,261.5,0.0012746972,0.11217336,0.077756532,0.049075846,0.71956658,0.19797643,0.026996475,0.2249729,0.21722364,0.012400354,0.1192796,1569,0,0,0,0,-1.3690388e-8,7.1101791e-9,1.702935e-8,2.356521e-9,0,0,0,0,0,0,0,0,1.5077214,1.7432649,NA,0.66668576,NA,1.5637728,11.147733,11.362659,NA,11.269224,NA,11.138865,0.57123971,0.72212917,NA,0.386547,NA,0.56053931,0.070073105,0.083525069,NA,0.08070749,NA,0.061680987,0.026450472,0.043299947,NA,0.050059117,NA,0.019232426,0.039369844,0.026632274,NA,0.14779556,NA,0.036955792,0.11976321,0.079069883,NA,0.1885483,NA,0.1174924,NA,0.76421726,-0.28129196,NA,Suburb
4209360,Everett Area SD,2018,42,PA,0,all,all,0,5.5,1108,12,92.33333333333331,0,0.0024692303314012,0.0311590006952643,0.0333478759679061,0.0073524293596958,0.0222763821654721,0.0251950993953465,Everett Area SD,Kindergarten,12,0,0,0.5597434,0.44025663,0,0,0,0,0,0,0,0.5597434,0,0.37209302,0.068163596,0,93.833336,0,0,0.012433393,0.021314388,0.96092361,0.53225082,0.068261616,0.60051239,0.60649818,0.0024057738,0.18203689,563,0.0050167441,0.00483872,NA,NA,0.01785679,0.11192204,0.0019365988,0.0022671327,0.0022295308,0.036738824,0.002680352,0.0030908384,-0.0038124118,0.028440755,NA,NA,0.15739347,NA,NA,NA,NA,0.30028424,10.645082,NA,NA,NA,NA,10.679099,0.12740293,NA,NA,NA,NA,0.12729201,0.11973519,NA,NA,NA,NA,0.10911006,0.03432424,NA,NA,NA,NA,0.031405792,0.14390633,NA,NA,NA,NA,0.12740561,0.13475721,NA,NA,NA,NA,0.12082636,NA,NA,NA,NA,Rural
4212330,Jeannette City SD,2018,42,PA,0,all,all,0,5.5,851,11,77.36363636363636,0,-0.0570164662469506,0.0348290596606992,0.0368002840218919,-0.086317976756553,0.0236534135543645,0.0264204429170486,Jeannette City SD,Pre-Kindergarten,12,0,1,0,0,0,0,0,1,0,0,0,0,0,0,0,0,77.166664,0,0,0.015118791,0.14254859,0.66306698,0.62763345,0.059853323,0.68748677,0.64859003,0.0030303029,0.23535353,463,0,0,NA,NA,8.6278912e-10,6.7108887e-9,-5.5560796e-9,1.9747932e-9,0,0,0,0,0,0,NA,NA,-0.54388136,NA,NA,NA,NA,-0.20574766,10.531983,NA,NA,NA,NA,10.540158,0.18876119,NA,NA,NA,NA,0.20105629,0.16732049,NA,NA,NA,NA,0.12337252,0.062226474,NA,NA,NA,NA,0.04489379,0.17483681,NA,NA,NA,NA,0.15055393,0.23779948,NA,NA,NA,NA,0.20243974,NA,NA,NA,NA,Suburb
4212840,Kiski Area SD,2018,42,PA,0,all,all,0,5.5,3358,12,279.8333333333333,0,0.2567461500959631,0.0176242844051637,0.0212558911372227,0.2686484739399864,0.0152982931235676,0.0193026838458755,Kiski Area SD,Kindergarten,12,0,0.91758239,0,0.082417585,0,0,0,0.91758239,0,0,0,0,0,0.082417585,0,0,283.33334,0.0011764705,0.0047058822,0.012941176,0.065294117,0.91529411,0.44759601,0.047107037,0.49470305,0.47916666,0.0019230769,0.16840659,1700,0.049819466,0.020315284,0.11728796,-0.056075722,0.034252472,0.023038751,0.084888935,0.035336256,0.014733165,0.0029574255,0.10285002,0.046788052,0.0145264,0.0051154285,0.024297774,-0.020283569,0.3407912,NA,NA,NA,NA,0.4281131,10.833286,NA,NA,NA,NA,10.843012,0.22604211,NA,NA,NA,NA,0.22805469,0.10724185,NA,NA,NA,NA,0.10020737,0.041917909,NA,NA,NA,NA,0.040936109,0.13315335,NA,NA,NA,NA,0.12609467,0.16062587,NA,NA,NA,NA,0.14288981,NA,NA,NA,NA,Suburb
4214460,Line Mountain SD,2018,42,PA,0,all,all,0,5.5,1026,12,85.5,0,0.1845069219319398,0.0314302914584542,0.033601498901191,0.190190016386638,0.0221962648581719,0.0251242911305641,Line Mountain SD,Pre-Kindergarten,12,0,0,0.35204992,0.64795011,0,0,0,0,0,0,0,0.35204992,0,0,0.64795011,0,87.666664,0,0.0038022813,0.0038022813,0.0076045627,0.98098862,0.37570873,0.072517686,0.44822642,0.41325536,0,0.15151516,526,0,0,NA,0,9.4919521e-9,-4.0972403e-9,8.3476808e-9,5.8135168e-9,0,0,0,0,0,0,NA,0,0.65028489,NA,NA,NA,NA,0.67873764,10.874823,NA,NA,NA,NA,10.877148,0.12459498,NA,NA,NA,NA,0.12322532,0.10245548,NA,NA,NA,NA,0.099140048,0.039829113,NA,NA,NA,NA,0.037558686,0.054802712,NA,NA,NA,NA,0.053730711,0.106893,NA,NA,NA,NA,0.10260408,NA,NA,NA,NA,Rural
4215960,Moshannon Valley SD,2018,42,PA,0,all,all,0,5.5,819,12,68.25,0,-0.0422447672914174,0.0366256138970742,0.0385049750107817,-0.0488638507604059,0.0241859329394462,0.0268982375502674,Moshannon Valley SD,Kindergarten,12,0,0,0,1,0,0,0,0,0,0,0,0,0,1,0,0,69.666664,0,0.011961723,0.0047846888,0,0.95933014,0.47151068,0.042612471,0.51412314,0.55121952,0.0034443168,0.19058554,418,NA,0,NA,0,NA,1.7789906e-8,-1.8404984e-9,-1.1476841e-8,NA,0,0,0,NA,0,NA,0,-0.08891701,NA,NA,NA,NA,-0.024202878,10.625199,NA,NA,NA,NA,10.629067,0.090087801,NA,NA,NA,NA,0.10736331,0.13303986,NA,NA,NA,NA,0.12297648,0.050406672,NA,NA,NA,NA,0.046084564,0.1855499,NA,NA,NA,NA,0.18051259,0.10759582,NA,NA,NA,NA,0.10691002,NA,NA,NA,NA,Rural
4218150,Oley Valley SD,2018,42,PA,0,all,all,0,5.5,1464,12,122,0,0.2727290353051163,0.0284124183320768,0.0307971268582038,0.2511798440382596,0.0213014979300467,0.0243374124594833,Oley Valley SD,Kindergarten,12,0,0.34415185,0,0.65584815,0,0,0,0.34415185,0,0,0,0,0,0.65584815,0,0,124.66666,0,0.01604278,0.057486631,0.0013368984,0.907754,0.2829614,0.042271454,0.32523286,0.313779,0.0085731782,0.19779547,748,0,0,NA,0,-2.7598123e-8,-9.7704012e-10,1.4543951e-8,7.3044224e-9,0,0,0,0,0,0,NA,0,1.0733615,NA,NA,NA,NA,1.196144,11.122521,NA,NA,NA,NA,11.13273,0.25625575,NA,NA,NA,NA,0.25173083,0.067120552,NA,NA,NA,NA,0.046877664,0.04918275,NA,NA,NA,NA,0.048284564,0.041848544,NA,NA,NA,NA,0.033830848,0.0926641,NA,NA,NA,NA,0.075239971,NA,NA,NA,NA,Rural
4221810,Solanco SD,2018,42,PA,0,all,all,0,5.5,3205,12,267.0833333333333,0,0.0615266630608954,0.0199642210121066,0.023232899686944,0.066350796022067,0.0168403554717698,0.0205463720295043,Solanco SD,Kindergarten,12,0,0,0.22727273,0.77272725,0,0,0,0,0,0,0.22727273,0,0,0.43891141,0.33381587,0,271.5,6.1387353e-4,0.0061387355,0.074892573,0.014119091,0.88213629,0.3844046,0.043171566,0.42757618,0.42590287,0.01881876,0.18471338,1629,0.011238068,0.0096300095,-0.080114156,-0.0016909599,0.13355467,0.040155936,0.0063427002,0.0091369729,0.016198793,0.019872092,0.0084536457,0.012425261,0.012936421,0.01736684,-0.057464603,-1.9105524e-4,0.65913266,NA,NA,NA,NA,0.7996605,10.998615,NA,NA,NA,NA,11.006173,0.12927961,NA,NA,NA,NA,0.12820192,0.10102495,NA,NA,NA,NA,0.082274482,0.042352654000000003,NA,NA,NA,NA,0.041602448,0.071216136,NA,NA,NA,NA,0.054263622,0.10677823,NA,NA,NA,NA,0.092721805,NA,NA,NA,NA,Rural
4222560,Spring-Ford Area SD,2018,42,PA,0,all,all,0,5.5,7532,12,627.6666666666666,0,0.6250145721108444,0.011971376868206,0.0168674648766193,0.621079904807518,0.0110679240470508,0.0161571895412078,Spring-Ford Area SD,Pre-Kindergarten,12,0,1,0,0,0,0,0,1,0,0,0,0,0,0,0,0,629,5.299417e-4,0.082935877,0.045574985,0.036036037,0.77742445,0.15699585,0.013965788,0.17096165,0.1544586,0.016089598,0.20111999,3774,0.012322612,0.0088449093,0,-0.013351873,0.02343075,0.02085112,0.021400722,0.030253557,0.008275413,0.0097176256,0.02054262,0.029537989,0.010797883,0.01106377,0,2.3292378e-4,1.3393835,2.2615004,-0.40077174,1.5706714,NA,1.3329701,11.365912,11.596836,11.021518,11.405744,NA,11.348448,0.47446901,0.80853778,0.35539031,0.42536619,NA,0.45202723,0.057566918,0.042238411,0.2321398,0.1048433,NA,0.049474262,0.045745242,0.027949901,0.030259423,0.0026326457,NA,0.046902068,0.05823734,0.021154271,0.17848621,0.10752635,NA,0.054585129,0.1442159,0.067652874,0.36829078,0.056858175,NA,0.13896412,1.6285701,-0.11736176,-0.82281995,NA,Suburb
4222800,Steelton-Highspire SD,2018,42,PA,0,all,all,0,5.5,1303,11,118.4545454545455,0,-0.9906063050727348,0.0397385280307166,0.0414770794209455,-0.9866645486111224,0.025577327915295,0.0281559147328897,Steelton-Highspire SD,Kindergarten,12,0,1,0,0,0,0,0,1,0,0,0,0,0,0,0,0,118,0,0.0070621469,0.2641243,0.52259886,0.15960452,0.70451272,0.057056781,0.7615695,0.90327168,0.061709899,0.37613654,708,0,0,NA,0,2.389503e-9,-6.0738317e-9,-1.3013636e-8,-1.7995674e-8,0,0,0,0,0,0,NA,0,-1.0974368,NA,-2.3576128,NA,NA,-0.0068465378,10.569659,NA,10.295311,NA,NA,10.74953,0.132879,NA,0.10630424,NA,NA,0.15843669,0.20841326,NA,0.27719745,NA,NA,0.12536177,0.059617657,NA,0.070169412,NA,NA,0.048820082,0.23052517,NA,0.35439396,NA,NA,0.12069952,0.29584867,NA,0.46894935,NA,NA,0.16270165,2.2832923,NA,NA,NA,Suburb
4226010,Mifflinburg Area SD,2018,42,PA,0,all,all,0,5.5,1798,12,149.8333333333333,0,0.237050513908877,0.0236996787915245,0.0265117385711463,0.2286354334701133,0.0186393601571621,0.0220449898668071,Mifflinburg Area SD,Kindergarten,12,0,0,1,0,0,0,0,0,0,0,0,1,0,0,0,0,154.33333,0,0.005399568,0.01835853,0.019438446,0.94060475,0.31718606,0.086304322,0.40349039,0.4015573,0.0044977511,0.15792105,926,0,0,NA,0,6.2066103e-9,-8.7931191e-9,-1.6476196e-8,1.0240513e-8,0,0,0,0,0,0,NA,0,0.5374822,NA,NA,NA,NA,0.64114118,10.845393,NA,NA,NA,NA,10.849842,0.18966277,NA,NA,NA,NA,0.18931867,0.095948212,NA,NA,NA,NA,0.090957485,0.045681387,NA,NA,NA,NA,0.035853043,0.093386486,NA,NA,NA,NA,0.089997038,0.11878981,NA,NA,NA,NA,0.10890684,NA,NA,NA,NA,Town
4226040,Western Beaver County SD,2018,42,PA,0,all,all,0,5.5,624,12,52,0,0.3285649449620145,0.0391775888740564,0.0409399679680866,0.3014611782212348,0.0248356418787695,0.027483903265179,Western Beaver County SD,Pre-Kindergarten,12,0,0,0,1,0,0,0,0,0,0,0,0,0,1,0,0,52.666668,0,0,0.015822785,0.0094936704,0.94620252,0.35242239,0.053808745,0.40623114,0.47115386,0.0041208793,0.21565934,316,0,0,NA,NA,-2.2154811e-8,-1.4064947e-8,-2.6248085e-8,4.9190141e-9,0,0,0,0,0,0,NA,NA,0.55085397,NA,NA,NA,NA,0.57121176,10.941618,NA,NA,NA,NA,10.948915,0.21562175,NA,NA,NA,NA,0.21649149,0.083394229,NA,NA,NA,NA,0.080482848,0.052085258,NA,NA,NA,NA,0.048064943,0.093731441,NA,NA,NA,NA,0.092818625,0.15143377,NA,NA,NA,NA,0.14285825,NA,NA,NA,NA,Rural
4400330,East Providence,2018,44,RI,0,all,all,0,5.5,4766,12,397.1666666666667,0,-0.0746671808170629,0.0168686354236272,0.0190164789517946,-0.0783607143866896,0.0157401845059544,0.0179897022112036,East Providence,Pre-Kindergarten,12,0,1,0,0,0,0,0,1,0,0,0,0,0,0,0,0,401,0.017456358,0.017871987,0.066500418,0.11762261,0.68578553,0.44122109,0.08070033,0.5219214,0.53537047,0.038728323,0.17938343,2406,0.031083444,0.029572925,0.033871565,0.0074598589,0.030581972,0.035732225,0.034541462,0.03403163,0.023431525,0.018872259,0.046734642,0.045836493,0.024088914,0.022218004,0.028123451,0.0099899694,0.0553363,NA,-1.4221358,-0.83904028,NA,0.30398932,10.863174,NA,10.504123,10.5603,NA,10.900681,0.27263886,NA,0.21593016,0.1435488,NA,0.27612939,0.096430309,NA,0.1681082,0.18587558,NA,0.07725399,0.060513247,NA,0.11699066,0.031227035,NA,0.051717184,0.15308754,NA,0.20708533,0.22710532,NA,0.13172656,0.24844594,NA,0.43174472,0.19831754,NA,0.20553888,1.7477119,1.1641945,NA,NA,Suburb
4501500,Cherokee 01,2018,45,SC,0,all,all,0,5.5,7921,12,660.0833333333334,0,-0.3459450711203712,0.0128053328767725,0.017197496557631,-0.3481632843730015,0.0120810073101572,0.0165479039400457,Cherokee 01,Pre-Kindergarten,12,0,0,0.50508553,0.4949145,0,0,0,0,0,0,0.50508553,0,0,0.30099475,0.19391975,0,667,7.4962521e-4,0.0094952527,0.065967016,0.25912043,0.6464268,0.6505053,0.077910893,0.7284162,0.73831773,0.047949035,0.12171678,4002,0.07886479,0.090076573,0.028836271,-0.05258581,0.1937906,0.21720578,0.039349869,0.086228862,0.22447427,0.19711038,0.04818245,0.091210134,0.22955929,0.25309089,0.066427015,0.11318559,-0.70113951,NA,-2.2736766,-0.40379462,NA,-0.25403699,10.396203999999999,NA,10.084271,10.365097,NA,10.553547,0.13786796,NA,0.094626531,0.15785335,NA,0.15019673,0.20212163,NA,0.29554018,0.33001444,NA,0.15906081,0.061667304,NA,0.088551745,0.027601672,NA,0.052833974,0.18030824,NA,0.28068441,0.14492562,NA,0.15380174,0.22245489,NA,0.49398381,0.04464981,NA,0.17461266,2.0180776,0.48757133,NA,NA,Rural
4503660,Spartanburg 07,2018,45,SC,0,all,all,0,5.5,7301,12,608.4166666666666,0,-0.342044811871735,0.0147860961755156,0.0187191340044452,-0.3416031969494299,0.0136370846583749,0.0177158817212295,Spartanburg 07,Pre-Kindergarten,12,0.94609642,0.05390358,0,0,0,0,0.94609642,0,0.05390358,0,0,0,0,0,0,0,614.5,0.0040683481,0.029292107,0.016273392,0.54190397,0.36506644,0.6352095,0.054116126,0.68932563,0.72476059,0.05837246,0.12429804,3687,0.20067045,0.19634168,0.12755288,0.12675755,0.18473221,0.18419002,0.18302785,0.21214381,0.23286736,0.06866648,0.2237587,0.23227018,0.22613417,0.21338479,0.11861069,0.12298415,-0.71247047,0.29822713,-2.6442134,-0.79528534,NA,0.76297617,10.507168,10.676971,10.173139,10.664651,NA,10.77159,0.29694393,0.27138743,0.11051753,0.19865951,NA,0.42758894,0.18595827,0.076714627,0.30069157,0.27890232,NA,0.092150949,0.0739237,0.070867091,0.1099146,0.0017262723,NA,0.043202452,0.1903314,0.045704074,0.34113774,0.23965406,NA,0.085258581,0.3086971,0.10582826,0.55766529,0.14163916,NA,0.13550533,3.3657732,1.3863007,0.22700408,NA,City
4503900,York 04,2018,45,SC,0,all,all,0,5.5,14296,12,1191.333333333333,0,0.5292283980967976,0.0095866997046289,0.0149560071206025,0.5303387978046039,0.0092612245612119,0.0146168624387761,York 04,Pre-Kindergarten,12,0,0.58164012,0,0.41835988,0,0,0,0.58164012,0,0,0,0,0,0.41835988,0,0,1174,0.0026973311,0.054514479,0.088727996,0.10051107,0.70670074,0.13335066,0.030725891,0.16407655,0.21130702,0.05800483,0.15694137,7044,0.034577575,0.031566441,0.0071082762,0.018666973,0.039267976,0.05849677,0.055251628,0.038709123,0.028085714,0.048980404,0.041038416,0.039211605,0.032332741,0.046043478,0.0060162172,0.022450268,1.4147052,1.9946991,-0.47866428,0.53312033,NA,1.6535082,11.328281,11.349759,10.833381,11.000898,NA,11.402958,0.48267034,0.61778432,0.33792523,0.29858169,NA,0.50349432,0.053049769,0.031415086,0.14181808,0.15416774,NA,0.035980403,0.042153183,0.026814139,0.067500755,0.039854314,NA,0.039114676,0.040778186,0.019735027,0.16949727,0.035872273,NA,0.026737034,0.14178017,0.066603646,0.41189548,0.19872686,NA,0.11446514,2.0569012,1.0023079,-0.38624012,NA,Suburb
4604270,Avon School District 04-1,2018,46,SD,0,all,all,0,5.5,232,12,19.33333333333333,0,0.2802868259140706,0.0587335023423439,0.059439199123805,0.2945875197131884,0.0452691885619362,0.0461705742885975,Avon School District 04-1,Pre-Kindergarten,12,0,0,0,1,0,0,0,0,0,0,0,0,0,0,0,1,19.666666,0.050847456,0,0.025423728,0,0.88983053,0.22382851,0.16585957,0.38968807,0.40517241,0,0.16666667,118,NA,0,0,NA,NA,2.7764806e-8,1.6362769e-8,-1.4431238e-10,NA,0,0,0,NA,0,0,NA,1.0051739,NA,NA,NA,NA,1.2502046,10.895689,NA,NA,NA,NA,10.895977,0.23749816,NA,NA,NA,NA,0.24430029,0.082242608,NA,NA,NA,NA,0.074140206,0.046248749,NA,NA,NA,NA,0.028164335,0.060573511,NA,NA,NA,NA,0.049268547,0.04727526,NA,NA,NA,NA,0.031179752,NA,NA,NA,NA,Rural
4619170,Doland School District 56-2,2018,46,SD,0,all,all,0,5.5,174,12,14.5,0,0.1143634379098349,0.0622916197773947,0.0629574458628424,0.1652152736677101,0.0467253220663339,0.0475991409511285,Doland School District 56-2,Pre-Kindergarten,12,0,0,0,1,0,0,0,0,0,0,0,0,0,0,0,1,15.5,0,0,0.043010753,0.021505376,0.93548387,0.52876163,0.076909199,0.60567087,0.63636363,0.14444445,0.16666667,93,-0.13181816,-0.13906924,NA,NA,0.1563514,0.12997803,0.16902466,0.3448534,0.060210623,0.048141185,0.21454056,0.3312377,0.067765564,0.053177815,NA,NA,0.73782122000000006,NA,NA,NA,NA,0.8803407,10.902775,NA,NA,NA,NA,10.948974,0.26219416,NA,NA,NA,NA,0.27362871,0.12809107,NA,NA,NA,NA,0.10400294,0.032465767,NA,NA,NA,NA,0.034202911,0.073409028,NA,NA,NA,NA,0.059070177,0.12940997,NA,NA,NA,NA,0.11608639,NA,NA,NA,NA,Rural
4624390,Flandreau School District 50-3,2018,46,SD,0,all,all,0,5.5,649,12,54.08333333333334,0,-0.0064753171453376,0.0393291358703137,0.0403754259839673,-0.0090664364146079,0.0340567883184042,0.0352460966299442,Flandreau School District 50-3,Kindergarten,12,0,0,0,1,0,0,0,0,0,0,0,0,0,0,0.030090271,0.96990973,55.166668,0.32024169,0.012084592,0.075528704,0.0090634441,0.54078549,0.19458818,0.113837,0.30842519,0.46864685,0.096288867,0.13440321,331,0,0,0,0,0.029020082,0.041959859,0.003104294,1.6962556e-9,0.0045136767,0.01869888,0.0033006787,0,0.055848736,0.058342408,0.058342408,0.037354976,0.043377053,NA,NA,NA,-1.387419,0.44943562,10.771221,NA,NA,NA,10.54524,10.792744,0.20164958,NA,NA,NA,0.12229171,0.21844807,0.17160064,NA,NA,NA,0.27873936,0.12441037,0.056273066,NA,NA,NA,0.15696718,0.040646475,0.10302445,NA,NA,NA,0.19003986,0.079471678,0.1589684,NA,NA,NA,0.26609579,0.13076489,NA,NA,NA,1.7661279,Rural
4647942,Miller 29-4,2018,46,SD,0,all,all,0,5.5,472,12,39.33333333333334,0,0.1236033667814321,0.0429097387939794,0.0438707166393343,0.1533641070346463,0.0358393138250427,0.0369713255447065,Miller 29-4,Kindergarten,12,0,0,0,1,0,0,0,0,0,0,0,0,0,0,0,1,39.666668,0,0.0042016809,0.012605042,0.0042016809,0.95378149,0.17056353,0.065453023,0.23601657,0.20434782,0.023758098,0.14038877,238,0,0,NA,0,0.007250329,0.0051893797,0.043472853,1.4023064e-8,0.0010405828,6.0766033e-4,0.057002552,0,0.0010405835,6.0766004e-4,NA,0,0.88183498,NA,NA,NA,NA,0.90609705,10.742576,NA,NA,NA,NA,10.743903,0.23413716,NA,NA,NA,NA,0.22978133,0.09872701,NA,NA,NA,NA,0.088192165,0.0087599549,NA,NA,NA,NA,0.010925406,0.044045202,NA,NA,NA,NA,0.044812288,0.12049958,NA,NA,NA,NA,0.11497848,NA,NA,NA,NA,Rural
4676680,Waubay School District 18-3,2018,46,SD,0,all,all,0,5.5,160,12,13.33333333333333,0,-0.1401307835692616,0.0891414601293858,0.0896080019254982,-0.3580038517074005,0.0547732493486247,0.0555205488201385,Waubay School District 18-3,Pre-Kindergarten,12,0,0,0,1,0,0,0,0,0,0,0,0,0,0,0,1,33,0.82828283,0,0,0,0.17171717,0.805462,0.069210626,0.87467265,0.71249998,0.0084033618,0.19607843,198,NA,NA,0,NA,NA,NA,0.43690661,4.534443e-9,NA,NA,0.35553288,0,NA,NA,0.27993685,NA,-0.84558886,NA,NA,NA,NA,0.86094004,10.54655,NA,NA,NA,NA,10.713633,0.17194852,NA,NA,NA,NA,0.20158549,0.18444367,NA,NA,NA,NA,0.095439181,0.055605087,NA,NA,NA,NA,0.041015197,0.17183845,NA,NA,NA,NA,0.056978177,0.24281268,NA,NA,NA,NA,0.037809469,NA,NA,NA,NA,Rural
4700300,Blount County,2018,47,TN,0,all,all,0,5.5,8939,11,812.6363636363636,0,-0.0553552805000046,0.0116319590205903,0.0160617814600018,-0.0549471743845826,0.0109191010363046,0.0155095158100344,Blount County,Pre-Kindergarten,12,0,0.35227484,0,0.64772516,0,0,0,0.35227484,0,0,0,0,0,0.63565457,0.012070566,0,826.66669,0.002016129,0.0044354838,0.058064517,0.015524194,0.89314514,0.43725151,0.080161877,0.51741338,0.26859251,0.015784588,0.1277623,4960,0.026378192,0.029585125,-0.012028496,0.0070539392,0.097332604,0.079300076,0.023339059,0.019883323,0.017344344,0.03818186,0.031691324,0.022799982,0.044376928,0.043498717,-0.025151541,0.0065713036,0.3507655,NA,-0.63538283,-0.42079994,NA,0.39554805,10.799364,NA,10.395138,10.350494,NA,10.822232,0.20732179,NA,0.21930498,0.12233295,NA,0.20732073,0.11408781,NA,0.10715273,0.19438349,NA,0.10932831,0.05219968,NA,0.069098331,0.051521819,NA,0.051203232,0.11394252,NA,0.13714293,0.15672691,NA,0.1112145,0.12898482,NA,0.34357747,0.14220273,NA,0.12508307,1.2267866,0.88764966,NA,NA,Rural
4702340,Lawrence County,2018,47,TN,0,all,all,0,5.5,5491,11,499.1818181818182,0,-6.182812762955e-4,0.0134952370955484,0.017458515895609,0.0027886437000957,0.0123663308725143,0.0165603276679291,Lawrence County,Pre-Kindergarten,12,0,0,0.38030803,0.61969197,0,0,0,0,0,0,0,0.38030803,0,0.14193177,0.4777602,0,507,0.0013149244,0.0039447732,0.034516767,0.026627218,0.92340565,0.49321258,0.11295081,0.60616338,0.37208527,0.0050381459,0.11415,3042,0.095945112,0.098829769,0.053394414,0.036099296,0.17350289,0.13567372,0.03297184,0.033115994,0.052501332,0.048485782,0.043165449,0.043582056,0.082728215,0.074416764,0.029010288,0.046498157,-0.62108499,NA,NA,NA,NA,-0.57281977,10.541983,NA,NA,NA,NA,10.54584,0.12513579,NA,NA,NA,NA,0.12444827,0.1868328,NA,NA,NA,NA,0.17705117,0.084532917,NA,NA,NA,NA,0.078963332,0.18439136,NA,NA,NA,NA,0.18001951,0.17522214,NA,NA,NA,NA,0.16444963,NA,NA,NA,NA,Rural
4702580,Madison County,2018,47,TN,0,all,all,0,5.5,8189,9,909.8888888888888,0,-0.5156266060230884,0.0128988411465971,0.0170017192053425,-0.5115093441044647,0.0120061489788086,0.0162931251306196,Madison County,Pre-Kindergarten,12,0.66866624,0,0,0.33133376,0,0,0.66866624,0,0,0,0,0,0,0.33133376,0,0,960.83331,6.9384213e-4,0.013529922,0.084301822,0.57779706,0.29193407,0.70411682,0.064330801,0.76844764,0.45608172,0.034787454,0.14750835,5765,0.18696713,0.069555663,0.026437342,0.025117273,0.27314788,0.15374321,0.081115112,0.10095616,0.31294087,0.16130781,0.09365312,0.13214763,0.29114842,0.18489589,-0.12813976,0.16948755,-0.35266414,1.1340863,-2.0861564,-0.80751503,NA,0.70953935,10.647927,11.318106,10.29123,10.272092,NA,10.846701,0.25902569,0.60907286,0.16211115,0.15257649,NA,0.31016377,0.19233376,0.15115726,0.29383183,0.37774587,NA,0.1110587,0.053369623,0.0058686798,0.092235789,0.030705107,NA,0.031625748,0.17011604,0.026897397,0.3024739,0.14475517,NA,0.08961945,0.24823116,0.10323516,0.47672203,0.15080497,NA,0.12078134,2.7762463,1.4016285,-0.28638887,NA,City
4703030,Montgomery County,2018,47,TN,0,all,all,0,5.5,29204,11,2654.909090909091,0,0.159546374609022,0.0063729127641547,0.0127785903022083,0.1576092118923653,0.0062132896345965,0.0126460777043344,Montgomery County,Pre-Kindergarten,12,0.58933443,0.038259521,0,0.37240607,0,0.58933443,0,0,0.038259521,0,0,0,0,0.37240607,0,0,2686.1667,0.0025438978,0.014146553,0.12502326,0.23099832,0.53049576,0.43469161,0.084726781,0.51941842,0.3005257,0.019574638,0.13710858,16117,0.054505251,0.027580224,0.046393868,-0.054241132,0.10963136,0.070577025,0.056684814,0.065492503,0.12088195,0.065718099,0.075265095,0.079347432,0.1264891,0.10379783,0.084818602,0.020871466,0.11322732,0.18382838,-0.76404893,-0.29857153,0.0029261429,0.47789311,10.840028,10.481456,10.731283,10.770194,10.773338,10.920485,0.27254331,0.34797949,0.23997897,0.20321506,0.32219073,0.283656,0.13668421,0.13925059,0.17744476,0.18333773,0.16261679,0.11240897,0.070246913,0.065142408,0.083619244,0.062068198,0.054677211,0.064646564,0.12327869,0.032402851,0.21657132,0.14730641,0.13862267,0.093513682,0.19507661,0.13577292999999999,0.33275571,0.23929325,0.20143825,0.14127816,1.2472105,0.79550058,0.20645095,0.5651415,City
4704550,Wilson County,2018,47,TN,0,all,all,0,5.5,14029,11,1275.363636363636,0,0.2763123085986265,0.0089406416353103,0.0142342342914261,0.2777126015374994,0.0085976714903499,0.0139727688121093,Wilson County,Pre-Kindergarten,12,0,0.4487642,0.14796588,0.40326992,0,0,0,0.4487642,0,0,0.14796588,0,0,0.30139983,0.10187008,0,1292.5,7.7369437e-4,0.025918761,0.058542874,0.065506123,0.82811087,0.24346082,0.046884302,0.2903451,0.13601883,0.023950132,0.13473316,7755,-0.0075956881,-8.3004934e-4,-0.025272427,-0.017178454,0.034526087,0.036668729,0.037133664,0.037756395,0.016739028,0.019841773,0.042881615,0.032010823,0.020443173,0.023771325,0.017318929,0.025667585,1.1464657,NA,-0.057022605,0.68126851,NA,1.196061,11.178513,NA,11.025703,10.851305,NA,11.180438,0.32973972,NA,0.37439641,0.30592799,NA,0.32062167,0.063566513,NA,0.13558474,0.12132043,NA,0.058420144,0.035488166,NA,0.071319744,0.046942975,NA,0.033713076,0.062004656,NA,0.17456645,0.0095772482,NA,0.056933418,0.11510158,NA,0.29538944,0.15982293,NA,0.10646553,1.24435,0.52596593,NA,NA,Rural
4809810,Bellville ISD,2018,48,TX,0,all,all,0,5.5,1353,8,169.125,0,-0.0426035353998637,0.0303853810264808,0.032610522852131,-0.0529723760253832,0.023340829975809,0.0261326261562807,Bellville ISD,Pre-Kindergarten,12,0,0,0.93365765,0.066342324,0,0,0,0,0,0,0,0.93365765,0,0,0,0.066342324,170.66667,0.00390625,0.00390625,0.31152344,0.0859375,0.56933594,0.43223134,0.064061336,0.49629268,0.50687623,0.085802741,0.097744361,1024,0.0077543459,0.0083364844,0.023860971,-0.0046720952,0.010730647,0.010134079,8.5204054e-4,0.0053658951,0.0073175658,0.011908296,0.0011686865,0.0073005836,0.014940237,0.013592998,0.039518695,0.0056793243,0.57870066,NA,NA,-0.4614619,NA,1.1007591,10.956411,NA,NA,10.770597,NA,11.062377,0.28368834,NA,NA,0.108396,NA,0.33853906,0.10712142,NA,NA,0.26228964,NA,0.047173329,0.065104336,NA,NA,0.028300656,NA,0.058076609,0.082733251,NA,NA,0.13329093,NA,0.047271952,0.12332531,NA,NA,0.22072481,NA,0.074680842,NA,1.2974827,NA,NA,Town
4811040,Boys Ranch ISD,2018,48,TX,0,all,all,0,5.5,112,8,14,0,-0.0070605487360677,0.1126020614501494,0.1132227850893457,-0.1685565338043996,0.0434426481168203,0.0450042607012511,Boys Ranch ISD,Kindergarten,12,0,0,0,1,0,0,0,0,0,0,0,0,0,0,0,1,16,0,0,0.1875,0.072916664,0.64583331,0.6991657,0.06765537,0.76682109,0.73863637,0.0099667776,0.17607974,96,0,0,NA,NA,-9.3707486e-9,2.9855614e-9,7.9039149e-9,-3.7429659e-9,0,0,0,0,0,0,NA,NA,NA,NA,NA,NA,NA,NA,NA,NA,NA,NA,NA,NA,NA,NA,NA,NA,NA,NA,NA,NA,NA,NA,NA,NA,NA,NA,NA,NA,NA,NA,NA,NA,NA,NA,NA,NA,NA,NA,NA,NA,NA,NA,NA,NA,NA,NA,Rural
4811250,Bremond ISD,2018,48,TX,0,all,all,0,5.5,271,8,33.875,0,-0.0816026335893331,0.0571768138704248,0.0583897496564092,-0.0736216300759365,0.033505613995216,0.0355069848770733,Bremond ISD,Pre-Kindergarten,12,0,0,0,1,0,0,0,0,0,0,0,0,0,0,0,1,35.333332,0,0.0094339624,0.16509435,0.099056602,0.7028302,0.51128918,0.073497728,0.58478689,0.55238098,0.035502959,0.10650887,212,0,0,NA,0,-6.8707067e-9,9.779602e-9,-1.3877465e-8,1.2237622e-8,0,0,0,0,0,0,NA,0,-0.15258975,NA,NA,NA,NA,0.52210021,10.70358,NA,NA,NA,NA,10.945173,0.17682032,NA,NA,NA,NA,0.18820202,0.15055257,NA,NA,NA,NA,0.11027542,0.05931535,NA,NA,NA,NA,0.04810093,0.12426809,NA,NA,NA,NA,0.06416519,0.17090753,NA,NA,NA,NA,0.098325647,NA,NA,NA,NA,Rural
4811520,Brookeland ISD,2018,48,TX,0,all,all,0,5.5,259,8,32.375,0,0.0316871293499723,0.0624731272866091,0.0635851118858323,-0.0456455252897748,0.0331628153582689,0.0351836912269156,Brookeland ISD,Pre-Kindergarten,12,0,0,0,1,0,0,0,0,0,0,0,0,0,0,0,1,34.333332,0,0.004854369,0.043689322,0.048543688,0.84951454,0.53631169,0.070285566,0.60659724,0.5970149,0,0.11678832,206,0,0,NA,0,-1.0143266e-8,2.6493925e-9,2.6946423e-9,-6.1949262e-10,0,0,0,0,0,0,NA,0,-3.0637541e-4,NA,NA,NA,NA,0.53142542,10.710405,NA,NA,NA,NA,10.873872,0.1589932,NA,NA,NA,NA,0.16456917,0.15297846,NA,NA,NA,NA,0.10543146,0.05668195,NA,NA,NA,NA,0.042945847,0.12612449,NA,NA,NA,NA,0.091829568,0.11942584,NA,NA,NA,NA,0.11740892,NA,NA,NA,NA,Rural
4814010,Christoval ISD,2018,48,TX,0,all,all,0,5.5,327,8,40.875,0,0.0056243183235496,0.0518221966128618,0.0531574536856972,0.052435580380027,0.0321166032564611,0.0341993568740294,Christoval ISD,Pre-Kindergarten,12,0,0,0,1,0,0,0,0,0,0,0,0,0,0.015238095,0.98476189,0,40.333332,0.016528925,0,0.22727273,0,0.72314048,0.23013201,0.053522628,0.28365466,0.28278688,0.0057153744,0.076204993,242,NA,-0.008547008,0,NA,NA,0.01695136,4.619848e-4,0.013953234,NA,0.016372226,4.936083e-4,0.015873017,NA,0.016515268,0.0029048671,NA,1.3501159,NA,NA,NA,NA,1.3905406,11.124936,NA,NA,NA,NA,11.129302,0.25359264,NA,NA,NA,NA,0.27316856,0.039170541,NA,NA,NA,NA,0.044397723,0.0093431957,NA,NA,NA,NA,0.01447986,0.080411106,NA,NA,NA,NA,0.06799379,0.062209357,NA,NA,NA,NA,0.079002723,NA,NA,NA,NA,Rural
4814250,Claude ISD,2018,48,TX,0,all,all,0,5.5,175,8,21.875,0,-0.0174511265169693,0.0726254491545677,0.073584174150884,0.0686365493481477,0.0365381557907059,0.0383817226613162,Claude ISD,Pre-Kindergarten,12,0,0,0,1,0,0,0,0,0,0,0,0,0,0,1,0,27,0.024691358,0,0.098765433,0.012345679,0.83333331,0.4414992,0.082602806,0.52410203,0.4326241,0.018817205,0.10215054,162,0,0,0,NA,3.0250053e-8,1.5632072e-8,1.1507756e-8,-2.1150799e-9,0,0,0,0,0,0,0,NA,1.0990317,NA,NA,NA,NA,1.1174167,11.014759,NA,NA,NA,NA,11.00582,0.22565976,NA,NA,NA,NA,0.24337094,0.087256625,NA,NA,NA,NA,0.08829055,0.022637853,NA,NA,NA,NA,0.027565114,0.029521387,NA,NA,NA,NA,0.022853555,0.11732244,NA,NA,NA,NA,0.1123014,NA,NA,NA,NA,Rural
4814670,Columbia-Brazoria ISD,2018,48,TX,0,all,all,0,5.5,1845,8,230.625,0,-0.2805314748207843,0.0258135761987001,0.0283992171851802,-0.286599744212209,0.0207983574227831,0.0238891497829064,Columbia-Brazoria ISD,Pre-Kindergarten,12,0,0,0.73246175,0.26753828,0,0,0,0,0,0,0.18303572,0.54942602,0,0.26753828,0,0,240.33333,0.0062413313,0.0013869626,0.28432733,0.098474339,0.57766992,0.58652753,0.085787915,0.67231542,0.61785716,0.052965757,0.090297043,1442,-0.0063810446,0.0035230815,-0.042081989,-0.014800772,0.020764483,0.013060013,0.0021174632,0.023105387,0.013962173,0.015308633,0.0028967578,0.02998922,0.020171916,0.016680619,0.028110135,0.039493099,0.30750442,NA,-1.1533742,0.044803973,NA,0.59265447,11.006038,NA,10.678968,11.01433,NA,11.056556,0.14981036,NA,0.15463439,0.038224906,NA,0.1733636,0.10932369,NA,0.10606344,0.19062486,NA,0.085656248,0.075792708,NA,0.11822952,0.061882142,NA,0.060323071,0.091228195,NA,0.20524168,0.085194632,NA,0.079379417,0.14358437,NA,0.38799182,0.14756446,NA,0.11731931,1.7483765,0.62033337,NA,NA,Town
4815930,Crystal City ISD,2018,48,TX,0,all,all,0,5.5,1154,8,144.25,0,-0.5435682427552295,0.0343778509564458,0.0363594754768072,-0.5655969684984509,0.0258269575142014,0.0283751923395184,Crystal City ISD,Pre-Kindergarten,12,0,0,1,0,0,0,0,0,0,0,0,0,1,0,0,0,145.5,0.0011454754,0.0022909509,0.98396337,0.0022909509,0.010309278,0.82461423,0.081632875,0.90624714,0.82214367,0.028948706,0.10512951,873,0,0,0,NA,2.8570353e-8,-4.1397623e-9,-1.6707352e-8,4.9895088e-9,0,0,0,0,0,0,0,NA,-1.5196018,NA,NA,-1.7052448,NA,NA,10.368124,NA,NA,10.314924,NA,NA,0.093694612,NA,NA,0.09632168,NA,NA,0.27936605,NA,NA,0.31592816,NA,NA,0.050893642,NA,NA,0.049821775,NA,NA,0.27764872,NA,NA,0.32177374,NA,NA,0.245334,NA,NA,0.27126813,NA,NA,NA,NA,NA,NA,Town
4816950,Devine ISD,2018,48,TX,0,all,all,0,5.5,1205,8,150.625,0,-0.174218759969725,0.0293648834370963,0.0316618255923311,-0.1619557977307211,0.0223556664022953,0.0252565956960754,Devine ISD,Pre-Kindergarten,12,0,0,0.47041273,0.52958727,0,0,0,0,0,0,0,0.47041273,0,0.52958727,0,0,150.16667,0,0.001109878,0.64705884,0.0033296337,0.33740288,0.56629235,0.084630311,0.6509226,0.56718063,0.035803083,0.11934361,901,0,0,NA,0,-2.6101082e-8,5.2375824e-9,-8.1424059e-9,-4.6072395e-9,0,0,0,0,0,0,NA,0,0.077437572,NA,NA,-0.1008684,NA,0.26179641,10.811346,NA,NA,10.913867,NA,10.761565,0.15314555,NA,NA,0.086499147,NA,0.21490508,0.13139783,NA,NA,0.14499733,NA,0.1143683,0.051737439,NA,NA,0.042677268,NA,0.050883707,0.12986468,NA,NA,0.17131315,NA,0.096644349,0.17403197,NA,NA,0.18203361,NA,0.13852872,NA,0.54130352,NA,NA,Town
4818890,Ezzell ISD,2018,48,TX,0,all,all,0,5.5,75,8,9.375,0,0.2869119613089793,0.1095457355437446,0.1101836784482392,0.2574035105116683,0.041237973837332,0.0428799520997025,Ezzell ISD,Pre-Kindergarten,8,0,0,0,1,0,0,0,0,0,0,0,0,0,0,0,1,9.833333,0,0,0.033898305,0.016949153,0.91525424,0.38570344,0.066026665,0.45173007,0.45454547,0,0.048543688,59,0,0,NA,NA,1.5670755e-8,1.5670755e-8,-2.589162e-8,2.3152109e-9,0,0,0,0,0,0,NA,NA,0.66385072,NA,NA,NA,NA,0.88324577,10.962835,NA,NA,NA,NA,10.913592,0.28127578,NA,NA,NA,NA,0.25801688,0.095297381,NA,NA,NA,NA,0.09100356,0.057509132,NA,NA,NA,NA,0.041636556,0.047788627,NA,NA,NA,NA,0.058755483,0.090560317,NA,NA,NA,NA,0.10984892,NA,NA,NA,NA,Rural
4819820,Freer ISD,2018,48,TX,0,all,all,0,5.5,450,8,56.25,0,-0.4201423340688759,0.0508803298708008,0.0522396668091063,-0.433031304221717,0.031770675007606,0.0338747043721893,Freer ISD,Pre-Kindergarten,12,0,0,0,1,0,0,0,0,0,0,0,0,0,0,0,1,58,0,0.0057471264,0.90229887,0.0028735632,0.080459774,0.67679429,0.06635616,0.74315047,0.67912775,0.040892195,0.14993805,348,0,0,NA,0,3.9169215e-8,-3.4750975e-8,8.0770963e-9,9.5898955e-10,0,0,0,0,0,0,NA,0,-0.68603158,NA,NA,-1.0777019,NA,0.69660306,10.67555,NA,NA,10.639895,NA,10.735908,0.080839492,NA,NA,0.062766798,NA,0.1398828,0.15381965,NA,NA,0.17981414,NA,0.096859835,0.068713859,NA,NA,0.077871509,NA,0.043267097,0.162251,NA,NA,0.20027521,NA,0.077547938,0.22045718,NA,NA,0.27438846,NA,0.072191089,NA,1.3713826,NA,NA,Rural
4820460,Gary ISD,2018,48,TX,0,all,all,0,5.5,300,8,37.5,0,0.0103493148901694,0.049673703441479,0.0510651704604708,0.0224576651082084,0.0310414950505201,0.0331917794165327,Gary ISD,Pre-Kindergarten,12,0,0,0,1,0,0,0,0,0,0,0,0,0,0,1,0,37.5,0.0044444446,0,0.079999998,0,0.89333332,0.37692833,0.072139159,0.44906747,0.5045045,0.031847134,0.10828026,225,NA,0,0,NA,NA,1.9313505e-8,8.707965e-9,9.1083177e-9,NA,0,0,0,NA,0,0,NA,0.081938796,NA,NA,NA,NA,0.12951538,10.770227,NA,NA,NA,NA,10.776881,0.15701626,NA,NA,NA,NA,0.16545345,0.17017294,NA,NA,NA,NA,0.13967615,0.039198875,NA,NA,NA,NA,0.038183063,0.10677358,NA,NA,NA,NA,0.10305724,0.16512512,NA,NA,NA,NA,0.14454161,NA,NA,NA,NA,Rural
4820500,Gatesville ISD,2018,48,TX,0,all,all,0,5.5,1678,8,209.75,0,-0.2644776062821576,0.0288857036657186,0.0312179226859932,-0.2562614389119675,0.0222028040262721,0.0251213915317871,Gatesville ISD,Pre-Kindergarten,12,0,0,1,0,0,0,0,0,0,0,0,1,0,0,0,0,211.5,0.0070921984,0.0070921984,0.22301024,0.02679275,0.69109535,0.52629822,0.096549422,0.62284768,0.5145784,0.036944047,0.11298422,1269,0,0,0,0,1.3782782e-8,6.8164816e-9,1.170421e-8,-7.7447373e-9,0,0,0,0,0,0,0,0,-0.16865896,NA,NA,-0.32203221,NA,-0.025551075,10.70892,NA,NA,10.448288,NA,10.780287,0.11039545,NA,NA,0.052045368,NA,0.14691976,0.13392827,NA,NA,0.15338844,NA,0.11283682,0.066297561,NA,NA,0.053218938,NA,0.062655538,0.13189456,NA,NA,0.048539497,NA,0.13125773,0.1870576,NA,NA,0.20138203,NA,0.16237764,NA,0.62247443,NA,NA,Town
4821330,Graford ISD,2018,48,TX,0,all,all,0,5.5,216,8,27,0,-0.3832074210986512,0.0649956644802334,0.0660652043196115,-0.3379071685513131,0.0355538911486767,0.0374459474666652,Graford ISD,Pre-Kindergarten,12,0,0,0,1,0,0,0,0,0,0,0,0,0,0,0,1,25.666666,0,0.0064935065,0.14285715,0,0.84415585,0.58502853,0.074661247,0.65968978,0.62091506,0.03125,0.065340906,154,NA,0,NA,0,NA,1.0620672e-8,-6.1509637e-9,5.6670819e-9,NA,0,0,0,NA,0,NA,0,0.7491712,NA,NA,NA,NA,0.78245997,10.8475,NA,NA,NA,NA,10.882101,0.19188525,NA,NA,NA,NA,0.19144472,0.13287643,NA,NA,NA,NA,0.10925598,0.03656758,NA,NA,NA,NA,0.038417347,0.039164729,NA,NA,NA,NA,0.042451628,0.085728683,NA,NA,NA,NA,0.09418983,NA,NA,NA,NA,Rural
4822140,Hallsburg ISD,2018,48,TX,0,all,all,0,5.5,129,6,21.5,0,0.0507488007622562,0.1060149255745807,0.1066739858876044,-0.0056517825069043,0.0370160161187831,0.0388369058392956,Hallsburg ISD,Pre-Kindergarten,6,0,0,0,1,0,0,0,0,0,0,0,0,0,0,1,0,21.5,0,0,0.15116279,0.034883723,0.80232561,0.49250144,0.10297346,0.5954749,0.54651165,0.034883723,0.08139535,86,0,0,NA,NA,1.3627194000000001e-08,-1.922109e-8,-2.6500599e-8,7.0735107e-9,0,0,0,0,0,0,NA,NA,0.80112612,NA,NA,NA,NA,0.91006529,11.093162,NA,NA,NA,NA,11.107955,0.17558128,NA,NA,NA,NA,0.17881332,0.091834798,NA,NA,NA,NA,0.058687821,0.052550703,NA,NA,NA,NA,0.046385057,0.065750919,NA,NA,NA,NA,0.053352401,0.10450115,NA,NA,NA,NA,0.11084498,NA,NA,NA,NA,Rural
4822260,Hamlin Collegiate ISD,2018,48,TX,0,all,all,0,5.5,198,7,28.28571428571428,0,-0.1659061451218115,0.07164698645369,0.0726186304501825,-0.1486206673198694,0.0364264441332337,0.0382753920692643,Hamlin Collegiate ISD,Pre-Kindergarten,12,0,0,0,1,0,0,0,0,0,0,0,0,0,0,0,1,28.166666,0,0.01183432,0.40828404,0.023668639000000002,0.50887573,0.59781319,0.081131093,0.67894429,0.65497077,0.050377835,0.12594458,169,0,0,NA,0,1.1124839e-8,-1.2974954e-11,-1.5913422e-8,1.8688665e-8,0,0,0,0,0,0,NA,0,-0.27910227,NA,NA,NA,NA,0.16544183,10.794763,NA,NA,NA,NA,10.902144,0.13750814,NA,NA,NA,NA,0.16376364,0.15461847,NA,NA,NA,NA,0.10987169,0.065603063,NA,NA,NA,NA,0.051057626,0.14531484,NA,NA,NA,NA,0.099648297,0.10210622,NA,NA,NA,NA,0.093213484,NA,NA,NA,NA,Rural
4823460,Honey Grove ISD,2018,48,TX,0,all,all,0,5.5,376,8,47,0,-0.2504913751178749,0.0567411904341885,0.0579632427703436,-0.2532178347196011,0.0331164284201465,0.0351399720712892,Honey Grove ISD,Pre-Kindergarten,12,0,0,0,1,0,0,0,0,0,0,0,0,0,0,0,1,48.666668,0.0034246575,0,0.21232876,0.078767121,0.65068495,0.68291384,0.083698615,0.76661247,0.70383275,0.06935484,0.12419355,292,0,0,0,NA,5.9592713e-9,7.4481212e-9,1.3502468e-8,-2.2527511e-9,0,0,0,0,0,0,0,NA,-0.025123278,NA,NA,NA,NA,0.2242393,10.587331,NA,NA,NA,NA,10.637822,0.2321142,NA,NA,NA,NA,0.25386,0.14920954,NA,NA,NA,NA,0.11806158,0.044250481,NA,NA,NA,NA,0.039037567,0.1304787,NA,NA,NA,NA,0.10215081,0.1965421,NA,NA,NA,NA,0.16561726,NA,NA,NA,NA,Rural
4825110,Karnack ISD,2018,48,TX,0,all,all,0,5.5,92,7,13.14285714285714,0,-0.5089314105188328,0.1161404833482152,0.1167423945827821,-0.4421118267786071,0.0419702635654213,0.0435846627796434,Karnack ISD,Pre-Kindergarten,8,0,0,0,1,0,0,0,0,0,0,0,0,0,0,1,0,13,0,0,0.12820514,0.51282054,0.24358974,0.8711744,0.057312518,0.92848694,1,0.027027028,0.020270269,78,0,0,NA,NA,-2.4001306e-8,4.8430948e-9,-1.1656417e-8,NA,0,0,0,NA,0,0,NA,NA,0.87661624,NA,NA,NA,NA,0.90126491,10.784924,NA,NA,NA,NA,10.907664,0.25276834,NA,NA,NA,NA,0.24373935,0.075275518,NA,NA,NA,NA,0.07247936,0.041785397,NA,NA,NA,NA,0.044862416,0.054104481,NA,NA,NA,NA,0.046038356,0.093516,NA,NA,NA,NA,0.10304825,NA,NA,NA,NA,Rural
4827630,Lipan ISD,2018,48,TX,0,all,all,0,5.5,255,8,31.875,0,0.0058703295524062,0.0604552733463092,0.061603692226537,0.0198211932281397,0.0339612788522352,0.0359372824117737,Lipan ISD,Pre-Kindergarten,12,0,0,0,1,0,0,0,0,0,0,0,0,0,0,0,1,30.833334,0,0,0.10810811,0,0.87567568,0.47218353,0.096588098,0.5687716,0.47894737,0.030769231,0.079487182,185,NA,0,NA,NA,NA,6.7582411e-9,1.5924723e-8,-2.5639659e-9,NA,0,0,0,NA,0,NA,NA,0.99577296,NA,NA,NA,NA,1.0329456,11.051265,NA,NA,NA,NA,11.155092,0.24004456,NA,NA,NA,NA,0.22299327,0.086478412,NA,NA,NA,NA,0.087218516,0.043594647,NA,NA,NA,NA,0.041764025,0.073121928,NA,NA,NA,NA,0.061567008,0.082799651,NA,NA,NA,NA,0.091235146,NA,NA,NA,NA,Rural
4830030,Medina ISD,2018,48,TX,0,all,all,0,5.5,159,8,19.875,0,-0.1660328472080318,0.0750140178491826,0.075942594730773,-0.1442787462899487,0.038187052018593,0.0399546085919388,Medina ISD,Pre-Kindergarten,12,0,0,0,1,0,0,0,0,0,0,0,0,0,0,0,1,21.666666,0,0,0.26153848,0.023076924,0.69999999,0.54212248,0.080441527,0.62256402,0.61206895,0.01242236,0.083850935,130,0,0,NA,NA,3.9270354e-8,-2.1892321e-8,-1.6207352e-8,1.5551036e-8,0,0,0,0,0,0,NA,NA,0.2437517,NA,NA,NA,NA,0.4022896,10.710577,NA,NA,NA,NA,10.725025,0.20542029,NA,NA,NA,NA,0.21576889,0.12948756,NA,NA,NA,NA,0.093610071,0.018960867,NA,NA,NA,NA,0.013455,0.11597229,NA,NA,NA,NA,0.1076309,0.18228309,NA,NA,NA,NA,0.14875101,NA,NA,NA,NA,Rural
4830690,Milano ISD,2018,48,TX,0,all,all,0,5.5,253,8,31.625,0,-0.1439684755148086,0.0649943047587571,0.0660638666113264,-0.1070952026475656,0.0363380067803906,0.0381912364638279,Milano ISD,Pre-Kindergarten,12,0,0,0,1,0,0,0,0,0,0,0,0,0,0,1,0,31.833334,0.0052356021,0.010471204,0.25130889,0.041884817,0.67015707,0.55098373,0.11178255,0.66276634,0.55319148,0.052980132,0.092715234,191,0,0,0,0,1.4360493e-8,-5.3773785e-9,1.0493665e-8,2.6077003e-9,0,0,0,0,0,0,0,0,0.33117148,NA,NA,NA,NA,0.42443362,10.766322,NA,NA,NA,NA,10.797134,0.15858342,NA,NA,NA,NA,0.17521779,0.13197583,NA,NA,NA,NA,0.11775899,0.052304309,NA,NA,NA,NA,0.043472208,0.078788288,NA,NA,NA,NA,0.079561844,0.12632899,NA,NA,NA,NA,0.12061521,NA,NA,NA,NA,Rural
4832280,Nederland ISD,2018,48,TX,0,all,all,0,5.5,3144,8,393,0,-0.0300127261457403,0.0199336694170809,0.0231846068975604,-0.0212573510566091,0.0168606282807666,0.020552386525328,Nederland ISD,Pre-Kindergarten,12,0,1,0,0,0,0,0,0,1,0,0,0,0,0,0,0,400.16666,0.0070803831,0.062473968,0.27613494,0.099958353,0.53810912,0.37725079,0.06876035,0.44601113,0.42246902,0.073650815,0.10611654,2401,0.066369042,0.035947334,0.10099139,0.050208177,0.14203408,0.038683012,0.066411734,0.025384596,0.13361152,0.049844783,0.085424751,0.034273252,0.10410444,0.051240701,0.14222334,0.090218402,0.87343216,NA,NA,0.32343796,NA,1.0126255,11.0776,NA,NA,10.774981,NA,11.148489,0.25260776,NA,NA,0.25397956,NA,0.2429748,0.075524658,NA,NA,0.11501437,NA,0.055106804,0.034376625,NA,NA,0.033927441,NA,0.034729216,0.080793686,NA,NA,0.15599835,NA,0.061400324,0.13580173,NA,NA,0.13893028,NA,0.13444768000000001,NA,0.70340335,NA,NA,Suburb
4832430,New Deal ISD,2018,48,TX,0,all,all,0,5.5,491,8,61.375,0,-0.2117403408492754,0.0440593108211689,0.0456223376275407,-0.2297512625195144,0.0291029343065121,0.0313863121617284,New Deal ISD,Pre-Kindergarten,12,0,0,0,1,0,0,0,0,0,0,0,0,0,1,0,0,61.833332,0,0,0.47708896,0.024258761,0.46091643,0.56117779,0.10201247,0.66319025,0.64088398,0.021276595,0.067819148,371,0,0,NA,NA,2.0035429e-8,-9.1105106e-9,-2.6373652e-9,-3.0857614e-10,0,0,0,0,0,0,NA,NA,-0.19393055,NA,NA,-0.51789057,NA,0.24209373,10.763596,NA,NA,10.796076,NA,10.725199,0.14605448,NA,NA,0.047903582,NA,0.20379627,0.14193933,NA,NA,0.19126154,NA,0.10763168,0.054301057,NA,NA,0.061711613,NA,0.039545786,0.17958264,NA,NA,0.18320449,NA,0.12365365,0.15689169,NA,NA,0.091299742,NA,0.13041909,NA,0.86770624,NA,NA,Rural
4833870,Overton ISD,2018,48,TX,0,all,all,0,5.5,315,8,39.375,0,-0.3068048508060349,0.0568559931162763,0.0580756297753455,-0.2790631777710255,0.0333746312625843,0.0353834116186917,Overton ISD,Pre-Kindergarten,12,0,0,0,1,0,0,0,0,0,0,0,0,0,0,1,0,40,0.016666668,0.0041666669,0.095833331,0.095833331,0.74583334,0.59460402,0.074931748,0.66953582,0.61410791,0.0057142857,0.10095238,240,0,0,0,0,3.2844769e-9,-1.3120743e-8,1.1503004e-8,-4.1535868e-9,0,0,0,0,0,0,0,0,-0.2440334,NA,NA,NA,NA,0.11032523,10.803556,NA,NA,NA,NA,10.948375,0.10700455,NA,NA,NA,NA,0.14084895,0.15464695,NA,NA,NA,NA,0.11171723,0.059253953,NA,NA,NA,NA,0.050816543,0.14746144,NA,NA,NA,NA,0.12318392,0.17685682,NA,NA,NA,NA,0.13912287,NA,NA,NA,NA,Rural
4835250,Point Isabel ISD,2018,48,TX,0,all,all,0,5.5,1383,8,172.875,0,-0.2479362221330016,0.0272600582253444,0.0297201210464241,-0.2294335588878538,0.0206079633064896,0.023723573877178,Point Isabel ISD,Pre-Kindergarten,12,0,0,0.79357231,0.20642769,0,0,0,0,0,0,0,0.79357231,0,0.20642769,0,0,175.16667,9.5147477e-4,0.0047573741,0.90770692,0.0038058991,0.080875359,0.54026055,0.031257175,0.57151771,0.8677606,0.34033787,0.089410797,1051,0.014716387,0.0029728413,0.033986926,0.0062196553,0.14115161,0.012328139,0.001775443,0.003139294,0.05091146,0.0070211468,0.0023585113,0.0022283029,0.0045245439,0.0074117682,0.038304389,-0.0050515532,-0.15978341,NA,NA,-1.1444647,NA,1.0922489,10.449303,NA,NA,10.123426,NA,10.833661,0.22032049,NA,NA,0.11440837,NA,0.34308141,0.23343663,NA,NA,0.32960102,NA,0.099463657,0.028895319,NA,NA,0.025338937,NA,0.03784607,0.11334476,NA,NA,0.20215286,NA,0.021017306,0.16361332,NA,NA,0.22875595,NA,0.069060542,NA,2.049017,NA,NA,Town
4836180,Quanah ISD,2018,48,TX,0,all,all,0,5.5,340,8,42.5,0,-0.2400695962789013,0.0538941073815803,0.0551792500041659,-0.1580770606614978,0.0326003596391942,0.0346540510542288,Quanah ISD,Pre-Kindergarten,12,0,0,0,1,0,0,0,0,0,0,0,0,0,0,0,1,42.166668,0,0.0079051387,0.30434781,0.043478262,0.60474306,0.64608037,0.1046159,0.75069624,0.77131784,0.020715632,0.12617703,253,0,0,NA,0,-3.7384345e-9,9.239316e-9,-1.7905911e-8,6.8131807e-9,0,0,0,0,0,0,NA,0,-0.26275486,NA,NA,NA,NA,0.36482942,10.560093,NA,NA,NA,NA,10.728957,0.14562117,NA,NA,NA,NA,0.17509152,0.13164394,NA,NA,NA,NA,0.076949395,0.067751065,NA,NA,NA,NA,0.051487528,0.1015589,NA,NA,NA,NA,0.073058367,0.16284473,NA,NA,NA,NA,0.11287866,NA,NA,NA,NA,Rural
4836480,Ranger ISD,2018,48,TX,0,all,all,0,5.5,201,8,25.125,0,-0.6408954357831667,0.0782543086817767,0.0791448775842615,-0.6133337536000706,0.0379791714814558,0.0397559715298485,Ranger ISD,Pre-Kindergarten,12,0,0,0,1,0,0,0,0,0,0,0,0,0,0,0,1,23.666666,0.014084507,0.0070422534,0.21126761,0.02112676,0.73943663,0.66965795,0.085819669,0.75547761,0.7315436,0.017492712,0.14577259,142,0,0,0,0,8.3650038e-9,3.3992187e-10,-6.1305241e-9,9.546536e-9,0,0,0,0,0,0,0,0,-0.51846039,NA,NA,NA,NA,-0.17530398,10.301003,NA,NA,NA,NA,10.496806,0.1129871,NA,NA,NA,NA,0.13468695,0.16372845,NA,NA,NA,NA,0.13426842,0.047372643,NA,NA,NA,NA,0.038830794,0.17917158,NA,NA,NA,NA,0.15419653,0.17248015,NA,NA,NA,NA,0.1404734,NA,NA,NA,NA,Rural
4838430,Sabinal ISD,2018,48,TX,0,all,all,0,5.5,220,8,27.5,0,-0.4878073844140292,0.0767703871883108,0.077677970941626,-0.5509808463600132,0.0379428704176217,0.0397212943066151,Sabinal ISD,Pre-Kindergarten,12,0,0,0,1,0,0,0,0,0,0,0,0,0,0,0,1,32.666668,0.0051020407,0,0.80612242,0,0.18367347,0.63145465,0.1114939,0.74294853,0.62711865,0.072494671,0.10874201,196,NA,0,0,NA,NA,2.2627876e-8,-1.3763328e-8,2.1136897e-9,NA,0,0,0,NA,0,0,NA,-0.37833631,NA,NA,-0.90250039,NA,0.44998986,10.45063,NA,NA,10.418226,NA,10.637505,0.14437841,NA,NA,0.074193172,NA,0.22968456,0.15423401,NA,NA,0.18095486,NA,0.10849057,0.059560365999999997,NA,NA,0.065146051,NA,0.020545986,0.15115669,NA,NA,0.14094925,NA,0.11715013,0.15796658,NA,NA,0.21375135,NA,0.10148092,NA,1.1636752,NA,NA,Rural
4839540,Schulenburg ISD,2018,48,TX,0,all,all,0,5.5,417,8,52.125,0,-0.2777063920756995,0.0536112317060688,0.0549029961441699,-0.26136747549166,0.0323254936396296,0.0343956006621492,Schulenburg ISD,Pre-Kindergarten,12,0,0,1,0,0,0,0,0,0,0,0,0,1,0,0,0,53.333332,0.0062500001,0.0093750004,0.41249999,0.15000001,0.39687499,0.54756808,0.078098267,0.62566632,0.66144198,0.08026316,0.125,320,0,0,0,0,6.4173311e-9,8.5535259e-9,-1.2867603e-8,-5.7397642e-9,0,0,0,0,0,0,0,0,0.60580844,NA,NA,-0.26541927,NA,0.91870576,10.856691,NA,NA,10.5347,NA,10.935917,0.16869751,NA,NA,0.00811549,NA,0.21232824,0.11743924,NA,NA,0.068775319,NA,0.1152669,0.032425661,NA,NA,0.010728296,NA,0.037700471,0.078546815,NA,NA,0.1593225,NA,0.02656907,0.12102266,NA,NA,0.20139638,NA,0.075552702,NA,1.0562786,NA,NA,Town
4839870,Shallowater ISD,2018,48,TX,0,all,all,0,5.5,993,8,124.125,0,0.367729292800384,0.0313432314169113,0.0335048201938019,0.3778850115924393,0.0240683779735085,0.026784447430178,Shallowater ISD,Pre-Kindergarten,12,0,0,0.73102611,0.26897389,0,0,0,0,0,0,0.72981179,0,0.001214329,0.26897389,0,0,126.66666,0.0039473684,0.0013157895,0.30921054,0.0078947367,0.66447371,0.43608156,0.073622771,0.50970435,0.39021164,0.024344163,0.072423883,760,0,0,0,0,-1.3556248e-8,-2.8252722e-9,1.5816569e-8,-1.5316388e-8,0,0,0,0,0,0,0,0,0.47566843,NA,NA,-1.0138447,NA,1.2192492,10.91436,NA,NA,10.379786,NA,11.185347,0.26306447,NA,NA,0.032256693,NA,0.34518871,0.11648794,NA,NA,0.21176909,NA,0.060492273,0.038612402999999997,NA,NA,0.054576088,NA,0.031713136,0.125992,NA,NA,0.20817317,NA,0.085150085,0.15550961,NA,NA,0.20662405,NA,0.10621496,NA,1.8297956,NA,NA,Town
4840110,Shiner ISD,2018,48,TX,0,all,all,0,5.5,372,8,46.5,0,0.4269567193065133,0.0521584437024729,0.0534853070480947,0.4172655370224417,0.0325147200948388,0.0345734989364688,Shiner ISD,Pre-Kindergarten,12,0,0,0,1,0,0,0,0,0,0,0,0,0,0,1,0,45.666668,0.00729927,0.00729927,0.16423358,0.05109489,0.7518248,0.36754501,0.074743681,0.44228873,0.38686132,0.018292682,0.12195122,274,0,0,0,0,-1.2278999e-8,2.3222273e-9,1.1143488e-8,-1.4956766e-8,0,0,0,0,0,0,0,0,0.90525186,NA,NA,NA,NA,1.1599391,10.901818,NA,NA,NA,NA,10.932564,0.23403451,NA,NA,NA,NA,0.25100166,0.096743666,NA,NA,NA,NA,0.064853735,0.026374007,NA,NA,NA,NA,0.031607248,0.050823331,NA,NA,NA,NA,0.025216086,0.11330459,NA,NA,NA,NA,0.079045787,NA,NA,NA,NA,Rural
4843350,Tuloso-Midway ISD,2018,48,TX,0,all,all,0,5.5,2384,8,298,0,-0.1623238585716355,0.0214018535582752,0.0244584168803869,-0.1735879275430242,0.0177043966201596,0.0212500697774906,Tuloso-Midway ISD,Pre-Kindergarten,12,0.99459875,0,0,0.0054012346,0.99459875,0,0,0,0,0,0,0,0,0.0054012346,0,0,298.66666,0.0011160715,0.0027901786,0.80970985,0.010602678,0.16685268,0.56774443,0.099212416,0.66695684,0.69093943,0.059927985,0.091820985,1792,0,0,0,0,6.5203896e-9,1.6355761e-8,-1.8421492e-8,4.5607456e-9,0,0,0,0,0,0,0,0,-0.10878748,NA,NA,-0.49247095,NA,0.5441162,10.909072,NA,NA,10.83544,NA,10.996766,0.15828821,NA,NA,0.14018911,NA,0.19903757,0.14272296,NA,NA,0.1562691,NA,0.11209533000000001,0.045741517,NA,NA,0.053723782,NA,0.03237753,0.15667358,NA,NA,0.20416322,NA,0.076150171,0.24531521,NA,NA,0.27025717,NA,0.158691,NA,1.0190486,NA,NA,City
4843400,Turkey-Quitaque ISD,2018,48,TX,0,all,all,0,5.5,130,8,16.25,0,0.40160023258863,0.0888548294900145,0.0896401447135405,0.2992125776759052,0.0406574625721602,0.0423219691020031,Turkey-Quitaque ISD,Pre-Kindergarten,12,0,0,0,1,0,0,0,0,0,0,0,0,0,0,0,1,14.333333,0,0,0.29069766,0.023255814,0.66279072000000006,0.5862748,0.10308999,0.68936479,0.54838711,0.05472637,0.079601988,86,0,0,NA,NA,-4.4112971e-9,5.5891971000000004e-09,-5.0489901e-9,-1.1498427e-8,0,0,0,0,0,0,NA,NA,-0.012914042,NA,NA,NA,NA,0.54574829,10.480469,NA,NA,NA,NA,10.698956,0.21431156,NA,NA,NA,NA,0.27246836,0.14787224,NA,NA,NA,NA,0.10517351,0.05273011,NA,NA,NA,NA,0.044881444,0.14352775,NA,NA,NA,NA,0.082414322,0.097536802,NA,NA,NA,NA,0.089687005,NA,NA,NA,NA,Rural
4843560,Union Hill ISD,2018,48,TX,0,all,all,0,5.5,198,8,24.75,0,-0.4020420167022671,0.0647534342441053,0.065826909899908,-0.2770650726502158,0.0354965526734207,0.0373915105011984,Union Hill ISD,Pre-Kindergarten,12,0,0,0,1,0,0,0,0,0,0,0,0,0,0,1,0,25.5,0.013071896,0.0065359478,0.11111111,0.071895428,0.73202616,0.5505091,0.096702702,0.64721185,0.60389608,0.018617021,0.047872342,153,0,0,0,0,4.6595354e-9,-2.0587827e-8,-9.6276107e-9,3.7388723e-9,0,0,0,0,0,0,0,0,0.33980626,NA,NA,NA,NA,0.39487219,10.67062,NA,NA,NA,NA,10.733393,0.1421839,NA,NA,NA,NA,0.15157691,0.13432686,NA,NA,NA,NA,0.1044784,0.05193178,NA,NA,NA,NA,0.047565043,0.10233452,NA,NA,NA,NA,0.092627212,0.064729497,NA,NA,NA,NA,0.095032342,NA,NA,NA,NA,Rural
4843650,United ISD,2018,48,TX,0,all,all,0,5.5,25807,8,3225.875,0,0.023359766862197,0.0065020986562147,0.0135074833888511,0.0210757854442699,0.0063462606590912,0.0133564527557817,United ISD,Pre-Kindergarten,12,0.8514536,0,0.015473582,0.13307281,0.8514536,0,0,0,0,0,0.015473582,0,0,0.13307281,0,0,3271.8333,3.0563903e-4,0.0033110897,0.98680657,0.0013753757,0.0074881567,0.74755639,0.080016442,0.82757282,0.75908273,0.45594993,0.11914771,19631,0.017975202,0.11330673,0.126017,-0.13074556,0.41893187,0.15121895,0.102531,0.17646861,0.33767271,0.023049202,0.11714039,0.1958064,0.022995928,0.024768433,-0.0025178641,0.010877122,-0.52917928,1.1832684,NA,-0.63691759,NA,0.835181,10.765578,11.364024,NA,10.732236,NA,11.115957,0.23587596,0.56782961,NA,0.22126846,NA,0.38926944,0.23663072,0.19982883,NA,0.24476279,NA,0.097974889,0.048597071,0.0028730987,NA,0.048937209,NA,0.04096191,0.22145407,0.031621259,NA,0.23143086,NA,0.11469495,0.23992635,0.092939146,NA,0.24872741,NA,0.12806907,NA,1.4294788,-0.28036109,NA,City
4844430,Waller ISD,2018,48,TX,0,all,all,0,5.5,4462,8,557.75,0,-0.0545645279227474,0.0151742635550511,0.0192466385377575,-0.0498515856788009,0.0136101513614951,0.0179821029345043,Waller ISD,Pre-Kindergarten,12,0,0,0,1,0,0,0,0,0,0,0,0,0,0.2948001,0.7051999,0,554.33331,0.0051112445,0.0078171976,0.53878534,0.096211664,0.32862297,0.63858455,0.081437178,0.72002172,0.67294466,0.50557768,0.13138546,3326,0.056447715,0.029157281,0.060965933,0.02573511,0.16497043,0.046420421,0.014958987,0.016496506,0.1681461,0.060442355,0.018680336,0.019862294,0.1216032,0.06415572,0.1292738,0.07499633,0.33390599,NA,-1.6952844,-0.15558189,NA,0.9800244,10.997383,NA,10.404614,10.818484,NA,11.158033,0.18994553,NA,0.25048026,0.084754638,NA,0.22199881,0.13375573,NA,0.37470958,0.14340621,NA,0.072079502,0.0593541,NA,0.14314632,0.059153326,NA,0.029901864,0.11061141,NA,0.15203923,0.17734534,NA,0.078977704,0.14557065,NA,0.36343333,0.15385513,NA,0.11482684,2.5692964,1.1112596,NA,NA,Rural
4900030,Alpine District,2018,49,UT,0,all,all,0,5.5,33362,5,6672.4,0,0.29355601086685,0.0156285173325991,0.0191224358710262,0.2911298031036424,0.015138045039765,0.0186528607634461,Alpine District,Pre-Kindergarten,12,0.19227965,0.70637119,0.0077719335,0.093577221,0,0,0.19227965,0.70637119,0,0,0.0077719335,0,0,0.092309937,0.001267285,0,6942.6665,0.0029767621,0.0092183603,0.12041482,0.0073458804,0.81231993,0.14109851,0.041488066,0.18258658,0.21183066,0.082522094,0.26675546,41656,0.038979109,0.11203395,0.076734051,0.01856515,0.10769695,0.1241916,0.098954573,0.12096751,0.013099247,0.11898191,0.092793345,0.13020231,0.043373752,0.11767126,0.07267116,0.031289436,1.262249,1.3052831,0.1120184,0.26657018,-0.39498532,1.3789005,11.17575,11.282587,10.99286,10.839223,10.820494,11.201198,0.42626747,0.61496055,0.3411141,0.24527691,0.25757989,0.4415125,0.083445482,0.13879468,0.16324423,0.15656103,0.20484835,0.070493743,0.037129182,0.038708076,0.062798381,0.038730152,0.12962943,0.036133572,0.053745005,0.046249144,0.17517893,0.10959044,0.087273397,0.046416096,0.09593226,0.11701881,0.2282065,0.18252328,0.21167378,0.086865544,1.2234437,1.1018226,-0.011925505,1.5524831,Suburb
5300750,Brinnon School District,2018,53,WA,0,all,all,0,5.5,92,12,7.666666666666667,0,0.0194044300325074,0.0809212397673352,0.0820722866753865,-0.1423607568040389,0.028952906477004402,0.0319658228496944,Brinnon School District,Kindergarten,8,0,0,0,1,0,0,0,0,0,0,0,0,0,1,0,0,6.6666665,0.025,0,0.025,0,0.92500001,0.72058821,0.044117648,0.7647059,0.86956519,0,0.17910448,40,NA,0,0,NA,NA,-7.6520301e-10,1.7313107e-8,1.4788991e-8,NA,0,0,0,NA,0,0,NA,0.12936601,NA,NA,NA,NA,0.33891758,10.675646,NA,NA,NA,NA,10.707926,0.28179982,NA,NA,NA,NA,0.28612363,0.12016446,NA,NA,NA,NA,0.10561917,0.056814507,NA,NA,NA,NA,0.04643961,0.096339546,NA,NA,NA,NA,0.092744768,0.16441137,NA,NA,NA,NA,0.13702375,NA,NA,NA,NA,Rural
5301680,Conway School District,2018,53,WA,0,all,all,0,5.5,608,12,50.66666666666666,0,0.1443394741232706,0.0404399410683537,0.0426966278323734,0.1372592122001347,0.0237077514370901,0.0273056864992391,Conway School District,Kindergarten,8,0,0,0,1,0,0,0,0,0,0,0,0,0,1,0,0,52.833332,0,0.0063091484,0.13564669,0.012618297,0.83596212,0.17660044,0.033112582,0.20971303,0.23278688,0.066815145,0.095768377,317,0,0,NA,0,-2.1924377e-8,1.0300972e-9,4.0800266e-8,2.4286029e-9,0,0,0,0,0,0,NA,0,1.3637018,NA,NA,NA,NA,1.3282701,11.159838,NA,NA,NA,NA,11.162205,0.2919482,NA,NA,NA,NA,0.30058801,0.056965895,NA,NA,NA,NA,0.058399983,0.031721711,NA,NA,NA,NA,0.033800986,0.044455744,NA,NA,NA,NA,0.048692286,0.073039524,NA,NA,NA,NA,0.084058754,NA,NA,NA,NA,Rural
5301890,Curlew School District,2018,53,WA,0,all,all,0,5.5,77,6,12.83333333333333,0,-0.3070264783095846,0.130018888684388,0.1307383823112691,-0.3623201884425932,0.0302552776439673,0.0331500356305303,Curlew School District,Kindergarten,12,0,0,0,1,0,0,0,0,0,0,0,0,0,0,0,1,12.333333,0.027027028,0,0.094594598,0.054054055,0.75675678,0.5,0.13793103,0.63793105,0.69863015,0,0.13218391,74,0,0,0,NA,6.9734818e-9,9.3493746e-9,1.8503718000000002e-17,-5.5133542e-10,0,0,0,0,0,0,0,NA,-0.7405076,NA,NA,NA,NA,-0.27118322,10.542195,NA,NA,NA,NA,10.541502,0.18732221,NA,NA,NA,NA,0.20660666,0.16588335,NA,NA,NA,NA,0.12913351,0.06260927,NA,NA,NA,NA,0.048603408,0.17971887,NA,NA,NA,NA,0.14928104,0.16203186,NA,NA,NA,NA,0.13331878,NA,NA,NA,NA,Rural
5302550,Entiat School District,2018,53,WA,0,all,all,0,5.5,266,11,24.18181818181818,0,-0.3409244993955545,0.0620540228783155,0.0635477375681211,-0.2891735916591559,0.0267918898816314,0.0300224649291383,Entiat School District,Pre-Kindergarten,12,0,0,0,1,0,0,0,0,0,0,0,0,0,0,1,0,24.666666,0.0067567569,0.033783782,0.38513514,0,0.56756759,0.51197392,0.14976572,0.66173959,0.64583331,0.13043478,0.099378884,148,NA,0,0,0,NA,-9.0275014e-9,-1.8903303e-9,-1.4690047e-8,NA,0,0,0,NA,0,0,0,0.32112265,NA,NA,0.060167931,NA,0.42596754,10.713361,NA,NA,10.941456,NA,10.681811,0.20029682,NA,NA,0.0079152826,NA,0.23384842,0.16043052,NA,NA,0.18507126,NA,0.1235346,0.031849775,NA,NA,0.020921256,NA,0.037315801,0.12593251,NA,NA,0.079655781,NA,0.12019734,0.079775319,NA,NA,0.17685144,NA,0.066445448,NA,0.63134223,NA,NA,Rural
5304950,Medical Lake School District,2018,53,WA,0,all,all,0,5.5,1696,12,141.3333333333333,0,0.15748267263424,0.023733311275091,0.0274022491544882,0.1373929503389037,0.0178712671710874,0.0224259944549236,Medical Lake School District,Pre-Kindergarten,12,0,0.22962964,0.5058201,0.26455027,0,0,0,0.22962964,0,0,0.5058201,0,0,0.26455027,0,0,139.16667,0.0047904192,0.017964073,0.11017964,0.016766466,0.75688624,0.22521931,0.13864072,0.36386004,0.41538462,0.006355932,0.12288135,835,-0.040062401,-0.037735518,0.05756861,-0.014562865,0.066565543,0.022608854,0.040438719,0.035012469,0.012202563,0.01729092,0.041581873,0.046864565,0.010316118,0.016192717,-0.015353221,0.0095654614,0.74206698,NA,NA,0.7517072,NA,0.64887077,11.015133,NA,NA,11.047144,NA,10.957966,0.29009387,NA,NA,0.37955451,NA,0.2728714,0.077923678,NA,NA,0.14587623,NA,0.069281034,0.055278759,NA,NA,0.051843062,NA,0.053733077,0.11968417,NA,NA,0.098067954,NA,0.11690827,0.092053011,NA,NA,0.084676258,NA,0.099874467,NA,0.24156345,NA,NA,Town
5305250,Mossyrock School District,2018,53,WA,0,all,all,0,5.5,507,12,42.25,0,-0.2162806495078986,0.0486538915831681,0.0505451714887877,-0.1744679576307497,0.0254964329337882,0.028872324626518,Mossyrock School District,Kindergarten,12,0,0,0,1,0,0,0,0,0,0,0,0,0,0,0,1,43.166668,0.023166023,0.0038610038,0.31660232,0.0038610038,0.64864862,0.57642442,0.06464573,0.64107013,0.68110234,0.11411992,0.20309478,259,0,0,0,0,-2.042545e-8,-9.9967039e-9,-7.0544846e-9,1.4160077e-8,0,0,0,0,0,0,0,0,0.38641563,NA,NA,NA,NA,0.58695143,10.839493,NA,NA,NA,NA,10.864696,0.1450299,NA,NA,NA,NA,0.15993147,0.13698253,NA,NA,NA,NA,0.11568166,0.052892417,NA,NA,NA,NA,0.046863649,0.10824136,NA,NA,NA,NA,0.075869858,0.071004987,NA,NA,NA,NA,0.06019596,NA,NA,NA,NA,Rural
5306480,Othello School District,2018,53,WA,0,all,all,0,5.5,4185,12,348.75,0,-0.5115849047695654,0.019566263897209,0.0238841344314487,-0.5002729601173317,0.0160508634469753,0.0210041246993377,Othello School District,Kindergarten,12,0,0,0.8794502,0.1205498,0,0,0,0,0,0,0,0.8794502,0,0.1205498,0,0,354.83334,0,0.0014091122,0.90652889,9.394082e-4,0.087834664,0.67788416,0.14108865,0.81897277,0.86266094,0.4201318,0.12951602,2129,-0.024437368,-0.0024491746,NA,-0.034812231,0.34192127,0.0097282957,0.0018926598,0.011695573,0.10193293,0.0051801521,0.0022795838,0.0090552187,0.022575468,0.0051667192,NA,0.0059932866,-0.71906757,NA,NA,-1.2919067,NA,0.74119127,10.762772,NA,NA,10.586754000000001,NA,11.033904,0.098884329000000007,NA,NA,0.024523083,NA,0.25185028,0.24678914,NA,NA,0.30353135,NA,0.093567342,0.0671525,NA,NA,0.074172586,NA,0.045438424,0.2062031,NA,NA,0.24277699,NA,0.10403887,0.18645434,NA,NA,0.22740179,NA,0.09950912,NA,1.7758454,NA,NA,Town
5307230,Renton School District,2018,53,WA,0,all,all,0,5.5,14199,12,1183.25,0,-0.0844561568301356,0.0104679550717211,0.0172392365848334,-0.0804561788926928,0.0097632529638109,0.0166992258930539,Renton School District,Pre-Kindergarten,12,0.76501709,0.23498288,0,0,0,0.76501709,0,0.23498288,0,0,0,0,0,0,0,0,1214.6666,0.0031558727,0.24300219,0.2442371,0.14613062,0.25960484,0.40024382,0.11403918,0.514283,0.56262314,0.21555234,0.1579472,7288,0.15735403,0.079584494,0.1489121,0.03989324,0.23046707,0.089276724,0.068633571,0.077485591,0.28110474,0.11262597,0.087679647,0.10134189,0.15025263,0.089639626,0.14102694,0.042971361,0.66518825,1.1778777,-1.048339,-0.039209265,NA,1.0774195,11.131947,11.249938,10.848522000000001,10.88038,NA,11.197072,0.36526656,0.41124833,0.2987279,0.17438637,NA,0.40239862,0.098172821,0.058485378,0.21510135,0.12088699,NA,0.068465002,0.045034852,0.029133892,0.08415819,0.040784217,NA,0.042185929,0.11297166,0.084777355,0.24929501,0.17165996,NA,0.071129091,0.1991358,0.13814132,0.41573578,0.23001668,NA,0.15001936,2.0954015,1.0965418,-0.10852045,NA,City
5309180,University Place School District,2018,53,WA,0,all,all,0,5.5,5040,12,420,0,0.540777575873696,0.0177443318141011,0.0224159431247763,0.5298162324834902,0.0150618722884284,0.0202584064976692,University Place School District,Pre-Kindergarten,12,0,1,0,0,0,0,0,1,0,0,0,0,0,0,0,0,426.66666,0.0046875002,0.087109372,0.15781251,0.089453124,0.47109374,0.29137,0.090210631,0.38158065,0.39302695,0.073199198,0.14945899,2560,0.0041591576,-0.0036575447,-0.014664267,-0.0033213992,0.0067749447,0.0029699383,0.0029056438,0.0079957722,0.0064558601,0.0035198189,0.0035175965,0.010721021,0.003115505,0.0011938115,0.006156221,8.5671246e-4,0.55806714,0.45245525,0.10218503,-0.10130867,NA,0.78857642,11.045414,11.12011,10.786949,10.88422,NA,11.082769,0.38148424,0.42559296,0.28467181,0.22812897,NA,0.4113076,0.10497957,0.19313337,0.095705301,0.12965421,NA,0.081814326,0.054056451,0.05071931,0.029684171,0.062074207,NA,0.051691171,0.11908767,0.087133892,0.12831891,0.16461754,NA,0.099401496,0.19207789,0.13221659,0.33577693,0.18405406,NA,0.16466141,0.73640221,0.88732922,0.16241363,NA,Suburb
5309900,Wilson Creek School District,2018,53,WA,0,all,all,0,5.5,98,8,12.25,0,-0.1679080614278877,0.0907683652018892,0.0917960201537507,-0.1146445523999526,0.0290418948035307,0.0320464458368041,Wilson Creek School District,Kindergarten,12,0,0,0,1,0,0,0,0,0,0,0,0,0,0,0,1,10.166667,0,0,0.19672132,0,0.78688526,0.43046647,0.14304665,0.57351309,0.66176468,0.04964539,0.056737587,61,NA,0,NA,NA,NA,2.3091337e-8,-4.7970072e-10,7.1430604e-9,NA,0,0,0,NA,0,NA,NA,0.097962573,NA,NA,NA,NA,0.3398762,10.67055,NA,NA,NA,NA,10.725448,0.24042761000000001,NA,NA,NA,NA,0.25429615,0.1390662,NA,NA,NA,NA,0.10905141,0.050199337,NA,NA,NA,NA,0.04396319,0.10276589,NA,NA,NA,NA,0.08844021,0.17740855,NA,NA,NA,NA,0.14360483,NA,NA,NA,NA,Rural
5400540,Jackson County Schools,2018,54,WV,0,all,all,0,5.5,4015,12,334.5833333333333,0,-0.0196067434854547,0.0168800429653822,0.0199831551580676,-0.0253413266172715,0.014489417370735,0.0179315834370339,Jackson County Schools,Pre-Kindergarten,12,0,0,0.53457904,0.46542096,0,0,0,0,0,0,0,0.53457904,0,0.28071305,0.18470791,0,343,9.718173e-4,0.0024295433,0.010689991,0.0048590866,0.97230321,0.40825564,0.070581257,0.47883689,0.48382279,0.0038659794,0.19072165,2058,-0.0097069396,0.0032896847,-0.041377068,-0.032958567,0.12423168,0.10466772,0.011240008,0.021428945,0.008914887,0.011227148,0.015020732,0.029182032,0.0090749133,0.011992136,0.003427526,-1.8682331e-4,-0.012931487,NA,NA,NA,NA,-0.009914523,10.624475,NA,NA,NA,NA,10.628681,0.1718809,NA,NA,NA,NA,0.16771676,0.15384379,NA,NA,NA,NA,0.14918767,0.045880046,NA,NA,NA,NA,0.046067845,0.14364609,NA,NA,NA,NA,0.14192353,0.14911026,NA,NA,NA,NA,0.14375503,NA,NA,NA,NA,Town
5400930,Monongalia County Schools,2018,54,WV,0,all,all,0,5.5,9877,12,823.0833333333334,0,0.1109244000819453,0.0126286487088587,0.0165491210573255,0.1173997245781594,0.0115733185815266,0.0156697214973802,Monongalia County Schools,Pre-Kindergarten,12,0.49795884,0.16363327,0,0.3384079,0,0,0.49795884,0,0,0.16363327,0,0,0,0.26662698,0.071780913,0,833.33331,0.0020000001,0.0306,0.023800001,0.0436,0.85100001,0.32400933,0.055234697,0.37924403,0.35748988,0.023388332,0.13837387,5000,-0.0048062704,-0.018573746,0.0076002479,-0.048172221,0.11559032,0.074369192,0.026296781,0.041260932,0.044086494,0.018567381,0.03180344,0.052756041,0.048023589,0.036064819,0.013082377,0.069411732,0.21427169,0.80777937,-1.0676118000000001,0.19734685,NA,0.25573894,10.724494,10.735309,10.315839,10.60838,NA,10.744006,0.41280526,0.7969622,0.33015874,0.38693473,NA,0.39886451,0.20973656,0.22737734,0.3041853,0.22038199,NA,0.19563995,0.067322932,0.072621204,0.10591402,0.051179767,NA,0.062899858,0.095238671,0.055032413,0.19998443,0.095223539,NA,0.092623875,0.14738266,0.025650633,0.22676328,0.12203331,NA,0.15163501,1.3977376,0.2925761,-0.40617976,NA,City
5500017,River Ridge School District,2018,55,WI,0,all,all,0,5.5,471,12,39.25,0,0.295575456289273,0.0443133055363178,0.0456488755262114,0.2506712873334075,0.0301197628224354,0.0320161246232913,River Ridge School District,Pre-Kindergarten,12,0,0,0,1,0,0,0,0,0,0,0,0,0,0,1,0,40.333332,0,0,0.049586777,0,0.91322315,0.36389843,0.066962309,0.43086073,0.47881356,0.014678899,0.15229358,242,NA,0,NA,NA,NA,-2.2703846e-8,7.1713888e-9,-2.0655049e-8,NA,0,0,0,NA,0,NA,NA,0.51820028,NA,NA,NA,NA,0.58414042,10.785892,NA,NA,NA,NA,10.797211,0.14112732,NA,NA,NA,NA,0.1424025,0.13990675,NA,NA,NA,NA,0.11984726,0.02830055,NA,NA,NA,NA,0.029384037,0.094785824,NA,NA,NA,NA,0.089137726,0.077514291,NA,NA,NA,NA,0.075051479,NA,NA,NA,NA,Rural
5500600,Auburndale School District,2018,55,WI,0,all,all,0,5.5,710,12,59.16666666666666,0,0.2275368586375927,0.037267617686202,0.0388461853630109,0.1861944910595033,0.0271837400758863,0.0292709386239611,Auburndale School District,Pre-Kindergarten,12,0,0,0,1,0,0,0,0,0,0,0,0,0,0,1,0,60.166668,0.002770083,0,0.044321328,0.002770083,0.93628812,0.14644456,0.080610551,0.2270551,0.30898875,0.0093457941,0.089953274,361,0,0,0,NA,4.9239681e-8,-4.0490251e-9,1.0693651e-8,6.0676544e-9,0,0,0,0,0,0,0,NA,0.80075204,NA,NA,NA,NA,0.86699104,10.923281,NA,NA,NA,NA,10.93757,0.16871066,NA,NA,NA,NA,0.17181264,0.10111003,NA,NA,NA,NA,0.088572055,0.037142787,NA,NA,NA,NA,0.035635859,0.063303739,NA,NA,NA,NA,0.061256558,0.080517203,NA,NA,NA,NA,0.078870431,NA,NA,NA,NA,Rural
5501770,Elmbrook School District,2018,55,WI,0,all,all,0,5.5,6337,12,528.0833333333334,0,0.7408857169493266,0.0150451800822955,0.0186147316113122,0.7394678188819757,0.0141267481884156,0.0178156430642639,Elmbrook School District,Pre-Kindergarten,12,0,1,0,0,0,0,0,1,0,0,0,0,0,0,0,0,536.66669,0.003726708,0.17639752,0.062111802,0.025776397,0.6857143,0.058051966000000003,0.011149094,0.06920106,0.089218162,0.041014273,0.10059582,3220,0.0040397546,0.0012864234,0.01191608,0.0057888008,0.034067158,0.011385782,0.016024554,0.012265865,0.0082826996,0.005889188,0.0065053022,0.0067708339,0.0063615777,0.0043770387,0.0031506408,0.0023343936,1.9171479,2.7260411,NA,0.5327329,NA,1.8926201,11.449859,11.809887,NA,11.272733,NA,11.410749,0.60577798,0.83562714,NA,0.44552484,NA,0.58760619,0.041703131,0.0059039164,NA,0.14881976,NA,0.042685404,0.029479984,0.025192436,NA,0.058858711,NA,0.024872901,0.03495764,0.0074824183,NA,0.14155218,NA,0.03533968,0.072426677,0.023127766,NA,0.17936781,NA,0.072883189,NA,1.0587395,-0.80984396,NA,Suburb
5501830,Bruce School District,2018,55,WI,0,all,all,0,5.5,386,12,32.16666666666666,0,0.144359402669104,0.0535651592614691,0.0546751961675405,0.1396811983883028,0.0328746210641781,0.0346204106493215,Bruce School District,Pre-Kindergarten,12,0,0,0,1,0,0,0,0,0,0,0,0,0,0,1,0,32.5,0.010256411,0,0.092307694,0.0051282053,0.87179488,0.49943489,0.13196914,0.63140404,0.76683939,0.0091324197,0.14840183,195,0,0,0,NA,2.3830287e-8,1.4901502e-10,-8.5283913e-9,3.1982206e-10,0,0,0,0,0,0,0,NA,0.0075424798,NA,NA,NA,NA,0.14710057000000001,10.645264,NA,NA,NA,NA,10.644863,0.15544085,NA,NA,NA,NA,0.14980133,0.12959208,NA,NA,NA,NA,0.11557472,0.057122644,NA,NA,NA,NA,0.047016222,0.15467753,NA,NA,NA,NA,0.14675769,0.11817703,NA,NA,NA,NA,0.10228649,NA,NA,NA,NA,Rural
5503090,Cumberland School District,2018,55,WI,0,all,all,0,5.5,829,12,69.08333333333333,0,0.0372031924943635,0.0355033091906417,0.0371569072009336,0.0496685516565367,0.0267485522100086,0.0288672334792566,Cumberland School District,Pre-Kindergarten,12,0,0,0,1,0,0,0,0,0,0,0,0,0,0,0,1,69.833336,0.0548926,0.0047732699,0.081145585,0.0071599046,0.84248209,0.34793717,0.080135085,0.42807224,0.50120485,0.04016478,0.17095777,419,0.0014589826,0.0025288612,8.5070729e-5,0.0021884739,0.010254728,0.014198055,0.0028333764,3.5538626e-4,8.5778005e-4,0.0046456158,0.0034017914,4.9120846e-4,8.3498657e-4,0.0041568107,0.0027582087,0.0012524799,0.4800452,NA,NA,NA,NA,0.56733775,10.730197,NA,NA,NA,NA,10.732195,0.23080984,NA,NA,NA,NA,0.24094944,0.11296407,NA,NA,NA,NA,0.10319909,0.043601107,NA,NA,NA,NA,0.042162973,0.12127856,NA,NA,NA,NA,0.10682528,0.088344686,NA,NA,NA,NA,0.084592871,NA,NA,NA,NA,Rural
5505940,Greenfield School District,2018,55,WI,0,all,all,0,5.5,2953,12,246.0833333333333,0,0.0094921189310369,0.0186434285527138,0.0216270251641928,0.0104790062582359,0.0168713826422472,0.0200617964219427,Greenfield School District,Pre-Kindergarten,12,0,1,0,0,0,0,0,1,0,0,0,0,0,0,0,0,247.5,0.0074074073,0.074074075,0.25185186,0.043097641,0.56430978,0.34125331,0.089691296,0.43094462,0.46580908,0.073163763,0.12089168,1485,-0.0060038022,0.0036450576,0.036366105,-0.010265823,0.021204514,0.0032263556,0.00273989,0.008897,0.0081051793,0.0040189512,0.0035822645,0.011986339,-6.6262484e-4,0.0039285519,0.032641135,-0.0046338639,0.38726965,NA,NA,-0.60350633,NA,0.53390324,10.782709,NA,NA,10.668952,NA,10.778151,0.26686284,NA,NA,0.14930372,NA,0.25989181,0.1035358,NA,NA,0.12885822,NA,0.09149491,0.041778576,NA,NA,0.023146266,NA,0.043440256,0.10595437,NA,NA,0.20451063,NA,0.086768277,0.1841078,NA,NA,0.26909262,NA,0.14687017,NA,1.1205999,NA,NA,Suburb
5506600,Hortonville Area School District,2018,55,WI,0,all,all,0,5.5,3435,12,286.25,0,0.3511413062056474,0.016734513885378,0.0200048680133711,0.3480829670791178,0.0154063862943867,0.0188464548938578,Hortonville Area School District,Pre-Kindergarten,12,0,0.30453619,0,0.69546384000000006,0,0,0,0,0.30453619,0,0,0,0,0.69546384000000006,0,0,283.83334,0.0029359953,0.012918379,0.053435113,0.0023487962,0.90780973,0.083031587,0.020934615,0.10396621,0.15058139,0.022426097,0.1335372,1703,-0.014459501,-0.0077797235,-0.040132947,0.019746035,0.1057426,0.033961292,0.009128402,0.015920386,0.0050344849,0.011676458,0.0045694103,0.014408738,0.011078171,0.011982213,0.021251271,-0.0039141513,1.5240141,NA,NA,NA,NA,1.5242248,11.331132,NA,NA,NA,NA,11.320468,0.32525143,NA,NA,NA,NA,0.32254907,0.033742718,NA,NA,NA,NA,0.034291402,0.022309467,NA,NA,NA,NA,0.02170633,0.040128555,NA,NA,NA,NA,0.040171489,0.089190893,NA,NA,NA,NA,0.088332288,NA,NA,NA,NA,Rural
5506870,Iowa-Grant School District,2018,55,WI,0,all,all,0,5.5,668,12,55.66666666666666,0,0.0045756970007425,0.0409824892424331,0.0424230505003899,0.0125197548867752,0.0287391674389628,0.0307208702431929,Iowa-Grant School District,Pre-Kindergarten,12,0,0,0,1,0,0,0,0,0,0,0,0,0,0,0,1,56,0,0.0029761905,0.071428575,0.0059523811,0.91071427,0.28745645,0.12891985,0.41637629,0.48502994,0.025469169,0.17962466,336,0,0,NA,0,8.1197449e-9,9.0006536e-10,-4.4344031e-8,9.9835953e-9,0,0,0,0,0,0,NA,0,0.45997229,NA,NA,NA,NA,0.5002448,10.84063,NA,NA,NA,NA,10.850737,0.18657839,NA,NA,NA,NA,0.19128022,0.11948622,NA,NA,NA,NA,0.1098355,0.037578691,NA,NA,NA,NA,0.035985451,0.11350293,NA,NA,NA,NA,0.11349892,0.12482478,NA,NA,NA,NA,0.12026389,NA,NA,NA,NA,Rural
5507170,Johnson Creek School District,2018,55,WI,0,all,all,0,5.5,531,12,44.25,0,-0.0117427794568949,0.0443812105745369,0.045714796743657,0.0013273517786867,0.0303341757737993,0.0322179195990384,Johnson Creek School District,Pre-Kindergarten,12,0,0,1,0,0,0,0,0,0,0,0.41838351,0.58161646,0,0,0,0,43.666668,0.0038167939,0.015267176,0.1221374,0,0.8206107,0.14508556,0.054009244,0.1990948,0.24719101,0.11114319,0.2871199,262,NA,0,0,0,NA,4.6926276e-9,2.7816812e-8,-1.0448933e-8,NA,0,0,0,NA,0,0,0,1.3216124,NA,NA,NA,NA,1.326286,11.210326,NA,NA,NA,NA,11.202317,0.29526034,NA,NA,NA,NA,0.298159,0.064658597,NA,NA,NA,NA,0.06735871,0.031688657,NA,NA,NA,NA,0.031433087,0.060230725,NA,NA,NA,NA,0.053270277,0.065002955,NA,NA,NA,NA,0.072031789,NA,NA,NA,NA,Town
5507770,Lancaster Community School District,2018,55,WI,0,all,all,0,5.5,828,12,69,0,0.0527822578936142,0.0340737286448719,0.035793431981536,0.0624069404910703,0.0259562208664878,0.0281346321298902,Lancaster Community School District,Pre-Kindergarten,12,0,0,1,0,0,0,0,0,0,0,0,1,0,0,0,0,69,0,0.0024154589,0.019323671,0.021739131,0.93719804,0.27591816,0.10805894,0.38397712,0.41062802,0.0072916667,0.14791666,414,0,0,NA,0,-1.3722082e-8,-1.6498939e-8,1.424557e-8,1.8600665e-10,0,0,0,0,0,0,NA,0,0.64934349,NA,NA,NA,NA,0.65153199,10.822402,NA,NA,NA,NA,10.814238,0.19729534,NA,NA,NA,NA,0.19455674,0.10940214,NA,NA,NA,NA,0.10499687,0.022878237,NA,NA,NA,NA,0.02415533,0.097536482,NA,NA,NA,NA,0.092153244,0.11001738,NA,NA,NA,NA,0.11138057,NA,NA,NA,NA,Town
5509390,Stone Bank School District,2018,55,WI,0,all,all,0,5.5,472,12,39.33333333333334,0,0.6519286413819837,0.0457509839459056,0.0470457577393648,0.6909073855053096,0.0304031272228551,0.0322828478970408,Stone Bank School District,Pre-Kindergarten,8,0,0,0,1,0,0,0,0,0,0,0,0,0,1,0,0,40.5,0,0.0082304524,0.020576132,0,0.95473254,0.082262211,0.019316161,0.10157838,0.12711865,0.0077120825,0.10025707,243,NA,0,NA,0,NA,-3.3393248e-9,-1.6406593e-8,-5.9638454e-9,NA,0,0,0,NA,0,NA,0,1.937122,NA,NA,NA,NA,1.9960101,11.576801,NA,NA,NA,NA,11.595549,0.52955002,NA,NA,NA,NA,0.53415555,0.051375397,NA,NA,NA,NA,0.044305597,0.045437381,NA,NA,NA,NA,0.041100174,0.020597564,NA,NA,NA,NA,0.021603713,0.052133586,NA,NA,NA,NA,0.042486276,NA,NA,NA,NA,Rural
5513500,Sevastopol School District,2018,55,WI,0,all,all,0,5.5,519,12,43.25,0,0.7454932971125748,0.0433231306098914,0.0446883031127184,0.7751776157227841,0.0298711708439817,0.0317823688702509,Sevastopol School District,Pre-Kindergarten,12,0,0,0,1,0,0,0,0,0,0,0,0,0,0,1,0,43.666668,0,0.011450382,0.087786257,0.0038167939,0.89312977,0.21317102,0.045755357,0.25892636,0.34230769,0.054817274,0.14950167,262,0,0,NA,0,2.6643021e-9,-4.136798e-9,5.9076877e-10,-4.049864e-9,0,0,0,0,0,0,NA,0,1.1626562,NA,NA,NA,NA,1.1918435,10.993628,NA,NA,NA,NA,11.004122,0.34647679,NA,NA,NA,NA,0.35423967,0.066467859,NA,NA,NA,NA,0.067889318,0.051003534,NA,NA,NA,NA,0.045821276,0.041955054,NA,NA,NA,NA,0.037549857,0.058203328,NA,NA,NA,NA,0.062470824,NA,NA,NA,NA,Rural
5516470,Weston School District,2018,55,WI,0,all,all,0,5.5,237,12,19.75,0,-0.1870311309650335,0.0612867508623423,0.0622592693541717,-0.1562364113917085,0.0342242121803938,0.0359044401541504,Weston School District,Pre-Kindergarten,12,0,0,0,1,0,0,0,0,0,0,0,0,0,0,1,0,19.666666,0.0084745763,0.025423728,0.025423728,0,0.93220341,0.35731018,0.10210831,0.45941848,0.44537815,0.011538462,0.14615385,118,NA,0,0,0,NA,-3.9815738e-8,3.0243488e-8,-2.291122e-9,NA,0,0,0,NA,0,0,0,0.70321423,NA,NA,NA,NA,0.74075109,10.821513,NA,NA,NA,NA,10.832642,0.1344752,NA,NA,NA,NA,0.1349441,0.084800914,NA,NA,NA,NA,0.08087337,0.026468543,NA,NA,NA,NA,0.028804712,0.11056963,NA,NA,NA,NA,0.10676956,0.076592669,NA,NA,NA,NA,0.071890414,NA,NA,NA,NA,Rural
5516650,Whitehall School District,2018,55,WI,0,all,all,0,5.5,677,12,56.41666666666666,0,-0.0671601497136843,0.0374995382737623,0.0390687363501541,-0.0417506333044859,0.0276147024385217,0.0296716011395147,Whitehall School District,Pre-Kindergarten,12,0,0,0,1,0,0,0,0,0,0,0,0,0,0,0,1,56.666668,0.011764706,0.01764706,0.12352941,0.0058823531,0.82352942,0.3328844,0.091024183,0.42390859,0.50588238,0.053639848,0.12643678,340,0,0,0,0,-1.8388768e-8,-5.4900391e-9,1.3019648e-8,-7.7977029e-9,0,0,0,0,0,0,0,0,0.67902797,NA,NA,NA,NA,0.69835824,10.879492,NA,NA,NA,NA,10.867992,0.17286178,NA,NA,NA,NA,0.17732301,0.086778641,NA,NA,NA,NA,0.084446087,0.025991779,NA,NA,NA,NA,0.028087998,0.10407551,NA,NA,NA,NA,0.10444134,0.11816572,NA,NA,NA,NA,0.10717928,NA,NA,NA,NA,Rural
5517040,Wisconsin Dells School District,2018,55,WI,0,all,all,0,5.5,1616,12,134.6666666666667,0,0.0852902479925067,0.0273784166865394,0.0294911595145777,0.0798891952055325,0.0226045995143613,0.0250758856796528,Wisconsin Dells School District,Pre-Kindergarten,12,0,0,0.9444769,0.055523086,0,0,0,0,0,0,0,0.9444769,0,0,0.055523086,0,136.66667,0.062195122,0.0060975607,0.21463415,0.0060975607,0.67073172,0.43179858,0.077092566,0.50889117,0.58096415,0.23588124,0.29810756,820,-0.0035501521,0.014220983,1.0477503e-4,0.0022888184,0.060244128,0.038122658,7.8959629e-4,0.0063800337,0.0088291764,0.037100442,0.0010855582,0.0080518108,0.0084116058,0.034053173,0.010693674,0.018783292,0.33481294,NA,NA,NA,-1.0066222,0.38405767,10.749486,NA,NA,NA,10.402542,10.744086,0.20380501,NA,NA,NA,0.13080408,0.20569296,0.12614849,NA,NA,NA,0.23092967,0.11495365,0.028745152,NA,NA,NA,0.098634809,0.026509065,0.12924121,NA,NA,NA,0.084946059,0.13053611,0.14561486,NA,NA,NA,0.30976373,0.13358426,NA,NA,NA,1.4390818,Town
5601980,Laramie County School District #1,2018,56,WY,0,all,all,0,5.5,13385,12,1115.416666666667,0,0.0172249865382847,0.0091592870627438,0.0122999585314732,0.0154142503560225,0.0082116152281719,0.0115766636684727,Laramie County School District #1,Pre-Kindergarten,12,0.82000422,0.077020466,0,0.10297531,0,0,0.82000422,0,0,0.077020466,0,0,0,0.095167756,0.0078075542,0,1125.3334,0.0074052131,0.011255925,0.20349526,0.026214454,0.70823461,0.32830825,0.10422588,0.43253413,1,0.024618415,0.13012591,6752,0,0,0,NA,0.078573808,0.07034754,0.10930321,NA,0.022224927,0.070864037,0.13315213,NA,0.036678784,0.070537001,0.059815545,-0.031153074,0.63950819,NA,0.8475557,-0.6498363,NA,0.83576936,10.970222,NA,11.175263,10.63006,NA,11.002636,0.29080263,NA,0.15226322,0.12187099,NA,0.31979048,0.099942818,NA,0.075026989,0.18418565,NA,0.086244956,0.054401077,NA,0.016458753,0.067094028,NA,0.049441848,0.072924368,NA,0.10876457,0.15808748,NA,0.060484882,0.15691364,NA,0.11579099,0.27037942,NA,0.1368707,0.089451142,1.4514574,NA,NA,City
5604510,Natrona County School District #1,2018,56,WY,0,all,all,0,5.5,11960,12,996.6666666666666,0,0.1129968160683112,0.0095798727518645,0.0126162752950358,0.1138494827370895,0.0083047834853089,0.0116429354449491,Natrona County School District #1,Pre-Kindergarten,12,0.92053926,0.036981247,0,0.042479474,0,0,0.92053926,0,0,0.036981247,0,0,0,0.019206146,0.013331325,0.0099420054,1019.8333,0.0089883972,0.009151822,0.13008662,0.013400882,0.80290896,0.29196328,0.08209268,0.37405595,0.41093829,0.02071251,0.13647662,6119,0.074312575,0.070981309,0.11058003,-0.050329398,0.14058633,0.057027169,0.071239293,0.088747181,0.031813808,0.049599845,0.085323609,0.11362915,0.066694804,0.052509557,0.075406268,-0.019235358,0.58745432,NA,NA,0.2304592,NA,0.69045311,10.916621,NA,NA,10.793778,NA,10.934623,0.22680199,NA,NA,0.11245143,NA,0.23830506,0.096682504,NA,NA,0.15326421,NA,0.088694066,0.046089999,NA,NA,0.036945641,NA,0.041434508,0.067599952,NA,NA,0.075763226,NA,0.058614932,0.16194071,NA,NA,0.16981564,NA,0.15693152,NA,0.5078091,NA,NA,City
